Date,Open,High,Low,Close,Volume,Asset
2020-01-01,7194.89208984375,7254.33056640625,7174.9443359375,7200.17431640625,18565664997,BTC
2020-01-02,7202.55126953125,7212.1552734375,6935.27001953125,6985.47021484375,20802083465,BTC
2020-01-03,6984.4287109375,7413.71533203125,6914.99609375,7344.88427734375,28111481032,BTC
2020-01-04,7345.37548828125,7427.3857421875,7309.51416015625,7410.65673828125,18444271275,BTC
2020-01-05,7410.45166015625,7544.4970703125,7400.53564453125,7411.3173828125,19725074095,BTC
2020-01-06,7410.4521484375,7781.8671875,7409.29296875,7769.21923828125,23276261598,BTC
2020-01-07,7768.68212890625,8178.2158203125,7768.2275390625,8163.6923828125,28767291327,BTC
2020-01-08,8161.935546875,8396.73828125,7956.7744140625,8079.86279296875,31672559265,BTC
2020-01-09,8082.2958984375,8082.2958984375,7842.40380859375,7879.0712890625,24045990466,BTC
2020-01-10,7878.3076171875,8166.55419921875,7726.77490234375,8166.55419921875,28714583844,BTC
2020-01-11,8162.19091796875,8218.359375,8029.64208984375,8037.53759765625,25521165085,BTC
2020-01-12,8033.26171875,8200.0634765625,8009.05908203125,8192.494140625,22903438381,BTC
2020-01-13,8189.77197265625,8197.7880859375,8079.70068359375,8144.1943359375,22482910688,BTC
2020-01-14,8140.93310546875,8879.51171875,8140.93310546875,8827.7646484375,44841784107,BTC
2020-01-15,8825.34375,8890.1171875,8657.1875,8807.0107421875,40102834650,BTC
2020-01-16,8812.4814453125,8846.4609375,8612.095703125,8723.7861328125,31313981931,BTC
2020-01-17,8725.2099609375,8958.1220703125,8677.31640625,8929.0380859375,36372139320,BTC
2020-01-18,8927.2119140625,9012.1982421875,8827.33203125,8942.80859375,32337772627,BTC
2020-01-19,8941.4453125,9164.3623046875,8620.080078125,8706.2451171875,34217320471,BTC
2020-01-20,8704.6318359375,8745.5908203125,8560.4736328125,8657.642578125,26422375678,BTC
2020-01-21,8658.9912109375,8755.7060546875,8544.5205078125,8745.89453125,24097418512,BTC
2020-01-22,8744.2109375,8792.994140625,8636.7470703125,8680.8759765625,22600204051,BTC
2020-01-23,8680.650390625,8687.7470703125,8333.6376953125,8406.515625,25770680779,BTC
2020-01-24,8405.5673828125,8514.6669921875,8266.8408203125,8445.4345703125,24397913026,BTC
2020-01-25,8440.119140625,8458.453125,8296.21875,8367.84765625,19647331549,BTC
2020-01-26,8364.41015625,8602.4013671875,8325.498046875,8596.830078125,22177678796,BTC
2020-01-27,8597.30859375,8977.7265625,8597.30859375,8909.8193359375,28647338393,BTC
2020-01-28,8912.5244140625,9358.58984375,8908.447265625,9358.58984375,34398744403,BTC
2020-01-29,9357.470703125,9406.431640625,9269.4677734375,9316.6298828125,30682598115,BTC
2020-01-30,9316.0166015625,9553.1259765625,9230.8974609375,9508.9931640625,32378792851,BTC
2020-01-31,9508.3134765625,9521.7060546875,9230.7763671875,9350.529296875,29432489719,BTC
2020-02-01,9346.357421875,9439.3232421875,9313.2392578125,9392.875,25922656496,BTC
2020-02-02,9389.8203125,9468.7978515625,9217.82421875,9344.365234375,30835736946,BTC
2020-02-03,9344.68359375,9540.3720703125,9248.6337890625,9293.521484375,30934096509,BTC
2020-02-04,9292.841796875,9331.265625,9112.8115234375,9180.962890625,29893183716,BTC
2020-02-05,9183.416015625,9701.2998046875,9163.7041015625,9613.423828125,35222060874,BTC
2020-02-06,9617.8212890625,9824.619140625,9539.818359375,9729.8017578125,37628823716,BTC
2020-02-07,9726.0029296875,9834.716796875,9726.0029296875,9795.943359375,34522718159,BTC
2020-02-08,9793.0703125,9876.7490234375,9678.91015625,9865.119140625,35172043762,BTC
2020-02-09,9863.89453125,10129.435546875,9850.392578125,10116.673828125,35807884663,BTC
2020-02-10,10115.5595703125,10165.765625,9784.5634765625,9856.611328125,39386548075,BTC
2020-02-11,9855.8916015625,10210.052734375,9729.3349609375,10208.236328125,37648059389,BTC
2020-02-12,10202.3876953125,10393.611328125,10202.3876953125,10326.0546875,43444303830,BTC
2020-02-13,10323.9609375,10457.626953125,10116.1611328125,10214.3798828125,49356071373,BTC
2020-02-14,10211.55078125,10321.99609375,10125.5341796875,10312.1162109375,43338264162,BTC
2020-02-15,10313.8564453125,10341.5556640625,9874.427734375,9889.4248046875,43865054831,BTC
2020-02-16,9889.1796875,10053.96875,9722.38671875,9934.43359375,43374780305,BTC
2020-02-17,9936.560546875,9938.8154296875,9507.6376953125,9690.142578125,45998298413,BTC
2020-02-18,9691.23046875,10161.935546875,9632.3828125,10141.99609375,47271023953,BTC
2020-02-19,10143.798828125,10191.67578125,9611.2236328125,9633.38671875,46992019710,BTC
2020-02-20,9629.3251953125,9643.216796875,9507.900390625,9608.4755859375,44925260237,BTC
2020-02-21,9611.7822265625,9723.0146484375,9589.7431640625,9686.44140625,40930547513,BTC
2020-02-22,9687.70703125,9698.2314453125,9600.728515625,9663.181640625,35838025154,BTC
2020-02-23,9663.318359375,9937.404296875,9657.791015625,9924.515625,41185185761,BTC
2020-02-24,9921.5830078125,9951.74609375,9537.04296875,9650.1748046875,45080496648,BTC
2020-02-25,9651.3125,9652.7373046875,9305.021484375,9341.705078125,42515259129,BTC
2020-02-26,9338.2900390625,9354.7783203125,8704.4267578125,8820.5224609375,50420050762,BTC
2020-02-27,8825.09375,8932.892578125,8577.19921875,8784.494140625,45470195695,BTC
2020-02-28,8788.728515625,8890.4560546875,8492.9326171875,8672.455078125,44605450443,BTC
2020-02-29,8671.212890625,8775.6318359375,8599.5087890625,8599.5087890625,35792392544,BTC
2020-03-01,8599.7587890625,8726.796875,8471.212890625,8562.4541015625,35349164300,BTC
2020-03-02,8563.2646484375,8921.30859375,8532.630859375,8869.669921875,42857674409,BTC
2020-03-03,8865.3876953125,8901.5986328125,8704.990234375,8787.7861328125,42386715821,BTC
2020-03-04,8788.5419921875,8843.3662109375,8712.431640625,8755.24609375,34746706368,BTC
2020-03-05,8760.28515625,9142.0546875,8757.25390625,9078.7626953125,39698054597,BTC
2020-03-06,9078.30859375,9167.6953125,9032.0791015625,9122.5458984375,40826885651,BTC
2020-03-07,9121.6005859375,9163.220703125,8890.744140625,8909.9541015625,36216930370,BTC
2020-03-08,8908.2060546875,8914.34375,8105.2529296875,8108.1162109375,39973102121,BTC
2020-03-09,8111.146484375,8177.79345703125,7690.09814453125,7923.64453125,46936995808,BTC
2020-03-10,7922.14697265625,8136.9453125,7814.76318359375,7909.7294921875,42213940994,BTC
2020-03-11,7910.08984375,7950.814453125,7642.8125,7911.43017578125,38682762605,BTC
2020-03-12,7913.6162109375,7929.1162109375,4860.35400390625,4970.7880859375,53980357243,BTC
2020-03-13,5017.8310546875,5838.11474609375,4106.98095703125,5563.70703125,74156772075,BTC
2020-03-14,5573.07763671875,5625.2265625,5125.0693359375,5200.3662109375,36154506008,BTC
2020-03-15,5201.06689453125,5836.64501953125,5169.283203125,5392.31494140625,33997889639,BTC
2020-03-16,5385.2294921875,5385.2294921875,4575.35791015625,5014.47998046875,45368026430,BTC
2020-03-17,5002.578125,5371.3486328125,4981.9091796875,5225.62939453125,38622642935,BTC
2020-03-18,5227.11376953125,5331.833984375,5069.3359375,5238.4384765625,37878801016,BTC
2020-03-19,5245.41650390625,6329.73583984375,5236.96875,6191.19287109375,51000731797,BTC
2020-03-20,6191.65380859375,6844.26171875,5865.78173828125,6198.7783203125,54442976103,BTC
2020-03-21,6206.521484375,6378.13525390625,5932.8232421875,6185.06640625,42494390880,BTC
2020-03-22,6185.55810546875,6359.697265625,5823.7138671875,5830.2548828125,40099664740,BTC
2020-03-23,5831.37451171875,6443.9345703125,5785.00439453125,6416.31494140625,46491916000,BTC
2020-03-24,6436.642578125,6789.02294921875,6411.06640625,6734.8037109375,48221910672,BTC
2020-03-25,6738.716796875,6892.51123046875,6536.92626953125,6681.06298828125,44590107888,BTC
2020-03-26,6675.1708984375,6735.4638671875,6590.962890625,6716.4404296875,35319797642,BTC
2020-03-27,6719.38916015625,6793.83642578125,6466.70166015625,6469.79833984375,34585598367,BTC
2020-03-28,6467.25390625,6467.5009765625,6117.837890625,6242.19384765625,34885225901,BTC
2020-03-29,6245.62451171875,6250.46728515625,5920.0859375,5922.04296875,28373690931,BTC
2020-03-30,5925.53857421875,6517.19580078125,5903.234375,6429.841796875,37101651525,BTC
2020-03-31,6430.6064453125,6504.51513671875,6374.162109375,6438.64453125,32786468812,BTC
2020-04-01,6437.3193359375,6612.57373046875,6202.37353515625,6606.7763671875,40346426266,BTC
2020-04-02,6606.7763671875,7088.24755859375,6595.91845703125,6793.62451171875,47660646124,BTC
2020-04-03,6797.396484375,7003.220703125,6673.3359375,6733.38720703125,38976504903,BTC
2020-04-04,6738.3828125,6878.95361328125,6696.48486328125,6867.52734375,33185988584,BTC
2020-04-05,6862.53759765625,6883.4140625,6715.92919921875,6791.12939453125,29510409856,BTC
2020-04-06,6788.0498046875,7271.78125,6782.8896484375,7271.78125,46896904615,BTC
2020-04-07,7273.64404296875,7427.939453125,7136.71435546875,7176.41455078125,44243482668,BTC
2020-04-08,7179.283203125,7356.2236328125,7153.3056640625,7334.0986328125,37563249549,BTC
2020-04-09,7337.96630859375,7341.4482421875,7179.09423828125,7302.08935546875,34815139178,BTC
2020-04-10,7303.8154296875,7303.8154296875,6802.47509765625,6865.4931640625,43622840992,BTC
2020-04-11,6867.4404296875,6926.06982421875,6789.9208984375,6859.0830078125,31222085946,BTC
2020-04-12,6858.06787109375,7119.947265625,6811.078125,6971.091796875,35759567632,BTC
2020-04-13,6965.61669921875,6965.61669921875,6668.259765625,6845.03759765625,38619308647,BTC
2020-04-14,6843.28173828125,6958.55712890625,6793.8212890625,6842.427734375,34110434052,BTC
2020-04-15,6845.5615234375,6928.66455078125,6633.40283203125,6642.10986328125,32288311031,BTC
2020-04-16,6640.4541015625,7134.45068359375,6555.50439453125,7116.80419921875,46783242377,BTC
2020-04-17,7116.552734375,7167.18310546875,7050.33203125,7096.1845703125,32513423567,BTC
2020-04-18,7092.29150390625,7269.95654296875,7089.2470703125,7257.6650390625,32447188386,BTC
2020-04-19,7260.92236328125,7280.52197265625,7167.0546875,7189.4248046875,31311210215,BTC
2020-04-20,7186.87353515625,7240.29052734375,6835.5029296875,6881.95849609375,37747113936,BTC
2020-04-21,6879.7841796875,6934.5517578125,6834.4423828125,6880.3232421875,32589741511,BTC
2020-04-22,6879.4404296875,7145.86572265625,6867.78173828125,7117.20751953125,33249153866,BTC
2020-04-23,7121.30615234375,7491.78515625,7081.5947265625,7429.724609375,43500782316,BTC
2020-04-24,7434.181640625,7574.19580078125,7434.181640625,7550.90087890625,34636526286,BTC
2020-04-25,7550.48291015625,7641.36376953125,7521.67236328125,7569.93603515625,32941541447,BTC
2020-04-26,7570.13916015625,7700.59423828125,7561.40771484375,7679.8671875,33070154491,BTC
2020-04-27,7679.4189453125,7795.60107421875,7679.4189453125,7795.60107421875,36162144725,BTC
2020-04-28,7796.97021484375,7814.52734375,7730.806640625,7807.05859375,33187959921,BTC
2020-04-29,7806.71240234375,8871.75390625,7786.04931640625,8801.0380859375,60201052203,BTC
2020-04-30,8797.669921875,9440.650390625,8533.255859375,8658.5537109375,66964629541,BTC
2020-05-01,8672.7822265625,9048.0234375,8667.763671875,8864.7666015625,44068389997,BTC
2020-05-02,8869.0576171875,9007.1875,8811.3662109375,8988.5966796875,40134388683,BTC
2020-05-03,8983.6142578125,9167.78125,8830.9716796875,8897.46875,47101785174,BTC
2020-05-04,8895.7451171875,8956.90625,8645.0244140625,8912.654296875,45718796276,BTC
2020-05-05,8912.83203125,9062.4150390625,8856.8271484375,9003.0703125,43148462663,BTC
2020-05-06,9007.44140625,9411.4677734375,8966.7060546875,9268.76171875,49371886931,BTC
2020-05-07,9261.8955078125,9992.6640625,9138.322265625,9951.5185546875,61112700562,BTC
2020-05-08,9936.162109375,9996.7431640625,9767.1728515625,9842.666015625,51780748042,BTC
2020-05-09,9840.90625,9913.86328125,9580.64453125,9593.896484375,46566121841,BTC
2020-05-10,9591.1689453125,9595.5810546875,8395.107421875,8756.4306640625,63325279337,BTC
2020-05-11,8755.53515625,9033.470703125,8374.3232421875,8601.7958984375,57119858802,BTC
2020-05-12,8610.3857421875,8949.8984375,8569.6435546875,8804.4775390625,42142717533,BTC
2020-05-13,8805.3876953125,9317.87890625,8805.3876953125,9269.9873046875,45558144023,BTC
2020-05-14,9271.3291015625,9793.2685546875,9255.03515625,9733.7216796875,56426907637,BTC
2020-05-15,9734.291015625,9755.828125,9261.3984375,9328.197265625,48158802327,BTC
2020-05-16,9333.240234375,9564.205078125,9260.6943359375,9377.013671875,36164766408,BTC
2020-05-17,9374.9296875,9823.001953125,9349.5458984375,9670.7392578125,40084250663,BTC
2020-05-18,9675.6953125,9906.0302734375,9570.359375,9726.5751953125,41827139896,BTC
2020-05-19,9727.0634765625,9836.0478515625,9539.6240234375,9729.0380859375,39254288955,BTC
2020-05-20,9725.3291015625,9804.7939453125,9447.201171875,9522.9814453125,36546239703,BTC
2020-05-21,9522.740234375,9555.2421875,8869.9306640625,9081.76171875,39326160532,BTC
2020-05-22,9080.3349609375,9232.9365234375,9008.638671875,9182.5771484375,29810773699,BTC
2020-05-23,9185.0625,9302.501953125,9118.1083984375,9209.287109375,27727866812,BTC
2020-05-24,9212.283203125,9288.404296875,8787.2509765625,8790.3681640625,32518803300,BTC
2020-05-25,8786.107421875,8951.005859375,8719.66796875,8906.9345703125,31288157264,BTC
2020-05-26,8909.5859375,8991.9677734375,8757.2939453125,8835.052734375,29584186947,BTC
2020-05-27,8837.380859375,9203.3203125,8834.1572265625,9181.017578125,32740536902,BTC
2020-05-28,9184.9453125,9546.3193359375,9148.45703125,9525.7509765625,34367073114,BTC
2020-05-29,9528.35546875,9573.6669921875,9379.3388671875,9439.1240234375,32896642044,BTC
2020-05-30,9438.9140625,9704.0302734375,9366.7294921875,9700.4140625,32722975141,BTC
2020-05-31,9700.10546875,9700.34375,9432.296875,9461.05859375,27773290299,BTC
2020-06-01,9463.60546875,10199.5654296875,9450.8994140625,10167.2685546875,35198901068,BTC
2020-06-02,10162.9736328125,10182.3408203125,9460.5712890625,9529.8037109375,39137252109,BTC
2020-06-03,9533.7607421875,9682.859375,9471.8466796875,9656.7177734375,25007459262,BTC
2020-06-04,9655.8544921875,9887.6103515625,9525.2470703125,9800.63671875,25921805072,BTC
2020-06-05,9800.2158203125,9869.2373046875,9663.216796875,9665.533203125,23509628646,BTC
2020-06-06,9664.904296875,9773.431640625,9591.0244140625,9653.6796875,20438419222,BTC
2020-06-07,9653.0029296875,9768.498046875,9458.150390625,9758.8525390625,25015250846,BTC
2020-06-08,9760.0634765625,9782.306640625,9675.8857421875,9771.4892578125,21486346312,BTC
2020-06-09,9774.3603515625,9836.369140625,9664.7197265625,9795.7001953125,23717842783,BTC
2020-06-10,9794.119140625,9908.896484375,9728.291015625,9870.0947265625,25706567601,BTC
2020-06-11,9870.078125,9938.2978515625,9263.0693359375,9321.78125,30247143440,BTC
2020-06-12,9320.6904296875,9540.4658203125,9285.8515625,9480.84375,22610564515,BTC
2020-06-13,9480.7353515625,9493.2119140625,9396.009765625,9475.27734375,17564322315,BTC
2020-06-14,9477.5537109375,9482.2705078125,9347.59375,9386.7880859375,18991732746,BTC
2020-06-15,9386.03515625,9504.8603515625,8990.17578125,9450.7021484375,26699704768,BTC
2020-06-16,9454.2666015625,9579.4306640625,9400.4453125,9538.0244140625,21565537209,BTC
2020-06-17,9533.7841796875,9540.4228515625,9327.33984375,9480.2548828125,20177709879,BTC
2020-06-18,9481.5673828125,9482.7822265625,9328.3955078125,9411.8408203125,17770083003,BTC
2020-06-19,9410.2939453125,9440.8759765625,9274.2958984375,9288.0185546875,19632223107,BTC
2020-06-20,9290.9599609375,9394.9716796875,9247.3798828125,9332.3408203125,17130541557,BTC
2020-06-21,9330.9267578125,9401.107421875,9300.4306640625,9303.6298828125,15324301169,BTC
2020-06-22,9300.9150390625,9655.0732421875,9296.8720703125,9648.7177734375,21104009514,BTC
2020-06-23,9644.076171875,9670.541015625,9547.2470703125,9629.658203125,17006433272,BTC
2020-06-24,9632.1494140625,9680.3671875,9278.2333984375,9313.6103515625,18961716076,BTC
2020-06-25,9314.126953125,9340.1611328125,9095.32421875,9264.8134765625,18616048626,BTC
2020-06-26,9260.9951171875,9310.5166015625,9101.73828125,9162.91796875,18341465837,BTC
2020-06-27,9167.82421875,9207.810546875,8998.216796875,9045.390625,17273093144,BTC
2020-06-28,9048.4609375,9197.546875,8975.525390625,9143.58203125,14560870760,BTC
2020-06-29,9140.029296875,9237.5732421875,9041.8759765625,9190.8544921875,16460547078,BTC
2020-06-30,9185.5810546875,9217.8359375,9084.837890625,9137.9931640625,15735797744,BTC
2020-07-01,9145.9853515625,9309.7548828125,9104.7353515625,9228.3251953125,15971550355,BTC
2020-07-02,9231.1396484375,9274.962890625,9036.623046875,9123.41015625,16338916796,BTC
2020-07-03,9124.8427734375,9202.3447265625,9058.794921875,9087.3037109375,13078970999,BTC
2020-07-04,9084.2333984375,9183.2958984375,9053.6298828125,9132.48828125,12290528515,BTC
2020-07-05,9126.0908203125,9162.18359375,8977.015625,9073.9423828125,12903406143,BTC
2020-07-06,9072.849609375,9375.474609375,9058.6640625,9375.474609375,17889263252,BTC
2020-07-07,9349.1611328125,9360.6171875,9201.8154296875,9252.27734375,13839652595,BTC
2020-07-08,9253.0205078125,9450.3359375,9249.5,9428.3330078125,19702359883,BTC
2020-07-09,9427.994140625,9431.37890625,9234.9990234375,9277.9677734375,18000702524,BTC
2020-07-10,9273.357421875,9287.4716796875,9118.001953125,9278.8076171875,16860035605,BTC
2020-07-11,9277.51171875,9293.5322265625,9199.4853515625,9240.3466796875,13249910444,BTC
2020-07-12,9241.0546875,9319.4189453125,9197.4501953125,9276.5,14452361907,BTC
2020-07-13,9277.205078125,9306.4052734375,9224.29296875,9243.6142578125,17519821266,BTC
2020-07-14,9238.703125,9283.841796875,9171.6611328125,9243.2138671875,18085038362,BTC
2020-07-15,9241.8974609375,9275.3251953125,9171.93359375,9192.8369140625,15844731575,BTC
2020-07-16,9191.98046875,9214.3125,9088.947265625,9132.2275390625,15713967523,BTC
2020-07-17,9131.8125,9182.25390625,9089.2021484375,9151.392578125,13944570749,BTC
2020-07-18,9151.18359375,9230.9833984375,9100.82421875,9159.0400390625,12252601475,BTC
2020-07-19,9158.005859375,9201.3984375,9097.6328125,9185.8173828125,12939002784,BTC
2020-07-20,9187.220703125,9214.2705078125,9137.509765625,9164.2314453125,13755604146,BTC
2020-07-21,9162.5146484375,9407.2626953125,9149.3896484375,9374.8876953125,18069581956,BTC
2020-07-22,9375.080078125,9530.5185546875,9319.6533203125,9525.36328125,16532254884,BTC
2020-07-23,9527.1416015625,9610.2470703125,9483.00390625,9581.072265625,18146399002,BTC
2020-07-24,9585.5146484375,9623.3369140625,9481.4541015625,9536.892578125,16552768325,BTC
2020-07-25,9539.4853515625,9704.556640625,9530.2119140625,9677.11328125,16610070933,BTC
2020-07-26,9680.234375,10023.8076171875,9652.84765625,9905.1669921875,20507998997,BTC
2020-07-27,9905.2177734375,11298.2216796875,9903.9697265625,10990.873046875,35359749590,BTC
2020-07-28,11017.4638671875,11204.3271484375,10632.6318359375,10912.8232421875,28766551142,BTC
2020-07-29,10912.953125,11304.3974609375,10856.1416015625,11100.4677734375,24617249715,BTC
2020-07-30,11099.8330078125,11169.3564453125,10895.455078125,11111.2138671875,22857247901,BTC
2020-07-31,11110.2109375,11415.8642578125,10987.0537109375,11323.466796875,23160469766,BTC
2020-08-01,11322.5703125,11794.775390625,11239.6826171875,11759.5927734375,26075670303,BTC
2020-08-02,11758.7646484375,12034.14453125,11018.1298828125,11053.6142578125,27410067336,BTC
2020-08-03,11043.7685546875,11453.0791015625,11012.4150390625,11246.3486328125,20271713443,BTC
2020-08-04,11246.203125,11385.3818359375,11094.1455078125,11205.892578125,21250197042,BTC
2020-08-05,11203.8232421875,11786.6171875,11158.28515625,11747.0224609375,24411254471,BTC
2020-08-06,11749.87109375,11902.3359375,11598.7138671875,11779.7734375,23400740340,BTC
2020-08-07,11778.89453125,11898.0380859375,11408.59375,11601.47265625,23132312867,BTC
2020-08-08,11604.5537109375,11800.064453125,11558.431640625,11754.0458984375,17572057837,BTC
2020-08-09,11737.3251953125,11806.056640625,11548.7841796875,11675.7392578125,17489608833,BTC
2020-08-10,11662.2568359375,12045.140625,11662.2568359375,11878.111328125,26114112569,BTC
2020-08-11,11881.6474609375,11932.7109375,11195.708984375,11410.525390625,27039782640,BTC
2020-08-12,11404.5966796875,11748.396484375,11249.60546875,11584.9345703125,25064548486,BTC
2020-08-13,11588.4052734375,11796.396484375,11216.8720703125,11784.1376953125,27522199497,BTC
2020-08-14,11772.6591796875,12150.994140625,11685.455078125,11768.87109375,24237958589,BTC
2020-08-15,11768.697265625,11963.203125,11768.697265625,11865.6982421875,23354924400,BTC
2020-08-16,11866.685546875,11934.9013671875,11737.1884765625,11892.8037109375,20583375490,BTC
2020-08-17,11895.658203125,12359.056640625,11806.6962890625,12254.40234375,28227687027,BTC
2020-08-18,12251.8955078125,12335.70703125,11954.525390625,11991.2333984375,26043227672,BTC
2020-08-19,11990.884765625,12028.923828125,11687.3330078125,11758.283203125,24502851117,BTC
2020-08-20,11761.5,11900.4111328125,11710.0634765625,11878.3720703125,20175242945,BTC
2020-08-21,11878.0263671875,11899.259765625,11564.9794921875,11592.4892578125,23762425999,BTC
2020-08-22,11585.4775390625,11689.4072265625,11448.8056640625,11681.8251953125,20224191306,BTC
2020-08-23,11679.6962890625,11713.4296875,11559.9208984375,11664.84765625,18482062658,BTC
2020-08-24,11663.689453125,11807.6318359375,11623.25,11774.595703125,20681511755,BTC
2020-08-25,11773.5888671875,11778.2998046875,11189.8505859375,11366.134765625,26301509932,BTC
2020-08-26,11366.89453125,11530.052734375,11296.9931640625,11488.36328125,22466660958,BTC
2020-08-27,11485.6083984375,11570.7861328125,11185.94140625,11323.3974609375,23240415076,BTC
2020-08-28,11325.2958984375,11545.615234375,11316.4228515625,11542.5,19807127588,BTC
2020-08-29,11541.0546875,11585.640625,11466.29296875,11506.865234375,17485597759,BTC
2020-08-30,11508.7138671875,11715.2646484375,11492.3818359375,11711.505859375,19760127945,BTC
2020-08-31,11713.306640625,11768.876953125,11598.318359375,11680.8203125,22285928250,BTC
2020-09-01,11679.31640625,12067.0810546875,11601.12890625,11970.478515625,27311555343,BTC
2020-09-02,11964.8232421875,11964.8232421875,11290.7939453125,11414.0341796875,28037405299,BTC
2020-09-03,11407.19140625,11443.0224609375,10182.46484375,10245.296875,31927261555,BTC
2020-09-04,10230.365234375,10663.919921875,10207.9404296875,10511.8134765625,29965130374,BTC
2020-09-05,10512.5302734375,10581.5712890625,9946.67578125,10169.5673828125,44916565292,BTC
2020-09-06,10167.216796875,10353.927734375,10056.8857421875,10280.3515625,37071460174,BTC
2020-09-07,10280.998046875,10399.1533203125,9916.4931640625,10369.5634765625,33703098409,BTC
2020-09-08,10369.306640625,10414.775390625,9945.1103515625,10131.5166015625,33430927462,BTC
2020-09-09,10134.1513671875,10350.54296875,10017.2509765625,10242.34765625,24128292755,BTC
2020-09-10,10242.330078125,10503.912109375,10238.1357421875,10363.138671875,54406443211,BTC
2020-09-11,10369.0283203125,10434.9228515625,10140.8369140625,10400.9150390625,45201121775,BTC
2020-09-12,10409.861328125,10578.837890625,10292.38671875,10442.1708984375,36750077324,BTC
2020-09-13,10452.3994140625,10577.21484375,10224.330078125,10323.755859375,36506852789,BTC
2020-09-14,10328.734375,10800.0107421875,10266.0087890625,10680.837890625,35453581940,BTC
2020-09-15,10677.7548828125,10938.6318359375,10656.4599609375,10796.951171875,32509451925,BTC
2020-09-16,10797.76171875,11100.1240234375,10704.884765625,10974.9052734375,30769986455,BTC
2020-09-17,10973.251953125,11037.4208984375,10774.6279296875,10948.990234375,38151810523,BTC
2020-09-18,10951.8203125,11034.908203125,10829.6572265625,10944.5859375,26341903912,BTC
2020-09-19,10933.7529296875,11134.0927734375,10909.6181640625,11094.3466796875,22764204008,BTC
2020-09-20,11095.8701171875,11095.8701171875,10814.4775390625,10938.271484375,24699523788,BTC
2020-09-21,10934.92578125,10988.3046875,10380.2607421875,10462.259765625,28884999244,BTC
2020-09-22,10459.6240234375,10568.0771484375,10382.7265625,10538.4599609375,23621787804,BTC
2020-09-23,10535.4921875,10537.828125,10197.865234375,10246.1865234375,23788661867,BTC
2020-09-24,10248.7861328125,10771.056640625,10231.490234375,10760.06640625,47144380902,BTC
2020-09-25,10761.109375,10777.6962890625,10578.9140625,10692.716796875,39348590957,BTC
2020-09-26,10695.5751953125,10772.9990234375,10667.28125,10750.7236328125,46852525493,BTC
2020-09-27,10746.892578125,10803.9765625,10622.921875,10775.26953125,53745972818,BTC
2020-09-28,10776.61328125,10945.34765625,10703.8935546875,10709.65234375,47762394731,BTC
2020-09-29,10709.650390625,10860.0009765625,10649.4951171875,10844.640625,46582396602,BTC
2020-09-30,10843.87109375,10847.2568359375,10669.3212890625,10784.4912109375,44171073700,BTC
2020-10-01,10795.2548828125,10933.6240234375,10472.3564453125,10619.4521484375,40023134100,BTC
2020-10-02,10619.8212890625,10657.837890625,10416.689453125,10575.974609375,48661453918,BTC
2020-10-03,10575.1005859375,10598.9404296875,10511.1298828125,10549.3291015625,44660271563,BTC
2020-10-04,10550.4404296875,10686.0,10534.3916015625,10669.5830078125,71251776995,BTC
2020-10-05,10676.529296875,10793.5078125,10634.6005859375,10793.33984375,47537578009,BTC
2020-10-06,10796.306640625,10797.578125,10528.890625,10604.40625,42623695307,BTC
2020-10-07,10603.35546875,10680.5078125,10562.5068359375,10668.96875,37799458436,BTC
2020-10-08,10669.37109375,10945.7373046875,10562.6064453125,10915.685546875,63314794397,BTC
2020-10-09,10927.9130859375,11102.671875,10846.8505859375,11064.4580078125,22799117613,BTC
2020-10-10,11059.142578125,11442.2109375,11056.9404296875,11296.361328125,22877978588,BTC
2020-10-11,11296.08203125,11428.8134765625,11288.6279296875,11384.181640625,19968627060,BTC
2020-10-12,11392.6357421875,11698.4677734375,11240.6865234375,11555.36328125,26163972642,BTC
2020-10-13,11548.7197265625,11548.984375,11321.224609375,11425.8994140625,24241420251,BTC
2020-10-14,11429.0478515625,11539.9775390625,11307.8310546875,11429.5068359375,24103426719,BTC
2020-10-15,11426.6025390625,11569.9140625,11303.603515625,11495.349609375,24487233058,BTC
2020-10-16,11502.828125,11540.0615234375,11223.0126953125,11322.123046875,25635480772,BTC
2020-10-17,11322.123046875,11386.26171875,11285.345703125,11358.1015625,19130430174,BTC
2020-10-18,11355.982421875,11483.359375,11347.578125,11483.359375,18283314340,BTC
2020-10-19,11495.0380859375,11799.0927734375,11408.2900390625,11742.037109375,23860769928,BTC
2020-10-20,11745.974609375,11999.91796875,11681.48046875,11916.3349609375,30915821592,BTC
2020-10-21,11913.0771484375,13184.56640625,11900.9287109375,12823.689453125,43414712626,BTC
2020-10-22,12801.6357421875,13161.59375,12717.09375,12965.8916015625,34729759598,BTC
2020-10-23,12971.548828125,13015.9619140625,12752.6474609375,12931.5390625,28974975003,BTC
2020-10-24,12931.57421875,13145.06640625,12885.7470703125,13108.0625,24542317940,BTC
2020-10-25,13108.0634765625,13329.18359375,12910.0615234375,13031.173828125,24406920575,BTC
2020-10-26,13031.201171875,13225.2978515625,12822.3828125,13075.248046875,29461458313,BTC
2020-10-27,13075.2421875,13759.6689453125,13060.837890625,13654.21875,33749878156,BTC
2020-10-28,13654.21484375,13837.6953125,12932.2509765625,13271.28515625,35867318895,BTC
2020-10-29,13271.298828125,13612.0478515625,12980.0595703125,13437.8828125,56499499598,BTC
2020-10-30,13437.8740234375,13651.5166015625,13136.1982421875,13546.5224609375,30581485201,BTC
2020-10-31,13546.5322265625,14028.2138671875,13457.5302734375,13780.9951171875,30306464719,BTC
2020-11-01,13780.9951171875,13862.033203125,13628.3779296875,13737.109375,24453857900,BTC
2020-11-02,13737.0322265625,13808.3232421875,13243.16015625,13550.4892578125,30771455468,BTC
2020-11-03,13550.451171875,13984.9814453125,13325.44140625,13950.30078125,29869951617,BTC
2020-11-04,13950.48828125,14218.7666015625,13580.4716796875,14133.70703125,35116364962,BTC
2020-11-05,14133.7333984375,15706.404296875,14102.0888671875,15579.8486328125,40856321439,BTC
2020-11-06,15579.7294921875,15903.4375,15226.83984375,15565.880859375,39837841971,BTC
2020-11-07,15565.880859375,15737.095703125,14423.203125,14833.75390625,35024953706,BTC
2020-11-08,14833.75390625,15637.3203125,14744.1103515625,15479.5673828125,26632075029,BTC
2020-11-09,15479.595703125,15785.13671875,14865.529296875,15332.3154296875,34149115566,BTC
2020-11-10,15332.3505859375,15450.3291015625,15124.9599609375,15290.90234375,25574938143,BTC
2020-11-11,15290.9091796875,15916.2607421875,15290.0068359375,15701.33984375,29772374934,BTC
2020-11-12,15701.298828125,16305.00390625,15534.771484375,16276.34375,34175758344,BTC
2020-11-13,16276.4404296875,16463.177734375,15992.15234375,16317.80859375,31599492172,BTC
2020-11-14,16317.80859375,16317.80859375,15749.193359375,16068.138671875,27481710135,BTC
2020-11-15,16068.1396484375,16123.1103515625,15793.5341796875,15955.587890625,23653867583,BTC
2020-11-16,15955.5771484375,16816.181640625,15880.7060546875,16716.111328125,31526766675,BTC
2020-11-17,16685.69140625,17782.919921875,16564.544921875,17645.40625,39006849170,BTC
2020-11-18,17645.19140625,18393.94921875,17352.90625,17804.005859375,49064800278,BTC
2020-11-19,17803.861328125,18119.546875,17382.5546875,17817.08984375,36985055355,BTC
2020-11-20,17817.083984375,18773.2265625,17765.794921875,18621.314453125,36992873940,BTC
2020-11-21,18621.31640625,18936.62109375,18444.359375,18642.232421875,39650210707,BTC
2020-11-22,18642.232421875,18688.96875,17671.384765625,18370.001953125,41280434226,BTC
2020-11-23,18370.017578125,18711.42578125,18000.796875,18364.12109375,42741112308,BTC
2020-11-24,18365.015625,19348.271484375,18128.65625,19107.46484375,51469565009,BTC
2020-11-25,19104.41015625,19390.96484375,18581.146484375,18732.12109375,43710357371,BTC
2020-11-26,18729.83984375,18866.28515625,16351.03515625,17150.623046875,61396835737,BTC
2020-11-27,17153.9140625,17445.0234375,16526.423828125,17108.40234375,38886494645,BTC
2020-11-28,17112.93359375,17853.939453125,16910.65234375,17717.4140625,32601040734,BTC
2020-11-29,17719.634765625,18283.62890625,17559.1171875,18177.484375,31133957704,BTC
2020-11-30,18178.322265625,19749.263671875,18178.322265625,19625.8359375,47728480399,BTC
2020-12-01,19633.76953125,19845.974609375,18321.921875,18802.998046875,49633658712,BTC
2020-12-02,18801.744140625,19308.330078125,18347.71875,19201.091796875,37387697139,BTC
2020-12-03,19205.92578125,19566.19140625,18925.78515625,19445.3984375,31930317405,BTC
2020-12-04,19446.966796875,19511.404296875,18697.193359375,18699.765625,33872388058,BTC
2020-12-05,18698.384765625,19160.44921875,18590.193359375,19154.23046875,27242455064,BTC
2020-12-06,19154.1796875,19390.5,18897.89453125,19345.12109375,25293775714,BTC
2020-12-07,19343.12890625,19411.828125,18931.142578125,19191.630859375,26896357742,BTC
2020-12-08,19191.529296875,19283.478515625,18269.9453125,18321.14453125,31692288756,BTC
2020-12-09,18320.884765625,18626.29296875,17935.546875,18553.916015625,34420373071,BTC
2020-12-10,18553.298828125,18553.298828125,17957.064453125,18264.9921875,25547132265,BTC
2020-12-11,18263.9296875,18268.453125,17619.533203125,18058.904296875,27919640985,BTC
2020-12-12,18051.3203125,18919.55078125,18046.041015625,18803.65625,21752580802,BTC
2020-12-13,18806.765625,19381.53515625,18734.33203125,19142.3828125,25450468637,BTC
2020-12-14,19144.4921875,19305.099609375,19012.708984375,19246.64453125,22473997681,BTC
2020-12-15,19246.919921875,19525.0078125,19079.841796875,19417.076171875,26741982541,BTC
2020-12-16,19418.818359375,21458.908203125,19298.31640625,21310.59765625,44409011479,BTC
2020-12-17,21308.3515625,23642.66015625,21234.67578125,22805.162109375,71378606374,BTC
2020-12-18,22806.796875,23238.6015625,22399.8125,23137.9609375,40387896275,BTC
2020-12-19,23132.865234375,24085.85546875,22826.47265625,23869.83203125,38487546580,BTC
2020-12-20,23861.765625,24209.66015625,23147.7109375,23477.294921875,37844228422,BTC
2020-12-21,23474.455078125,24059.982421875,22159.3671875,22803.08203125,45852713981,BTC
2020-12-22,22794.0390625,23789.90234375,22430.60546875,23783.029296875,44171632681,BTC
2020-12-23,23781.974609375,24024.490234375,22802.646484375,23241.345703125,51146161904,BTC
2020-12-24,23240.203125,23768.337890625,22777.59765625,23735.94921875,41080759713,BTC
2020-12-25,23733.5703125,24710.1015625,23463.673828125,24664.791015625,42068395846,BTC
2020-12-26,24677.015625,26718.0703125,24522.689453125,26437.037109375,48332647295,BTC
2020-12-27,26439.373046875,28288.83984375,25922.76953125,26272.294921875,66479895605,BTC
2020-12-28,26280.822265625,27389.111328125,26207.640625,27084.80859375,49056742893,BTC
2020-12-29,27081.810546875,27370.720703125,25987.298828125,27362.4375,45265946774,BTC
2020-12-30,27360.08984375,28937.740234375,27360.08984375,28840.953125,51287442704,BTC
2020-12-31,28841.57421875,29244.876953125,28201.9921875,29001.720703125,46754964848,BTC
2021-01-01,28994.009765625,29600.626953125,28803.5859375,29374.15234375,40730301359,BTC
2021-01-02,29376.455078125,33155.1171875,29091.181640625,32127.267578125,67865420765,BTC
2021-01-03,32129.408203125,34608.55859375,32052.31640625,32782.0234375,78665235202,BTC
2021-01-04,32810.94921875,33440.21875,28722.755859375,31971.9140625,81163475344,BTC
2021-01-05,31977.041015625,34437.58984375,30221.1875,33992.4296875,67547324782,BTC
2021-01-06,34013.61328125,36879.69921875,33514.03515625,36824.36328125,75289433811,BTC
2021-01-07,36833.875,40180.3671875,36491.19140625,39371.04296875,84762141031,BTC
2021-01-08,39381.765625,41946.73828125,36838.63671875,40797.609375,88107519480,BTC
2021-01-09,40788.640625,41436.3515625,38980.875,40254.546875,61984162837,BTC
2021-01-10,40254.21875,41420.19140625,35984.62890625,38356.44140625,79980747690,BTC
2021-01-11,38346.53125,38346.53125,30549.599609375,35566.65625,123320567399,BTC
2021-01-12,35516.359375,36568.52734375,32697.9765625,33922.9609375,74773277909,BTC
2021-01-13,33915.12109375,37599.9609375,32584.66796875,37316.359375,69364315979,BTC
2021-01-14,37325.109375,39966.40625,36868.5625,39187.328125,63615990033,BTC
2021-01-15,39156.70703125,39577.7109375,34659.58984375,36825.3671875,67760757881,BTC
2021-01-16,36821.6484375,37864.3671875,35633.5546875,36178.140625,57706187875,BTC
2021-01-17,36163.6484375,36722.3515625,34069.3203125,35791.27734375,52359854336,BTC
2021-01-18,35792.23828125,37299.28515625,34883.84375,36630.07421875,49511702429,BTC
2021-01-19,36642.234375,37755.890625,36069.8046875,36069.8046875,57244195486,BTC
2021-01-20,36050.11328125,36378.328125,33570.4765625,35547.75,66834573161,BTC
2021-01-21,35549.3984375,35552.6796875,30250.75,30825.69921875,75643067688,BTC
2021-01-22,30817.625,33811.8515625,28953.373046875,33005.76171875,77207272511,BTC
2021-01-23,32985.7578125,33360.9765625,31493.16015625,32067.642578125,48354737975,BTC
2021-01-24,32064.376953125,32944.0078125,31106.685546875,32289.37890625,48643830599,BTC
2021-01-25,32285.798828125,34802.7421875,32087.787109375,32366.392578125,59897054838,BTC
2021-01-26,32358.61328125,32794.55078125,31030.265625,32569.849609375,60255421470,BTC
2021-01-27,32564.029296875,32564.029296875,29367.138671875,30432.546875,62576762015,BTC
2021-01-28,30441.041015625,33858.3125,30023.20703125,33466.09765625,76517157706,BTC
2021-01-29,34318.671875,38406.26171875,32064.814453125,34316.38671875,117894572511,BTC
2021-01-30,34295.93359375,34834.70703125,32940.1875,34269.5234375,65141828798,BTC
2021-01-31,34270.87890625,34288.33203125,32270.17578125,33114.359375,52754542671,BTC
2021-02-01,33114.578125,34638.21484375,32384.228515625,33537.17578125,61400400660,BTC
2021-02-02,33533.19921875,35896.8828125,33489.21875,35510.2890625,63088585433,BTC
2021-02-03,35510.8203125,37480.1875,35443.984375,37472.08984375,61166818159,BTC
2021-02-04,37475.10546875,38592.17578125,36317.5,36926.06640625,68838074392,BTC
2021-02-05,36931.546875,38225.90625,36658.76171875,38144.30859375,58598066402,BTC
2021-02-06,38138.38671875,40846.546875,38138.38671875,39266.01171875,71326033653,BTC
2021-02-07,39250.19140625,39621.8359375,37446.15234375,38903.44140625,65500641143,BTC
2021-02-08,38886.828125,46203.9296875,38076.32421875,46196.46484375,101467222687,BTC
2021-02-09,46184.9921875,48003.72265625,45166.9609375,46481.10546875,91809846886,BTC
2021-02-10,46469.76171875,47145.56640625,43881.15234375,44918.18359375,87301089896,BTC
2021-02-11,44898.7109375,48463.46875,44187.76171875,47909.33203125,81388911810,BTC
2021-02-12,47877.03515625,48745.734375,46424.9765625,47504.8515625,76555041196,BTC
2021-02-13,47491.203125,48047.74609375,46392.28125,47105.515625,70250456155,BTC
2021-02-14,47114.5078125,49487.640625,47114.5078125,48717.2890625,71248675228,BTC
2021-02-15,48696.53515625,48875.5703125,46347.4765625,47945.05859375,77069903166,BTC
2021-02-16,47944.45703125,50341.1015625,47201.3046875,49199.87109375,77049582886,BTC
2021-02-17,49207.27734375,52533.9140625,49072.37890625,52149.0078125,80820545404,BTC
2021-02-18,52140.97265625,52474.10546875,51015.765625,51679.796875,52054723579,BTC
2021-02-19,51675.98046875,56113.65234375,50937.27734375,55888.1328125,63495496918,BTC
2021-02-20,55887.3359375,57505.2265625,54626.55859375,56099.51953125,68145460026,BTC
2021-02-21,56068.56640625,58330.5703125,55672.609375,57539.9453125,51897585191,BTC
2021-02-22,57532.73828125,57533.390625,48967.56640625,54207.3203125,92052420332,BTC
2021-02-23,54204.9296875,54204.9296875,45290.58984375,48824.42578125,106102492824,BTC
2021-02-24,48835.0859375,51290.13671875,47213.5,49705.33203125,63695521388,BTC
2021-02-25,49709.08203125,51948.96875,47093.8515625,47093.8515625,54506565949,BTC
2021-02-26,47180.46484375,48370.78515625,44454.84375,46339.76171875,350967941479,BTC
2021-02-27,46344.7734375,48253.26953125,45269.02734375,46188.453125,45910946382,BTC
2021-02-28,46194.015625,46716.4296875,43241.6171875,45137.76953125,53443887451,BTC
2021-03-01,45159.50390625,49784.015625,45115.09375,49631.2421875,53891300112,BTC
2021-03-02,49612.10546875,50127.51171875,47228.84375,48378.98828125,47530897720,BTC
2021-03-03,48415.81640625,52535.13671875,48274.3203125,50538.2421875,53220811975,BTC
2021-03-04,50522.3046875,51735.08984375,47656.9296875,48561.16796875,52343816680,BTC
2021-03-05,48527.03125,49396.4296875,46542.515625,48927.3046875,48625928883,BTC
2021-03-06,48899.23046875,49147.21875,47257.52734375,48912.3828125,34363564661,BTC
2021-03-07,48918.6796875,51384.3671875,48918.6796875,51206.69140625,43137459378,BTC
2021-03-08,51174.1171875,52314.0703125,49506.0546875,52246.5234375,48597428048,BTC
2021-03-09,52272.96875,54824.1171875,51981.83203125,54824.1171875,50912227385,BTC
2021-03-10,54824.01171875,57258.25390625,53290.890625,56008.55078125,57295577614,BTC
2021-03-11,55963.1796875,58091.0625,54484.59375,57805.12109375,56772343595,BTC
2021-03-12,57821.21875,57996.62109375,55376.6484375,57332.08984375,55689944702,BTC
2021-03-13,57343.37109375,61683.86328125,56217.97265625,61243.0859375,60669829814,BTC
2021-03-14,61221.1328125,61597.91796875,59302.31640625,59302.31640625,43901225564,BTC
2021-03-15,59267.4296875,60540.9921875,55393.1640625,55907.19921875,66419369890,BTC
2021-03-16,55840.78515625,56833.1796875,53555.02734375,56804.90234375,59749798599,BTC
2021-03-17,56825.828125,58969.81640625,54528.62890625,58870.89453125,60258313191,BTC
2021-03-18,58893.078125,60116.25,54253.578125,57858.921875,55746041000,BTC
2021-03-19,57850.44140625,59498.375,56643.703125,58346.65234375,49063873786,BTC
2021-03-20,58332.26171875,60031.28515625,58213.296875,58313.64453125,50361731222,BTC
2021-03-21,58309.9140625,58767.8984375,56005.6171875,57523.421875,51943414539,BTC
2021-03-22,57517.890625,58471.48046875,54288.15625,54529.14453125,56521454974,BTC
2021-03-23,54511.66015625,55985.44140625,53470.6953125,54738.9453125,56435023914,BTC
2021-03-24,54710.48828125,57262.3828125,52514.33203125,52774.265625,70567223787,BTC
2021-03-25,52726.74609375,53392.38671875,50856.5703125,51704.16015625,67999812841,BTC
2021-03-26,51683.01171875,55137.3125,51579.85546875,55137.3125,56652197978,BTC
2021-03-27,55137.56640625,56568.21484375,54242.91015625,55973.51171875,47266542233,BTC
2021-03-28,55974.94140625,56610.3125,55071.11328125,55950.74609375,47686580918,BTC
2021-03-29,55947.8984375,58342.09765625,55139.33984375,57750.19921875,57625587027,BTC
2021-03-30,57750.1328125,59447.22265625,57251.55078125,58917.69140625,54414116432,BTC
2021-03-31,58930.27734375,59930.02734375,57726.41796875,58918.83203125,65520826225,BTC
2021-04-01,58926.5625,59586.0703125,58505.27734375,59095.80859375,61669163792,BTC
2021-04-02,59098.87890625,60267.1875,58869.28125,59384.3125,58727860620,BTC
2021-04-03,59397.41015625,60110.26953125,57603.890625,57603.890625,59641344484,BTC
2021-04-04,57604.83984375,58913.74609375,57168.67578125,58758.5546875,50749662970,BTC
2021-04-05,58760.875,59891.296875,57694.82421875,59057.87890625,60706272115,BTC
2021-04-06,59171.93359375,59479.578125,57646.80859375,58192.359375,66058027988,BTC
2021-04-07,58186.5078125,58731.14453125,55604.0234375,56048.9375,75645303584,BTC
2021-04-08,56099.9140625,58338.73828125,55879.0859375,58323.953125,53053855641,BTC
2021-04-09,58326.5625,58937.046875,57807.86328125,58245.00390625,46655208546,BTC
2021-04-10,58253.77734375,61276.6640625,58038.70703125,59793.234375,58238470525,BTC
2021-04-11,59846.23046875,60790.5546875,59289.796875,60204.96484375,46280252580,BTC
2021-04-12,60175.9453125,61253.03515625,59589.875,59893.453125,51828688519,BTC
2021-04-13,59890.01953125,63742.28515625,59869.95703125,63503.45703125,69983454362,BTC
2021-04-14,63523.75390625,64863.09765625,61554.796875,63109.6953125,77451779687,BTC
2021-04-15,63075.1953125,63821.671875,62208.96484375,63314.01171875,60954381579,BTC
2021-04-16,63258.50390625,63594.72265625,60222.53125,61572.7890625,84293007468,BTC
2021-04-17,61529.921875,62572.17578125,60361.3515625,60683.8203125,66138759198,BTC
2021-04-18,60701.88671875,61057.45703125,52829.53515625,56216.18359375,97468872758,BTC
2021-04-19,56191.5859375,57520.0546875,54368.59375,55724.265625,65344865159,BTC
2021-04-20,55681.79296875,57062.1484375,53448.046875,56473.03125,67849323955,BTC
2021-04-21,56471.12890625,56757.97265625,53695.46875,53906.08984375,54926612466,BTC
2021-04-22,53857.10546875,55410.23046875,50583.8125,51762.2734375,74798630778,BTC
2021-04-23,51739.80859375,52120.79296875,47714.6640625,51093.65234375,86668667320,BTC
2021-04-24,51143.2265625,51167.5625,48805.28515625,50050.8671875,49014494781,BTC
2021-04-25,50052.83203125,50506.01953125,47159.484375,49004.25390625,46117114240,BTC
2021-04-26,49077.79296875,54288.00390625,48852.796875,54021.75390625,58284039825,BTC
2021-04-27,54030.3046875,55416.96484375,53319.1875,55033.1171875,49448222757,BTC
2021-04-28,55036.63671875,56227.20703125,53887.91796875,54824.703125,48000572955,BTC
2021-04-29,54858.08984375,55115.84375,52418.02734375,53555.109375,46088929780,BTC
2021-04-30,53568.6640625,57900.71875,53129.6015625,57750.17578125,52395931985,BTC
2021-05-01,57714.6640625,58448.33984375,57052.2734375,57828.05078125,42836427360,BTC
2021-05-02,57825.86328125,57902.59375,56141.90625,56631.078125,38177405335,BTC
2021-05-03,56620.2734375,58973.30859375,56590.87109375,57200.29296875,51713139031,BTC
2021-05-04,57214.1796875,57214.1796875,53191.42578125,53333.5390625,68564706967,BTC
2021-05-05,53252.1640625,57911.36328125,52969.0546875,57424.0078125,69241316747,BTC
2021-05-06,57441.30859375,58363.31640625,55382.5078125,56396.515625,69523285106,BTC
2021-05-07,56413.953125,58606.6328125,55321.84765625,57356.40234375,68434023376,BTC
2021-05-08,57352.765625,59464.61328125,56975.2109375,58803.77734375,65382980634,BTC
2021-05-09,58877.390625,59210.8828125,56482.00390625,58232.31640625,65906690347,BTC
2021-05-10,58250.87109375,59519.35546875,54071.45703125,55859.796875,71776546298,BTC
2021-05-11,55847.2421875,56872.54296875,54608.65234375,56704.57421875,61308396325,BTC
2021-05-12,56714.53125,57939.36328125,49150.53515625,49150.53515625,75215403907,BTC
2021-05-13,49735.43359375,51330.84375,46980.01953125,49716.19140625,96721152926,BTC
2021-05-14,49682.98046875,51438.1171875,48868.578125,49880.53515625,55737497453,BTC
2021-05-15,49855.49609375,50639.6640625,46664.140625,46760.1875,59161047474,BTC
2021-05-16,46716.63671875,49720.04296875,43963.3515625,46456.05859375,64047871555,BTC
2021-05-17,46415.8984375,46623.55859375,42207.2890625,43537.51171875,74903638450,BTC
2021-05-18,43488.05859375,45812.45703125,42367.83203125,42909.40234375,56187365084,BTC
2021-05-19,42944.9765625,43546.1171875,30681.49609375,37002.44140625,126358098747,BTC
2021-05-20,36753.66796875,42462.984375,35050.6171875,40782.73828125,88281943359,BTC
2021-05-21,40596.94921875,42172.171875,33616.453125,37304.69140625,82051616861,BTC
2021-05-22,37371.03125,38831.0546875,35383.68359375,37536.6328125,57377273240,BTC
2021-05-23,37531.44921875,38289.21875,31227.33984375,34770.58203125,78469274361,BTC
2021-05-24,34700.36328125,39835.140625,34551.08203125,38705.98046875,67359584098,BTC
2021-05-25,38795.78125,39776.3515625,36581.4296875,38402.22265625,56211915803,BTC
2021-05-26,38392.625,40782.078125,37905.8359375,39294.19921875,51346735160,BTC
2021-05-27,39316.890625,40379.6171875,37247.90234375,38436.96875,43210968721,BTC
2021-05-28,38507.08203125,38856.96875,34779.0390625,35697.60546875,55200191952,BTC
2021-05-29,35684.15625,37234.5,33693.9296875,34616.06640625,45231013335,BTC
2021-05-30,34607.40625,36400.66796875,33520.73828125,35678.12890625,31646080921,BTC
2021-05-31,35658.59375,37468.25,34241.9453125,37332.85546875,39009847639,BTC
2021-06-01,37293.79296875,37896.734375,35787.0859375,36684.92578125,34639423297,BTC
2021-06-02,36699.921875,38231.33984375,35966.30859375,37575.1796875,33070867190,BTC
2021-06-03,37599.41015625,39478.953125,37243.97265625,39208.765625,35460750427,BTC
2021-06-04,39242.484375,39242.484375,35717.72265625,36894.40625,41831090187,BTC
2021-06-05,36880.15625,37917.71484375,34900.4140625,35551.95703125,35959473399,BTC
2021-06-06,35538.609375,36436.421875,35304.578125,35862.37890625,28913440585,BTC
2021-06-07,35835.265625,36790.5703125,33480.640625,33560.70703125,33683936663,BTC
2021-06-08,33589.51953125,34017.38671875,31114.443359375,33472.6328125,49902050442,BTC
2021-06-09,33416.9765625,37537.37109375,32475.865234375,37345.12109375,53972919008,BTC
2021-06-10,37389.515625,38334.32421875,35847.59375,36702.59765625,43576032854,BTC
2021-06-11,36697.03125,37608.6953125,36044.44921875,37334.3984375,38699736985,BTC
2021-06-12,37340.14453125,37408.92578125,34728.19140625,35552.515625,37924228550,BTC
2021-06-13,35555.7890625,39322.78125,34864.109375,39097.859375,40669112838,BTC
2021-06-14,39016.96875,40978.36328125,38757.28515625,40218.4765625,43148914673,BTC
2021-06-15,40427.16796875,41295.26953125,39609.46875,40406.26953125,46420149185,BTC
2021-06-16,40168.69140625,40516.77734375,38176.03515625,38347.0625,39211635100,BTC
2021-06-17,38341.421875,39513.671875,37439.67578125,38053.50390625,37096670047,BTC
2021-06-18,38099.4765625,38187.26171875,35255.85546875,35787.24609375,36200887275,BTC
2021-06-19,35854.52734375,36457.796875,34933.0625,35615.87109375,31207279719,BTC
2021-06-20,35563.140625,36059.484375,33432.07421875,35698.296875,36664034054,BTC
2021-06-21,35641.14453125,35721.640625,31295.935546875,31676.693359375,52809038594,BTC
2021-06-22,31622.376953125,33292.453125,28893.62109375,32505.66015625,58964353058,BTC
2021-06-23,32515.71484375,34753.41015625,31772.6328125,33723.02734375,46317108925,BTC
2021-06-24,33682.80078125,35228.8515625,32385.21484375,34662.4375,33123368116,BTC
2021-06-25,34659.10546875,35487.24609375,31350.884765625,31637.779296875,40230904226,BTC
2021-06-26,31594.6640625,32637.587890625,30184.501953125,32186.27734375,38585385521,BTC
2021-06-27,32287.5234375,34656.12890625,32071.7578125,34649.64453125,35511640894,BTC
2021-06-28,34679.12109375,35219.890625,33902.07421875,34434.3359375,33892523752,BTC
2021-06-29,34475.55859375,36542.109375,34252.484375,35867.77734375,37901460044,BTC
2021-06-30,35908.38671875,36074.7578125,34086.15234375,35040.8359375,34059036099,BTC
2021-07-01,35035.984375,35035.984375,32883.78125,33572.1171875,37838957079,BTC
2021-07-02,33549.6015625,33939.58984375,32770.6796875,33897.046875,38728974942,BTC
2021-07-03,33854.421875,34909.26171875,33402.6953125,34668.546875,24383958643,BTC
2021-07-04,34665.56640625,35937.56640625,34396.4765625,35287.78125,24924307911,BTC
2021-07-05,35284.34375,35284.34375,33213.66015625,33746.00390625,26721554282,BTC
2021-07-06,33723.5078125,35038.53515625,33599.91796875,34235.1953125,26501259870,BTC
2021-07-07,34225.6796875,34997.6640625,33839.2890625,33855.328125,24796027477,BTC
2021-07-08,33889.60546875,33907.90625,32133.18359375,32877.37109375,29910396946,BTC
2021-07-09,32861.671875,34042.29296875,32318.880859375,33798.01171875,27436021028,BTC
2021-07-10,33811.2421875,34209.0703125,33116.01171875,33520.51953125,22971873468,BTC
2021-07-11,33509.078125,34584.703125,33346.73828125,34240.1875,20108729370,BTC
2021-07-12,34254.015625,34592.15625,32697.30859375,33155.84765625,24321499537,BTC
2021-07-13,33125.46875,33327.1015625,32261.419921875,32702.025390625,19120856669,BTC
2021-07-14,32723.845703125,33061.3984375,31639.125,32822.34765625,21376531210,BTC
2021-07-15,32827.875,33159.640625,31175.708984375,31780.73046875,21300524237,BTC
2021-07-16,31841.55078125,32218.40625,31100.673828125,31421.5390625,23699476918,BTC
2021-07-17,31397.30859375,31935.9453125,31223.990234375,31533.068359375,18895018942,BTC
2021-07-18,31533.884765625,32398.99609375,31215.4921875,31796.810546875,18787986667,BTC
2021-07-19,31800.01171875,31885.859375,30563.734375,30817.83203125,20434789545,BTC
2021-07-20,30838.28515625,31006.1875,29360.955078125,29807.34765625,23148267245,BTC
2021-07-21,29796.28515625,32752.326171875,29526.18359375,32110.693359375,28203024559,BTC
2021-07-22,32138.873046875,32576.400390625,31745.298828125,32313.10546875,19555230518,BTC
2021-07-23,32305.958984375,33581.55078125,32057.892578125,33581.55078125,22552046192,BTC
2021-07-24,33593.73046875,34490.390625,33424.859375,34292.4453125,21664706865,BTC
2021-07-25,34290.29296875,35364.92578125,33881.8359375,35350.1875,20856685287,BTC
2021-07-26,35384.03125,40499.67578125,35287.3125,37337.53515625,51022126212,BTC
2021-07-27,37276.03515625,39406.94140625,36441.7265625,39406.94140625,35097370560,BTC
2021-07-28,39503.1875,40816.0703125,38862.4375,39995.90625,38702404695,BTC
2021-07-29,39995.453125,40593.0703125,39352.05859375,40008.421875,27167146027,BTC
2021-07-30,40027.484375,42235.546875,38397.35546875,42235.546875,33072782960,BTC
2021-07-31,42196.3046875,42231.44921875,41110.83203125,41626.1953125,25802845343,BTC
2021-08-01,41460.84375,42541.6796875,39540.94140625,39974.89453125,26688438115,BTC
2021-08-02,39907.26171875,40419.1796875,38746.34765625,39201.9453125,25595265436,BTC
2021-08-03,39178.40234375,39750.03125,37782.05078125,38152.98046875,26189830450,BTC
2021-08-04,38213.33203125,39952.296875,37589.1640625,39747.50390625,25372562724,BTC
2021-08-05,39744.515625,41341.93359375,37458.00390625,40869.5546875,35185031017,BTC
2021-08-06,40865.8671875,43271.66015625,39932.1796875,42816.5,38226483046,BTC
2021-08-07,42832.796875,44689.859375,42618.56640625,44555.80078125,40030862141,BTC
2021-08-08,44574.4375,45282.3515625,43331.91015625,43798.1171875,36302664750,BTC
2021-08-09,43791.92578125,46456.83203125,42848.6875,46365.40234375,38734079049,BTC
2021-08-10,46280.84765625,46637.98828125,44705.5546875,45585.03125,33546019517,BTC
2021-08-11,45599.703125,46735.6328125,45351.7109375,45593.63671875,34319709073,BTC
2021-08-12,45576.87890625,46228.91015625,43861.4453125,44428.2890625,33723620826,BTC
2021-08-13,44439.69140625,47831.9765625,44282.41796875,47793.3203125,31744259539,BTC
2021-08-14,47810.6875,48098.68359375,46177.6328125,47096.9453125,31211354442,BTC
2021-08-15,47096.66796875,47357.10546875,45579.58984375,47047.00390625,30988958446,BTC
2021-08-16,47019.9609375,47998.09765625,45700.3203125,46004.484375,32776876610,BTC
2021-08-17,45936.45703125,47139.5703125,44512.41796875,44695.359375,33451362600,BTC
2021-08-18,44686.75,45952.0625,44364.02734375,44801.1875,32194123075,BTC
2021-08-19,44741.8828125,46970.76171875,43998.31640625,46717.578125,37204312299,BTC
2021-08-20,46723.12109375,49342.15234375,46650.70703125,49339.17578125,34706867452,BTC
2021-08-21,49327.07421875,49717.01953125,48312.19921875,48905.4921875,40585205312,BTC
2021-08-22,48869.10546875,49471.609375,48199.94140625,49321.65234375,25370975378,BTC
2021-08-23,49291.67578125,50482.078125,49074.60546875,49546.1484375,34305053719,BTC
2021-08-24,49562.34765625,49878.76953125,47687.1171875,47706.1171875,35361168834,BTC
2021-08-25,47727.2578125,49202.87890625,47163.61328125,48960.7890625,32646349931,BTC
2021-08-26,49002.640625,49347.58203125,46405.78125,46942.21875,32666549568,BTC
2021-08-27,46894.5546875,49112.78515625,46394.28125,49058.66796875,34511076995,BTC
2021-08-28,49072.5859375,49283.50390625,48499.23828125,48902.40234375,28568103401,BTC
2021-08-29,48911.25,49644.11328125,47925.85546875,48829.83203125,25889650240,BTC
2021-08-30,48834.8515625,48925.60546875,46950.2734375,47054.984375,31847007016,BTC
2021-08-31,47024.33984375,48189.55078125,46750.09375,47166.6875,34730363427,BTC
2021-09-01,47099.7734375,49111.08984375,46562.4375,48847.02734375,39139399125,BTC
2021-09-02,48807.84765625,50343.421875,48652.3203125,49327.72265625,39508070319,BTC
2021-09-03,49288.25,50982.2734375,48386.0859375,50025.375,43206179619,BTC
2021-09-04,50009.32421875,50545.58203125,49548.78125,49944.625,37471327794,BTC
2021-09-05,49937.859375,51868.6796875,49538.59765625,51753.41015625,30322676319,BTC
2021-09-06,51769.00390625,52700.94140625,51053.6796875,52633.53515625,38884105426,BTC
2021-09-07,52660.48046875,52853.765625,43285.20703125,46811.12890625,65210059683,BTC
2021-09-08,46827.76171875,47334.0546875,44561.39453125,46091.390625,49007762488,BTC
2021-09-09,45774.7421875,47261.94921875,45669.73828125,46391.421875,38672657013,BTC
2021-09-10,46396.6640625,47031.7421875,44344.484375,44883.91015625,39154666597,BTC
2021-09-11,44869.83984375,45969.29296875,44818.265625,45201.45703125,34499835245,BTC
2021-09-12,45206.62890625,46364.87890625,44790.4609375,46063.26953125,27881980161,BTC
2021-09-13,46057.21484375,46598.6796875,43591.3203125,44963.07421875,40969943253,BTC
2021-09-14,44960.05078125,47218.125,44752.33203125,47092.4921875,38652152880,BTC
2021-09-15,47098.0,48450.46875,46773.328125,48176.34765625,30484496466,BTC
2021-09-16,48158.90625,48486.828125,47079.55859375,47783.359375,31764293754,BTC
2021-09-17,47771.00390625,48160.921875,46832.5234375,47267.51953125,28727713711,BTC
2021-09-18,47273.52734375,48791.78125,47087.28515625,48278.36328125,28575630451,BTC
2021-09-19,48268.85546875,48328.3671875,46919.8046875,47260.21875,26967722648,BTC
2021-09-20,47261.40625,47328.19921875,42598.9140625,42843.80078125,43909845642,BTC
2021-09-21,43012.234375,43607.609375,39787.609375,40693.67578125,48701090088,BTC
2021-09-22,40677.953125,43978.62109375,40625.6328125,43574.5078125,38139709246,BTC
2021-09-23,43560.296875,44942.17578125,43109.33984375,44895.09765625,34244064430,BTC
2021-09-24,44894.30078125,45080.4921875,40936.55859375,42839.75,42839345714,BTC
2021-09-25,42840.890625,42996.2578125,41759.921875,42716.59375,31604717236,BTC
2021-09-26,42721.62890625,43919.30078125,40848.4609375,43208.5390625,30661222077,BTC
2021-09-27,43234.18359375,44313.24609375,42190.6328125,42235.73046875,30980029059,BTC
2021-09-28,42200.8984375,42775.14453125,40931.6640625,41034.54296875,30214940550,BTC
2021-09-29,41064.984375,42545.2578125,40829.66796875,41564.36328125,30602359905,BTC
2021-09-30,41551.26953125,44092.6015625,41444.58203125,43790.89453125,31141681925,BTC
2021-10-01,43816.7421875,48436.01171875,43320.0234375,48116.94140625,42850641582,BTC
2021-10-02,48137.46875,48282.0625,47465.49609375,47711.48828125,30614346492,BTC
2021-10-03,47680.02734375,49130.69140625,47157.2890625,48199.953125,26638115879,BTC
2021-10-04,48208.90625,49456.77734375,47045.00390625,49112.90234375,33383173002,BTC
2021-10-05,49174.9609375,51839.984375,49072.83984375,51514.8125,35873904236,BTC
2021-10-06,51486.6640625,55568.46484375,50488.19140625,55361.44921875,49034730168,BTC
2021-10-07,55338.625,55338.625,53525.46875,53805.984375,36807860413,BTC
2021-10-08,53802.14453125,55922.98046875,53688.0546875,53967.84765625,34800873924,BTC
2021-10-09,53929.78125,55397.9453125,53735.14453125,54968.22265625,32491211414,BTC
2021-10-10,54952.8203125,56401.3046875,54264.2578125,54771.578125,39527792364,BTC
2021-10-11,54734.125,57793.0390625,54519.765625,57484.7890625,42637331698,BTC
2021-10-12,57526.83203125,57627.87890625,54477.97265625,56041.05859375,41083758949,BTC
2021-10-13,56038.2578125,57688.66015625,54370.97265625,57401.09765625,41684252783,BTC
2021-10-14,57372.83203125,58478.734375,56957.07421875,57321.5234375,36615791366,BTC
2021-10-15,57345.90234375,62757.12890625,56868.14453125,61593.94921875,51780081801,BTC
2021-10-16,61609.52734375,62274.4765625,60206.12109375,60892.1796875,34250964237,BTC
2021-10-17,60887.65234375,61645.5234375,59164.46875,61553.6171875,29032367511,BTC
2021-10-18,61548.8046875,62614.66015625,60012.7578125,62026.078125,38055562075,BTC
2021-10-19,62043.1640625,64434.53515625,61622.93359375,64261.9921875,40471196346,BTC
2021-10-20,64284.5859375,66930.390625,63610.67578125,65992.8359375,40788955582,BTC
2021-10-21,66002.234375,66600.546875,62117.41015625,62210.171875,45908121370,BTC
2021-10-22,62237.890625,63715.0234375,60122.796875,60692.265625,38434082775,BTC
2021-10-23,60694.62890625,61743.87890625,59826.5234375,61393.6171875,26882546034,BTC
2021-10-24,61368.34375,61505.8046875,59643.34375,60930.8359375,27316183882,BTC
2021-10-25,60893.92578125,63729.32421875,60691.80078125,63039.82421875,31064911614,BTC
2021-10-26,63032.76171875,63229.02734375,59991.16015625,60363.79296875,34878965587,BTC
2021-10-27,60352.0,61435.18359375,58208.1875,58482.38671875,43657076893,BTC
2021-10-28,58470.73046875,62128.6328125,58206.91796875,60622.13671875,45257083247,BTC
2021-10-29,60624.87109375,62927.609375,60329.96484375,62227.96484375,36856881767,BTC
2021-10-30,62239.36328125,62330.14453125,60918.38671875,61888.83203125,32157938616,BTC
2021-10-31,61850.48828125,62406.171875,60074.328125,61318.95703125,32241199927,BTC
2021-11-01,61320.44921875,62419.00390625,59695.18359375,61004.40625,36150572843,BTC
2021-11-02,60963.25390625,64242.79296875,60673.0546875,63226.40234375,37746665647,BTC
2021-11-03,63254.3359375,63516.9375,61184.23828125,62970.046875,36124731509,BTC
2021-11-04,62941.8046875,63123.2890625,60799.6640625,61452.23046875,32615846901,BTC
2021-11-05,61460.078125,62541.46875,60844.609375,61125.67578125,30605102446,BTC
2021-11-06,61068.875,61590.68359375,60163.78125,61527.48046875,29094934221,BTC
2021-11-07,61554.921875,63326.98828125,61432.48828125,63326.98828125,24726754302,BTC
2021-11-08,63344.06640625,67673.7421875,63344.06640625,67566.828125,41125608330,BTC
2021-11-09,67549.734375,68530.3359375,66382.0625,66971.828125,42357991721,BTC
2021-11-10,66953.3359375,68789.625,63208.11328125,64995.23046875,48730828378,BTC
2021-11-11,64978.890625,65579.015625,64180.48828125,64949.9609375,35880633236,BTC
2021-11-12,64863.98046875,65460.81640625,62333.9140625,64155.94140625,36084893887,BTC
2021-11-13,64158.12109375,64915.67578125,63303.734375,64469.52734375,30474228777,BTC
2021-11-14,64455.37109375,65495.1796875,63647.80859375,65466.83984375,25122092191,BTC
2021-11-15,65521.2890625,66281.5703125,63548.14453125,63557.87109375,30558763548,BTC
2021-11-16,63721.1953125,63721.1953125,59016.3359375,60161.24609375,46844335592,BTC
2021-11-17,60139.62109375,60823.609375,58515.41015625,60368.01171875,39178392930,BTC
2021-11-18,60360.13671875,60948.5,56550.79296875,56942.13671875,41388338699,BTC
2021-11-19,56896.12890625,58351.11328125,55705.1796875,58119.578125,38702407772,BTC
2021-11-20,58115.08203125,59859.87890625,57469.7265625,59697.1953125,30624264863,BTC
2021-11-21,59730.5078125,60004.42578125,58618.9296875,58730.4765625,26123447605,BTC
2021-11-22,58706.84765625,59266.359375,55679.83984375,56289.2890625,35036121783,BTC
2021-11-23,56304.5546875,57875.515625,55632.76171875,57569.07421875,37485803899,BTC
2021-11-24,57565.8515625,57803.06640625,55964.22265625,56280.42578125,36635566789,BTC
2021-11-25,57165.41796875,59367.96875,57146.68359375,57274.6796875,34284016248,BTC
2021-11-26,58960.28515625,59183.48046875,53569.765625,53569.765625,41810748221,BTC
2021-11-27,53736.4296875,55329.2578125,53668.35546875,54815.078125,30560857714,BTC
2021-11-28,54813.0234375,57393.84375,53576.734375,57248.45703125,28116886357,BTC
2021-11-29,57291.90625,58872.87890625,56792.52734375,57806.56640625,32370840356,BTC
2021-11-30,57830.11328125,59113.40234375,56057.28125,57005.42578125,36708594618,BTC
2021-12-01,56907.96484375,59041.68359375,56553.08203125,57229.828125,36858195307,BTC
2021-12-02,57217.37109375,57349.234375,55895.1328125,56477.81640625,32379968686,BTC
2021-12-03,56509.1640625,57482.16796875,52496.5859375,53598.24609375,39789134215,BTC
2021-12-04,53727.87890625,53904.6796875,42874.6171875,49200.703125,61385677469,BTC
2021-12-05,49201.51953125,49768.1484375,47857.49609375,49368.84765625,37198201161,BTC
2021-12-06,49413.48046875,50929.51953125,47281.03515625,50582.625,37707308001,BTC
2021-12-07,50581.828125,51934.78125,50175.80859375,50700.0859375,33676814852,BTC
2021-12-08,50667.6484375,51171.375,48765.98828125,50504.796875,28479699446,BTC
2021-12-09,50450.08203125,50797.1640625,47358.3515625,47672.12109375,29603577251,BTC
2021-12-10,47642.14453125,50015.25390625,47023.69921875,47243.3046875,30966005122,BTC
2021-12-11,47264.6328125,49458.2109375,46942.34765625,49362.5078125,25775869261,BTC
2021-12-12,49354.85546875,50724.8671875,48725.8515625,50098.3359375,21939223599,BTC
2021-12-13,50114.7421875,50205.0,45894.84765625,46737.48046875,32166727776,BTC
2021-12-14,46709.82421875,48431.3984375,46424.49609375,46612.6328125,34638619079,BTC
2021-12-15,48379.75390625,49473.95703125,46671.96484375,48896.72265625,36541828520,BTC
2021-12-16,48900.46484375,49425.57421875,47529.87890625,47665.42578125,27268150947,BTC
2021-12-17,47653.73046875,48004.89453125,45618.21484375,46202.14453125,32902725329,BTC
2021-12-18,46219.25390625,47313.828125,45598.44140625,46848.77734375,26098292690,BTC
2021-12-19,46853.8671875,48089.6640625,46502.953125,46707.015625,25154053861,BTC
2021-12-20,46707.0625,47401.71875,45579.80859375,46880.27734375,30961902129,BTC
2021-12-21,46886.078125,49300.91796875,46698.7734375,48936.61328125,27055803928,BTC
2021-12-22,48937.09765625,49544.796875,48450.94140625,48628.51171875,24447979559,BTC
2021-12-23,48626.34375,51332.33984375,48065.8359375,50784.5390625,28223878108,BTC
2021-12-24,50806.05078125,51814.02734375,50514.49609375,50822.1953125,24367912228,BTC
2021-12-25,50854.91796875,51176.59765625,50236.70703125,50429.859375,19030650914,BTC
2021-12-26,50428.69140625,51196.37890625,49623.10546875,50809.515625,20964372926,BTC
2021-12-27,50802.609375,51956.328125,50499.46875,50640.41796875,24324345758,BTC
2021-12-28,50679.859375,50679.859375,47414.2109375,47588.85546875,33430376883,BTC
2021-12-29,47623.87109375,48119.7421875,46201.49609375,46444.7109375,30049226299,BTC
2021-12-30,46490.60546875,47879.96484375,46060.3125,47178.125,26686491018,BTC
2021-12-31,47169.37109375,48472.52734375,45819.953125,46306.4453125,36974172400,BTC
2022-01-01,46311.74609375,47827.3125,46288.484375,47686.8125,24582667004,BTC
2022-01-02,47680.92578125,47881.40625,46856.9375,47345.21875,27951569547,BTC
2022-01-03,47343.54296875,47510.7265625,45835.96484375,46458.1171875,33071628362,BTC
2022-01-04,46458.8515625,47406.546875,45752.46484375,45897.57421875,42494677905,BTC
2022-01-05,45899.359375,46929.046875,42798.22265625,43569.00390625,36851084859,BTC
2022-01-06,43565.51171875,43748.71875,42645.5390625,43160.9296875,30208048289,BTC
2022-01-07,43153.5703125,43153.5703125,41077.4453125,41557.90234375,84196607520,BTC
2022-01-08,41561.46484375,42228.94140625,40672.27734375,41733.94140625,28066355845,BTC
2022-01-09,41734.7265625,42663.94921875,41338.16015625,41911.6015625,21294384372,BTC
2022-01-10,41910.23046875,42199.484375,39796.5703125,41821.26171875,32104232331,BTC
2022-01-11,41819.5078125,43001.15625,41407.75390625,42735.85546875,26327648900,BTC
2022-01-12,42742.1796875,44135.3671875,42528.98828125,43949.1015625,33499938689,BTC
2022-01-13,43946.7421875,44278.421875,42447.04296875,42591.5703125,47691135082,BTC
2022-01-14,42598.87109375,43346.6875,41982.6171875,43099.69921875,23577403399,BTC
2022-01-15,43101.8984375,43724.671875,42669.03515625,43177.3984375,18371348298,BTC
2022-01-16,43172.0390625,43436.80859375,42691.0234375,43113.87890625,17902097845,BTC
2022-01-17,43118.12109375,43179.390625,41680.3203125,42250.55078125,21690904261,BTC
2022-01-18,42250.07421875,42534.40234375,41392.21484375,42375.6328125,22417209227,BTC
2022-01-19,42374.0390625,42478.3046875,41242.9140625,41744.328125,23091543258,BTC
2022-01-20,41744.02734375,43413.0234375,40672.82421875,40680.41796875,20382033940,BTC
2022-01-21,40699.60546875,41060.52734375,35791.42578125,36457.31640625,43011992031,BTC
2022-01-22,36471.58984375,36688.8125,34349.25,35030.25,39714385405,BTC
2022-01-23,35047.359375,36433.3125,34784.96875,36276.8046875,26017975951,BTC
2022-01-24,36275.734375,37247.51953125,33184.05859375,36654.328125,41856658597,BTC
2022-01-25,36654.8046875,37444.5703125,35779.4296875,36954.00390625,26428189594,BTC
2022-01-26,36950.515625,38825.41015625,36374.90625,36852.12109375,31324598034,BTC
2022-01-27,36841.87890625,37148.32421875,35629.28125,37138.234375,25041426629,BTC
2022-01-28,37128.4453125,37952.87890625,36211.109375,37784.33203125,22238830523,BTC
2022-01-29,37780.71484375,38576.26171875,37406.47265625,38138.1796875,17194183075,BTC
2022-01-30,38151.91796875,38266.33984375,37437.7109375,37917.6015625,14643548444,BTC
2022-01-31,37920.28125,38647.26171875,36733.57421875,38483.125,20734730465,BTC
2022-02-01,38481.765625,39115.1328125,38113.6640625,38743.2734375,20288500328,BTC
2022-02-02,38743.71484375,38834.6171875,36832.73046875,36952.984375,19155189416,BTC
2022-02-03,36944.8046875,37154.6015625,36375.5390625,37154.6015625,18591534769,BTC
2022-02-04,37149.265625,41527.78515625,37093.62890625,41500.875,29412210792,BTC
2022-02-05,41501.48046875,41847.1640625,41038.09765625,41441.1640625,19652846215,BTC
2022-02-06,41441.12109375,42500.78515625,41244.90625,42412.43359375,16142097334,BTC
2022-02-07,42406.78125,44401.86328125,41748.15625,43840.28515625,28641855926,BTC
2022-02-08,43854.65234375,45293.8671875,42807.8359375,44118.4453125,33079398868,BTC
2022-02-09,44096.703125,44727.80078125,43232.96875,44338.796875,23245887300,BTC
2022-02-10,44347.80078125,45661.171875,43402.80859375,43565.11328125,32142048537,BTC
2022-02-11,43571.12890625,43810.83203125,42114.5390625,42407.9375,26954925781,BTC
2022-02-12,42412.30078125,42992.55078125,41852.57421875,42244.46875,18152390304,BTC
2022-02-13,42236.56640625,42693.0546875,41950.94140625,42197.515625,14741589015,BTC
2022-02-14,42157.3984375,42775.77734375,41681.95703125,42586.91796875,20827783012,BTC
2022-02-15,42586.46484375,44667.21875,42491.03515625,44575.203125,22721659051,BTC
2022-02-16,44578.27734375,44578.27734375,43456.69140625,43961.859375,19792547657,BTC
2022-02-17,43937.0703125,44132.97265625,40249.37109375,40538.01171875,26246662813,BTC
2022-02-18,40552.1328125,40929.15234375,39637.6171875,40030.9765625,23310007704,BTC
2022-02-19,40026.0234375,40418.87890625,39713.05859375,40122.15625,13736557863,BTC
2022-02-20,40118.1015625,40119.890625,38112.8125,38431.37890625,18340576452,BTC
2022-02-21,38423.2109375,39394.4375,36950.4765625,37075.28125,29280402798,BTC
2022-02-22,37068.76953125,38359.85546875,36488.93359375,38286.02734375,25493150450,BTC
2022-02-23,38285.28125,39122.39453125,37201.81640625,37296.5703125,21849073843,BTC
2022-02-24,37278.56640625,38968.83984375,34459.21875,38332.609375,46383802093,BTC
2022-02-25,38333.74609375,39630.32421875,38111.34375,39214.21875,26545599159,BTC
2022-02-26,39213.08203125,40005.34765625,38702.53515625,39105.1484375,17467554129,BTC
2022-02-27,39098.69921875,39778.94140625,37268.9765625,37709.78515625,23450127612,BTC
2022-02-28,37706.0,43760.45703125,37518.21484375,43193.234375,35690014104,BTC
2022-03-01,43194.50390625,44793.6015625,42952.5859375,44354.63671875,32479047645,BTC
2022-03-02,44357.6171875,45077.578125,43432.8515625,43924.1171875,29183112630,BTC
2022-03-03,43925.1953125,44021.578125,41914.75,42451.7890625,24967782593,BTC
2022-03-04,42458.140625,42479.61328125,38805.84765625,39137.60546875,28516271427,BTC
2022-03-05,39148.44921875,39566.3359375,38777.03515625,39400.5859375,16975917450,BTC
2022-03-06,39404.19921875,39640.17578125,38211.6484375,38419.984375,19745229902,BTC
2022-03-07,38429.3046875,39430.2265625,37260.203125,38062.0390625,28546143503,BTC
2022-03-08,38059.90234375,39304.44140625,37957.38671875,38737.26953125,25776583476,BTC
2022-03-09,38742.81640625,42465.671875,38706.09375,41982.92578125,32284121034,BTC
2022-03-10,41974.0703125,42004.7265625,38832.94140625,39437.4609375,31078064711,BTC
2022-03-11,39439.96875,40081.6796875,38347.43359375,38794.97265625,26364890465,BTC
2022-03-12,38794.46484375,39308.59765625,38772.53515625,38904.01171875,14616450657,BTC
2022-03-13,38884.7265625,39209.3515625,37728.14453125,37849.6640625,17300745310,BTC
2022-03-14,37846.31640625,39742.5,37680.734375,39666.75390625,24322159070,BTC
2022-03-15,39664.25,39794.62890625,38310.2109375,39338.78515625,23934000868,BTC
2022-03-16,39335.5703125,41465.453125,39022.34765625,41143.9296875,39616916192,BTC
2022-03-17,41140.84375,41287.53515625,40662.87109375,40951.37890625,22009601093,BTC
2022-03-18,40944.83984375,42195.74609375,40302.3984375,41801.15625,34421564942,BTC
2022-03-19,41794.6484375,42316.5546875,41602.66796875,42190.65234375,19664853187,BTC
2022-03-20,42191.40625,42241.1640625,41004.7578125,41247.82421875,20127946682,BTC
2022-03-21,41246.1328125,41454.41015625,40668.04296875,41077.99609375,24615543271,BTC
2022-03-22,41074.10546875,43124.70703125,40948.28125,42358.80859375,32004652376,BTC
2022-03-23,42364.37890625,42893.5078125,41877.5078125,42892.95703125,25242943069,BTC
2022-03-24,42886.65234375,44131.85546875,42726.1640625,43960.93359375,31042992291,BTC
2022-03-25,43964.546875,44999.4921875,43706.28515625,44348.73046875,30574413034,BTC
2022-03-26,44349.859375,44735.99609375,44166.2734375,44500.828125,16950455995,BTC
2022-03-27,44505.35546875,46827.546875,44437.29296875,46820.4921875,28160889722,BTC
2022-03-28,46821.8515625,48086.8359375,46690.203125,47128.00390625,36362175703,BTC
2022-03-29,47100.4375,48022.2890625,47100.4375,47465.73046875,31397059069,BTC
2022-03-30,47456.8984375,47655.1484375,46746.2109375,47062.6640625,29333883962,BTC
2022-03-31,47062.1484375,47512.02734375,45390.5390625,45538.67578125,33327427106,BTC
2022-04-01,45554.1640625,46616.2421875,44403.140625,46281.64453125,38162644287,BTC
2022-04-02,46285.5,47028.28125,45782.51171875,45868.94921875,29336594194,BTC
2022-04-03,45859.12890625,47313.4765625,45634.10546875,46453.56640625,25414397610,BTC
2022-04-04,46445.2734375,46791.08984375,45235.81640625,46622.67578125,32499785455,BTC
2022-04-05,46624.5078125,47106.140625,45544.80859375,45555.9921875,29640604055,BTC
2022-04-06,45544.35546875,45544.35546875,43193.953125,43206.73828125,39393395788,BTC
2022-04-07,43207.5,43860.69921875,42899.90625,43503.84765625,26101973106,BTC
2022-04-08,43505.13671875,43903.01953125,42183.2890625,42287.6640625,27215995394,BTC
2022-04-09,42282.078125,42786.81640625,42183.25390625,42782.13671875,16050772496,BTC
2022-04-10,42781.08984375,43376.37890625,42021.20703125,42207.671875,17654475582,BTC
2022-04-11,42201.0390625,42424.58984375,39373.05859375,39521.90234375,33949912166,BTC
2022-04-12,39533.71484375,40617.5859375,39388.328125,40127.18359375,30991500854,BTC
2022-04-13,40123.5703125,41430.0546875,39712.74609375,41166.73046875,27691105228,BTC
2022-04-14,41160.21875,41451.48046875,39695.74609375,39935.515625,24342001973,BTC
2022-04-15,39939.40234375,40617.72265625,39866.83203125,40553.46484375,21756855753,BTC
2022-04-16,40552.31640625,40633.6796875,40078.42578125,40424.484375,16833150693,BTC
2022-04-17,40417.77734375,40570.7265625,39620.89453125,39716.953125,19087633042,BTC
2022-04-18,39721.203125,40986.3203125,38696.19140625,40826.21484375,33705182072,BTC
2022-04-19,40828.17578125,41672.9609375,40618.6328125,41502.75,25303206547,BTC
2022-04-20,41501.74609375,42126.30078125,40961.09765625,41374.37890625,27819532341,BTC
2022-04-21,41371.515625,42893.58203125,40063.828125,40527.36328125,35372786395,BTC
2022-04-22,40525.86328125,40777.7578125,39315.41796875,39740.3203125,28011716745,BTC
2022-04-23,39738.72265625,39935.859375,39352.203125,39486.73046875,16138021249,BTC
2022-04-24,39478.375,39845.92578125,39233.5390625,39469.29296875,17964398167,BTC
2022-04-25,39472.60546875,40491.75390625,38338.37890625,40458.30859375,35445730570,BTC
2022-04-26,40448.421875,40713.890625,37884.984375,38117.4609375,34569088416,BTC
2022-04-27,38120.30078125,39397.91796875,37997.3125,39241.12109375,30981015184,BTC
2022-04-28,39241.4296875,40269.46484375,38941.421875,39773.828125,33903704907,BTC
2022-04-29,39768.6171875,39887.26953125,38235.53515625,38609.82421875,30882994649,BTC
2022-04-30,38605.859375,38771.2109375,37697.94140625,37714.875,23895713731,BTC
2022-05-01,37713.265625,38627.859375,37585.7890625,38469.09375,27002760110,BTC
2022-05-02,38472.1875,39074.97265625,38156.5625,38529.328125,32922642426,BTC
2022-05-03,38528.109375,38629.99609375,37585.62109375,37750.453125,27326943244,BTC
2022-05-04,37748.01171875,39902.94921875,37732.05859375,39698.37109375,36754404490,BTC
2022-05-05,39695.74609375,39789.28125,35856.515625,36575.140625,43106256317,BTC
2022-05-06,36573.18359375,36624.359375,35482.1328125,36040.921875,37795577489,BTC
2022-05-07,36042.50390625,36129.92578125,34940.82421875,35501.953125,24375896406,BTC
2022-05-08,35502.94140625,35502.94140625,33878.96484375,34059.265625,36763041910,BTC
2022-05-09,34060.015625,34222.07421875,30296.953125,30296.953125,63355494961,BTC
2022-05-10,30273.654296875,32596.30859375,29944.802734375,31022.90625,59811038817,BTC
2022-05-11,31016.18359375,32013.40234375,28170.4140625,28936.35546875,70388855818,BTC
2022-05-12,28936.734375,30032.439453125,26350.490234375,29047.751953125,66989173272,BTC
2022-05-13,29030.91015625,30924.802734375,28782.330078125,29283.103515625,42841124537,BTC
2022-05-14,29285.642578125,30192.802734375,28702.91015625,30101.265625,28579868620,BTC
2022-05-15,30098.5859375,31308.19140625,29527.740234375,31305.11328125,25835372065,BTC
2022-05-16,31304.375,31305.341796875,29251.884765625,29862.91796875,32613897286,BTC
2022-05-17,29862.408203125,30694.490234375,29570.302734375,30425.857421875,29101473475,BTC
2022-05-18,30424.478515625,30618.716796875,28720.271484375,28720.271484375,31285268319,BTC
2022-05-19,28720.359375,30430.751953125,28708.955078125,30314.333984375,33773447707,BTC
2022-05-20,30311.119140625,30664.9765625,28793.60546875,29200.740234375,30749382605,BTC
2022-05-21,29199.859375,29588.869140625,29027.39453125,29432.2265625,17274840442,BTC
2022-05-22,29432.47265625,30425.861328125,29275.18359375,30323.72265625,21631532270,BTC
2022-05-23,30309.396484375,30590.5859375,28975.560546875,29098.91015625,31483454557,BTC
2022-05-24,29101.125,29774.35546875,28786.58984375,29655.5859375,26616506245,BTC
2022-05-25,29653.134765625,30157.78515625,29384.94921875,29562.361328125,27525063551,BTC
2022-05-26,29564.77734375,29834.16015625,28261.90625,29267.224609375,36774325352,BTC
2022-05-27,29251.140625,29346.943359375,28326.61328125,28627.57421875,36582005748,BTC
2022-05-28,28622.625,28814.900390625,28554.56640625,28814.900390625,35519577634,BTC
2022-05-29,29019.8671875,29498.009765625,28841.107421875,29445.95703125,18093886409,BTC
2022-05-30,29443.365234375,31949.630859375,29303.572265625,31726.390625,39277993274,BTC
2022-05-31,31723.865234375,32249.86328125,31286.154296875,31792.310546875,33538210634,BTC
2022-06-01,31792.5546875,31957.28515625,29501.587890625,29799.080078125,41135817341,BTC
2022-06-02,29794.890625,30604.734375,29652.705078125,30467.48828125,29083562061,BTC
2022-06-03,30467.806640625,30633.03515625,29375.689453125,29704.390625,26175547452,BTC
2022-06-04,29706.138671875,29930.564453125,29500.005859375,29832.9140625,16588370958,BTC
2022-06-05,29835.1171875,30117.744140625,29574.44921875,29906.662109375,17264085441,BTC
2022-06-06,29910.283203125,31693.291015625,29894.1875,31370.671875,31947336829,BTC
2022-06-07,31371.7421875,31489.68359375,29311.68359375,31155.478515625,40770974039,BTC
2022-06-08,31151.48046875,31253.69140625,29944.404296875,30214.35546875,30242059107,BTC
2022-06-09,30215.279296875,30609.310546875,30020.265625,30111.998046875,21692004719,BTC
2022-06-10,30110.330078125,30245.80859375,28978.146484375,29083.8046875,29867476527,BTC
2022-06-11,29084.666015625,29401.916015625,28236.212890625,28360.810546875,27246574439,BTC
2022-06-12,28373.513671875,28502.685546875,26762.6484375,26762.6484375,34163220274,BTC
2022-06-13,26737.578125,26795.58984375,22141.2578125,22487.388671875,68204556440,BTC
2022-06-14,22487.986328125,23018.951171875,20950.818359375,22206.79296875,50913575242,BTC
2022-06-15,22196.73046875,22642.671875,20178.376953125,22572.83984375,54912007015,BTC
2022-06-16,22576.3046875,22868.921875,20265.2265625,20381.650390625,31183975654,BTC
2022-06-17,20385.71875,21243.3125,20326.51953125,20471.482421875,27132421514,BTC
2022-06-18,20473.42578125,20736.041015625,17708.623046875,19017.642578125,42009436760,BTC
2022-06-19,19010.90234375,20683.822265625,18067.15234375,20553.271484375,35329942625,BTC
2022-06-20,20553.37109375,20913.322265625,19689.169921875,20599.537109375,30818458597,BTC
2022-06-21,20594.294921875,21620.62890625,20415.0625,20710.59765625,28970212744,BTC
2022-06-22,20719.4140625,20835.75,19848.078125,19987.029296875,28574793478,BTC
2022-06-23,19986.607421875,21135.76171875,19950.1171875,21085.876953125,26188097173,BTC
2022-06-24,21084.6484375,21472.91796875,20777.51171875,21231.65625,24957784918,BTC
2022-06-25,21233.609375,21520.9140625,20964.5859375,21502.337890625,18372538715,BTC
2022-06-26,21496.494140625,21783.724609375,21016.26953125,21027.294921875,18027170497,BTC
2022-06-27,21028.23828125,21478.08984375,20620.19921875,20735.478515625,20965695707,BTC
2022-06-28,20731.544921875,21164.423828125,20228.8125,20280.634765625,21381535161,BTC
2022-06-29,20281.169921875,20364.15625,19937.791015625,20104.0234375,23552740328,BTC
2022-06-30,20108.3125,20141.16015625,18729.65625,19784.7265625,26267239923,BTC
2022-07-01,19820.470703125,20632.671875,19073.708984375,19269.3671875,30767551159,BTC
2022-07-02,19274.8359375,19371.748046875,19027.08203125,19242.255859375,18100418740,BTC
2022-07-03,19242.095703125,19558.26953125,18966.951171875,19297.076171875,16390821947,BTC
2022-07-04,19297.314453125,20258.748046875,19063.06640625,20231.26171875,21594638208,BTC
2022-07-05,20225.353515625,20635.466796875,19341.232421875,20190.115234375,26715546990,BTC
2022-07-06,20194.619140625,20595.529296875,19823.51171875,20548.24609375,24598943708,BTC
2022-07-07,20547.814453125,21771.81640625,20296.103515625,21637.587890625,25814972520,BTC
2022-07-08,21637.154296875,22314.94140625,21257.453125,21731.1171875,49899834488,BTC
2022-07-09,21716.828125,21877.138671875,21445.95703125,21592.20703125,29641127858,BTC
2022-07-10,21591.080078125,21591.080078125,20727.123046875,20860.44921875,28688807249,BTC
2022-07-11,20856.353515625,20856.353515625,19924.5390625,19970.556640625,24150249025,BTC
2022-07-12,19970.474609375,20043.4453125,19308.53125,19323.9140625,25810220018,BTC
2022-07-13,19325.97265625,20223.052734375,18999.953125,20212.07421875,33042430345,BTC
2022-07-14,20211.466796875,20789.89453125,19689.2578125,20569.919921875,31158743333,BTC
2022-07-15,20573.15625,21138.244140625,20397.0,20836.328125,25905575359,BTC
2022-07-16,20834.103515625,21514.404296875,20518.8984375,21190.31640625,24302954056,BTC
2022-07-17,21195.041015625,21600.640625,20778.1796875,20779.34375,22927802083,BTC
2022-07-18,20781.912109375,22633.033203125,20781.912109375,22485.689453125,39974475562,BTC
2022-07-19,22467.849609375,23666.962890625,21683.40625,23389.43359375,48765202697,BTC
2022-07-20,23393.19140625,24196.818359375,23009.94921875,23231.732421875,42932549127,BTC
2022-07-21,23233.201171875,23388.322265625,22431.1484375,23164.62890625,33631012204,BTC
2022-07-22,23163.751953125,23671.927734375,22603.416015625,22714.978515625,31421555646,BTC
2022-07-23,22706.984375,22977.2109375,22002.91015625,22465.478515625,24021799169,BTC
2022-07-24,22465.509765625,22974.001953125,22306.83984375,22609.1640625,23565495303,BTC
2022-07-25,22607.15625,22649.12109375,21361.642578125,21361.701171875,35574561406,BTC
2022-07-26,21361.12109375,21361.12109375,20776.81640625,21239.75390625,28624673855,BTC
2022-07-27,21244.169921875,22986.529296875,21070.806640625,22930.548828125,31758955233,BTC
2022-07-28,22933.640625,24110.470703125,22722.265625,23843.88671875,40212386158,BTC
2022-07-29,23845.212890625,24294.787109375,23481.173828125,23804.6328125,35887249746,BTC
2022-07-30,23796.818359375,24572.580078125,23580.5078125,23656.20703125,28148218301,BTC
2022-07-31,23652.0703125,24121.642578125,23275.703125,23336.896484375,23553591896,BTC
2022-08-01,23336.71875,23464.787109375,22890.796875,23314.19921875,25849159141,BTC
2022-08-02,23308.43359375,23415.041015625,22710.083984375,22978.1171875,28389250717,BTC
2022-08-03,22981.302734375,23578.650390625,22747.8359375,22846.5078125,26288169966,BTC
2022-08-04,22848.21484375,23198.009765625,22485.701171875,22630.95703125,25120229769,BTC
2022-08-05,22626.833984375,23422.828125,22612.177734375,23289.314453125,28881249043,BTC
2022-08-06,23291.423828125,23326.5625,22961.279296875,22961.279296875,15978259885,BTC
2022-08-07,22963.505859375,23359.009765625,22894.556640625,23175.890625,15886817043,BTC
2022-08-08,23179.52734375,24203.689453125,23176.546875,23809.486328125,28575544847,BTC
2022-08-09,23811.484375,23898.615234375,22982.0,23164.318359375,23555719219,BTC
2022-08-10,23162.8984375,24127.4140625,22771.51953125,23947.642578125,32837431722,BTC
2022-08-11,23948.345703125,24822.62890625,23900.99609375,23957.529296875,37127036580,BTC
2022-08-12,23957.203125,24412.56640625,23657.265625,24402.818359375,27265804688,BTC
2022-08-13,24402.1875,24860.05078125,24346.115234375,24424.068359375,22987346289,BTC
2022-08-14,24429.056640625,24974.9140625,24206.259765625,24319.333984375,22994133555,BTC
2022-08-15,24318.31640625,25135.58984375,23839.775390625,24136.97265625,35123501685,BTC
2022-08-16,24126.13671875,24228.416015625,23733.5,23883.291015625,27753685646,BTC
2022-08-17,23881.31640625,24407.05859375,23243.353515625,23335.998046875,30931623076,BTC
2022-08-18,23341.0390625,23563.83203125,23177.6015625,23212.73828125,23747613147,BTC
2022-08-19,23213.3125,23213.3125,20868.84765625,20877.552734375,40509610260,BTC
2022-08-20,20872.841796875,21350.806640625,20856.73046875,21166.060546875,27595671000,BTC
2022-08-21,21160.392578125,21668.845703125,21103.197265625,21534.12109375,23102307723,BTC
2022-08-22,21531.462890625,21531.462890625,20939.18359375,21398.908203125,31666498758,BTC
2022-08-23,21401.044921875,21646.203125,20955.138671875,21528.087890625,31878280659,BTC
2022-08-24,21526.455078125,21783.076171875,21195.005859375,21395.01953125,31962253368,BTC
2022-08-25,21395.458984375,21789.63671875,21362.44140625,21600.904296875,31028679593,BTC
2022-08-26,21596.0859375,21804.908203125,20199.482421875,20260.01953125,42326789564,BTC
2022-08-27,20262.48046875,20340.775390625,19890.5234375,20041.73828125,30116729776,BTC
2022-08-28,20041.03515625,20139.0546875,19616.814453125,19616.814453125,24366810591,BTC
2022-08-29,19615.154296875,20357.462890625,19600.78515625,20297.994140625,32637854078,BTC
2022-08-30,20298.611328125,20542.64453125,19617.640625,19796.80859375,34483360283,BTC
2022-08-31,19799.58203125,20420.990234375,19799.58203125,20049.763671875,33225232872,BTC
2022-09-01,20050.498046875,20198.390625,19653.96875,20127.140625,30182031010,BTC
2022-09-02,20126.072265625,20401.568359375,19814.765625,19969.771484375,29123998928,BTC
2022-09-03,19969.71875,20037.009765625,19698.35546875,19832.087890625,23613051457,BTC
2022-09-04,19832.470703125,19999.689453125,19636.81640625,19986.712890625,25245861652,BTC
2022-09-05,19988.7890625,20031.16015625,19673.046875,19812.37109375,28813460025,BTC
2022-09-06,19817.724609375,20155.26953125,18800.171875,18837.66796875,43403978910,BTC
2022-09-07,18837.68359375,19427.171875,18644.466796875,19290.32421875,35239757134,BTC
2022-09-08,19289.94140625,19417.3515625,19076.71484375,19329.833984375,32194477850,BTC
2022-09-09,19328.140625,21439.41015625,19310.962890625,21381.15234375,48469528171,BTC
2022-09-10,21376.912109375,21760.275390625,21168.72265625,21680.5390625,36913738894,BTC
2022-09-11,21678.54296875,21770.552734375,21406.9453125,21769.255859375,34493951963,BTC
2022-09-12,21770.1484375,22439.181640625,21603.896484375,22370.44921875,50212088965,BTC
2022-09-13,22371.48046875,22673.8203125,20062.669921875,20296.70703125,51091116622,BTC
2022-09-14,20184.5546875,20467.201171875,19793.396484375,20241.08984375,37872380889,BTC
2022-09-15,20242.2890625,20318.166015625,19636.734375,19701.2109375,36389011503,BTC
2022-09-16,19704.005859375,19870.62890625,19400.076171875,19772.583984375,30123362273,BTC
2022-09-17,19777.033203125,20162.53125,19777.033203125,20127.576171875,24957448100,BTC
2022-09-18,20127.234375,20127.234375,19387.4921875,19419.505859375,31254779144,BTC
2022-09-19,19418.572265625,19639.48046875,18390.318359375,19544.12890625,40177002624,BTC
2022-09-20,19545.591796875,19602.45703125,18813.455078125,18890.7890625,36791346508,BTC
2022-09-21,18891.283203125,19674.630859375,18290.314453125,18547.400390625,46363793975,BTC
2022-09-22,18534.650390625,19456.91015625,18415.591796875,19413.55078125,41135767926,BTC
2022-09-23,19412.400390625,19464.671875,18617.552734375,19297.638671875,38896078052,BTC
2022-09-24,19296.990234375,19310.197265625,18861.974609375,18937.01171875,26149643168,BTC
2022-09-25,18936.310546875,19134.732421875,18696.46875,18802.09765625,23359966112,BTC
2022-09-26,18803.900390625,19274.873046875,18721.28515625,19222.671875,44148798321,BTC
2022-09-27,19221.83984375,20338.455078125,18915.66796875,19110.546875,58571439619,BTC
2022-09-28,19104.62109375,19688.34375,18553.296875,19426.720703125,53071298734,BTC
2022-09-29,19427.779296875,19589.265625,18924.353515625,19573.05078125,41037843771,BTC
2022-09-30,19573.431640625,20109.849609375,19265.662109375,19431.7890625,43975248085,BTC
2022-10-01,19431.10546875,19471.154296875,19231.08203125,19312.095703125,18719537670,BTC
2022-10-02,19311.849609375,19370.30859375,18970.62109375,19044.107421875,20765955327,BTC
2022-10-03,19044.068359375,19653.54296875,19025.2265625,19623.580078125,30484729489,BTC
2022-10-04,19623.583984375,20380.34375,19523.83984375,20336.84375,35887278685,BTC
2022-10-05,20335.900390625,20343.748046875,19801.80078125,20160.716796875,33223790572,BTC
2022-10-06,20161.0390625,20408.392578125,19900.087890625,19955.443359375,34711412966,BTC
2022-10-07,19957.55859375,20041.0859375,19395.79296875,19546.849609375,29227315390,BTC
2022-10-08,19546.328125,19601.6953125,19299.4140625,19416.568359375,16437423167,BTC
2022-10-09,19417.478515625,19542.5390625,19349.259765625,19446.42578125,16837262532,BTC
2022-10-10,19446.416015625,19515.466796875,19102.978515625,19141.484375,27425022774,BTC
2022-10-11,19139.0,19241.9609375,18925.603515625,19051.41796875,28711532910,BTC
2022-10-12,19052.646484375,19203.19921875,19029.7578125,19157.4453125,24950173846,BTC
2022-10-13,19156.966796875,19453.328125,18319.822265625,19382.904296875,44219840004,BTC
2022-10-14,19382.533203125,19889.146484375,19115.408203125,19185.65625,38452356727,BTC
2022-10-15,19185.4375,19212.541015625,19019.25,19067.634765625,16192235532,BTC
2022-10-16,19068.9140625,19389.603515625,19068.9140625,19268.09375,17988916650,BTC
2022-10-17,19268.5625,19635.802734375,19173.333984375,19550.7578125,27472552998,BTC
2022-10-18,19550.466796875,19666.994140625,19144.76953125,19334.416015625,30580012344,BTC
2022-10-19,19335.02734375,19348.416015625,19127.6875,19139.53515625,22425387184,BTC
2022-10-20,19138.0859375,19315.19921875,18971.458984375,19053.740234375,24493974420,BTC
2022-10-21,19053.203125,19237.384765625,18770.970703125,19172.46875,32459287866,BTC
2022-10-22,19172.380859375,19248.068359375,19132.244140625,19208.189453125,16104440957,BTC
2022-10-23,19207.734375,19646.65234375,19124.197265625,19567.0078125,22128794335,BTC
2022-10-24,19567.76953125,19589.125,19206.32421875,19345.572265625,30202235805,BTC
2022-10-25,19344.96484375,20348.412109375,19261.447265625,20095.857421875,47761524910,BTC
2022-10-26,20092.236328125,20938.134765625,20076.1171875,20770.44140625,58895950537,BTC
2022-10-27,20772.802734375,20854.044921875,20255.373046875,20285.8359375,49625110402,BTC
2022-10-28,20287.95703125,20724.98046875,20086.068359375,20595.3515625,43994715910,BTC
2022-10-29,20595.103515625,20988.39453125,20566.484375,20818.4765625,40369840645,BTC
2022-10-30,20817.982421875,20917.005859375,20547.462890625,20635.603515625,31486345556,BTC
2022-10-31,20633.6953125,20795.3203125,20287.458984375,20495.7734375,45668466815,BTC
2022-11-01,20494.8984375,20647.2890625,20359.845703125,20485.2734375,39819303159,BTC
2022-11-02,20482.958984375,20742.810546875,20087.134765625,20159.50390625,55552169483,BTC
2022-11-03,20162.689453125,20382.095703125,20086.240234375,20209.98828125,43228750179,BTC
2022-11-04,20208.76953125,21209.560546875,20188.01953125,21147.23046875,64072727950,BTC
2022-11-05,21144.83203125,21446.88671875,21097.634765625,21282.69140625,37846047609,BTC
2022-11-06,21285.056640625,21345.376953125,20920.19140625,20926.486328125,35082693210,BTC
2022-11-07,20924.62109375,21053.24609375,20489.97265625,20602.81640625,53510852236,BTC
2022-11-08,20600.671875,20664.607421875,17603.544921875,18541.271484375,118992465607,BTC
2022-11-09,18543.76171875,18590.458984375,15682.6923828125,15880.7802734375,102905151606,BTC
2022-11-10,15883.158203125,18054.3125,15834.0185546875,17586.771484375,83202283721,BTC
2022-11-11,17583.251953125,17650.943359375,16543.482421875,17034.29296875,55871616488,BTC
2022-11-12,17036.875,17066.67578125,16651.775390625,16799.185546875,29717699419,BTC
2022-11-13,16799.72265625,16920.765625,16320.634765625,16353.365234375,27209183682,BTC
2022-11-14,16352.0283203125,17109.32421875,15872.94140625,16618.19921875,49630243054,BTC
2022-11-15,16617.484375,17051.962890625,16542.55078125,16884.61328125,36599436183,BTC
2022-11-16,16884.341796875,16960.294921875,16430.111328125,16669.439453125,33925512989,BTC
2022-11-17,16670.42578125,16726.439453125,16460.68359375,16687.517578125,27868914022,BTC
2022-11-18,16687.912109375,16947.05859375,16564.611328125,16697.77734375,26862218609,BTC
2022-11-19,16696.220703125,16797.876953125,16570.41015625,16711.546875,16106223492,BTC
2022-11-20,16712.919921875,16746.779296875,16248.6923828125,16291.83203125,21313378652,BTC
2022-11-21,16291.2236328125,16291.2236328125,15599.046875,15787.2841796875,37429485518,BTC
2022-11-22,15782.30078125,16253.0478515625,15656.6064453125,16189.76953125,30726828760,BTC
2022-11-23,16195.5888671875,16638.193359375,16170.5029296875,16610.70703125,32958875628,BTC
2022-11-24,16611.63671875,16771.474609375,16501.767578125,16604.46484375,26129037414,BTC
2022-11-25,16602.26953125,16603.31640625,16388.404296875,16521.841796875,18678255976,BTC
2022-11-26,16521.576171875,16666.86328125,16416.228515625,16464.28125,18000008764,BTC
2022-11-27,16463.8828125,16594.40625,16437.025390625,16444.626953125,20443898509,BTC
2022-11-28,16440.22265625,16482.93359375,16054.5302734375,16217.322265625,27743025156,BTC
2022-11-29,16217.6396484375,16522.2578125,16139.396484375,16444.982421875,23581685468,BTC
2022-11-30,16445.4765625,17190.9375,16445.4765625,17168.56640625,29523576583,BTC
2022-12-01,17168.001953125,17197.498046875,16888.388671875,16967.1328125,22895392882,BTC
2022-12-02,16968.68359375,17088.66015625,16877.880859375,17088.66015625,19539705127,BTC
2022-12-03,17090.09765625,17116.041015625,16888.140625,16908.236328125,16217776704,BTC
2022-12-04,16908.169921875,17157.767578125,16903.439453125,17130.486328125,16824520830,BTC
2022-12-05,17128.89453125,17378.15234375,16922.431640625,16974.826171875,22209086834,BTC
2022-12-06,16975.23828125,17091.86328125,16939.921875,17089.50390625,19889922369,BTC
2022-12-07,17089.505859375,17109.376953125,16750.55859375,16848.126953125,19675404389,BTC
2022-12-08,16847.349609375,17267.916015625,16788.783203125,17233.474609375,20496603770,BTC
2022-12-09,17232.1484375,17280.546875,17100.8359375,17133.15234375,20328426366,BTC
2022-12-10,17134.220703125,17216.826171875,17120.68359375,17128.724609375,12706781969,BTC
2022-12-11,17129.7109375,17245.634765625,17091.8203125,17104.193359375,14122486832,BTC
2022-12-12,17102.5,17212.564453125,16899.39453125,17206.4375,19617581341,BTC
2022-12-13,17206.44140625,17930.0859375,17111.763671875,17781.318359375,26634741631,BTC
2022-12-14,17782.06640625,18318.53125,17739.513671875,17815.650390625,25534481470,BTC
2022-12-15,17813.64453125,17846.744140625,17322.58984375,17364.865234375,20964448341,BTC
2022-12-16,17364.546875,17505.525390625,16584.701171875,16647.484375,24031608960,BTC
2022-12-17,16646.982421875,16800.58984375,16614.029296875,16795.091796875,14463581825,BTC
2022-12-18,16795.609375,16815.38671875,16697.8203125,16757.9765625,10924354698,BTC
2022-12-19,16759.041015625,16807.52734375,16398.13671875,16439.6796875,17221074814,BTC
2022-12-20,16441.787109375,17012.984375,16427.8671875,16906.3046875,22722096615,BTC
2022-12-21,16904.52734375,16916.80078125,16755.912109375,16817.53515625,14882945045,BTC
2022-12-22,16818.380859375,16866.673828125,16592.408203125,16830.341796875,16441573050,BTC
2022-12-23,16829.64453125,16905.21875,16794.458984375,16796.953125,15329265213,BTC
2022-12-24,16796.9765625,16864.703125,16793.52734375,16847.755859375,9744636213,BTC
2022-12-25,16847.505859375,16860.5546875,16755.25390625,16841.986328125,11656379938,BTC
2022-12-26,16842.25,16920.123046875,16812.369140625,16919.8046875,11886957804,BTC
2022-12-27,16919.291015625,16959.845703125,16642.072265625,16717.173828125,15748580239,BTC
2022-12-28,16716.400390625,16768.169921875,16497.556640625,16552.572265625,17005713920,BTC
2022-12-29,16552.322265625,16651.755859375,16508.68359375,16642.341796875,14472237479,BTC
2022-12-30,16641.330078125,16643.427734375,16408.474609375,16602.5859375,15929162910,BTC
2022-12-31,16603.673828125,16628.986328125,16517.51953125,16547.49609375,11239186456,BTC
2023-01-01,16547.9140625,16630.439453125,16521.234375,16625.080078125,9244361700,BTC
2023-01-02,16625.509765625,16759.34375,16572.228515625,16688.470703125,12097775227,BTC
2023-01-03,16688.84765625,16760.447265625,16622.37109375,16679.857421875,13903079207,BTC
2023-01-04,16680.205078125,16964.5859375,16667.763671875,16863.23828125,18421743322,BTC
2023-01-05,16863.47265625,16884.021484375,16790.283203125,16836.736328125,13692758566,BTC
2023-01-06,16836.47265625,16991.994140625,16716.421875,16951.96875,14413662913,BTC
2023-01-07,16952.1171875,16975.017578125,16914.19140625,16955.078125,7714767174,BTC
2023-01-08,16954.146484375,17091.14453125,16924.05078125,17091.14453125,9768827914,BTC
2023-01-09,17093.9921875,17389.95703125,17093.9921875,17196.5546875,18624736866,BTC
2023-01-10,17192.94921875,17484.720703125,17162.990234375,17446.29296875,15808338949,BTC
2023-01-11,17446.359375,17934.896484375,17337.994140625,17934.896484375,18372283782,BTC
2023-01-12,18117.59375,19030.087890625,17995.203125,18869.587890625,34971338710,BTC
2023-01-13,18868.90625,19964.322265625,18753.1640625,19909.57421875,29225029694,BTC
2023-01-14,19910.537109375,21075.142578125,19907.828125,20976.298828125,38967784639,BTC
2023-01-15,20977.484375,20993.748046875,20606.986328125,20880.798828125,19298407543,BTC
2023-01-16,20882.224609375,21360.875,20715.74609375,21169.6328125,26792494050,BTC
2023-01-17,21175.833984375,21438.66015625,20978.533203125,21161.51953125,24999983362,BTC
2023-01-18,21161.05078125,21564.501953125,20541.544921875,20688.78125,30005625418,BTC
2023-01-19,20686.74609375,21163.01171875,20685.380859375,21086.79296875,21152848261,BTC
2023-01-20,21085.373046875,22692.357421875,20919.126953125,22676.552734375,28799154319,BTC
2023-01-21,22677.427734375,23282.34765625,22511.833984375,22777.625,32442278429,BTC
2023-01-22,22777.986328125,23056.73046875,22387.900390625,22720.416015625,24746386230,BTC
2023-01-23,22721.087890625,23126.486328125,22654.3046875,22934.431640625,26518700512,BTC
2023-01-24,22929.626953125,23134.01171875,22549.744140625,22636.46875,26405069715,BTC
2023-01-25,22639.267578125,23722.099609375,22406.076171875,23117.859375,30685366709,BTC
2023-01-26,23108.955078125,23237.078125,22911.373046875,23032.77734375,26357839322,BTC
2023-01-27,23030.716796875,23417.720703125,22654.59375,23078.728515625,25383335641,BTC
2023-01-28,23079.96484375,23165.896484375,22908.845703125,23031.08984375,14712928379,BTC
2023-01-29,23031.44921875,23919.890625,22985.0703125,23774.56640625,27423687259,BTC
2023-01-30,23774.6484375,23789.34765625,22657.58203125,22840.138671875,27205595568,BTC
2023-01-31,22840.796875,23225.021484375,22765.568359375,23139.283203125,22837828665,BTC
2023-02-01,23137.8359375,23764.5390625,22877.75,23723.76953125,26683255504,BTC
2023-02-02,23720.82421875,24167.2109375,23468.595703125,23471.87109375,32066936882,BTC
2023-02-03,23469.412109375,23678.103515625,23279.955078125,23449.322265625,27083066007,BTC
2023-02-04,23446.3203125,23556.94921875,23291.794921875,23331.84765625,15639298538,BTC
2023-02-05,23332.248046875,23423.435546875,22841.759765625,22955.666015625,19564262605,BTC
2023-02-06,22954.021484375,23119.279296875,22692.025390625,22760.109375,23825006542,BTC
2023-02-07,22757.267578125,23310.974609375,22756.2578125,23264.291015625,27187964471,BTC
2023-02-08,23263.416015625,23367.958984375,22731.09765625,22939.3984375,25371367758,BTC
2023-02-09,22946.56640625,22996.4375,21773.974609375,21819.0390625,32572572185,BTC
2023-02-10,21819.005859375,21941.185546875,21539.392578125,21651.18359375,27078406594,BTC
2023-02-11,21651.841796875,21891.41015625,21618.44921875,21870.875,16356226232,BTC
2023-02-12,21870.90234375,22060.994140625,21682.828125,21788.203125,17821046406,BTC
2023-02-13,21787.0,21898.4140625,21460.087890625,21808.1015625,23918742607,BTC
2023-02-14,21801.822265625,22293.140625,21632.39453125,22220.8046875,26792596581,BTC
2023-02-15,22220.5859375,24307.841796875,22082.76953125,24307.841796875,32483312909,BTC
2023-02-16,24307.349609375,25134.1171875,23602.5234375,23623.474609375,39316664596,BTC
2023-02-17,23621.283203125,24924.041015625,23460.755859375,24565.6015625,41358451255,BTC
2023-02-18,24565.296875,24798.8359375,24468.373046875,24641.27734375,19625427158,BTC
2023-02-19,24640.02734375,25093.0546875,24327.642578125,24327.642578125,25555105670,BTC
2023-02-20,24336.623046875,25020.458984375,23927.91015625,24829.1484375,28987376573,BTC
2023-02-21,24833.048828125,25126.8515625,24200.36328125,24436.353515625,31252098714,BTC
2023-02-22,24437.41796875,24472.33984375,23644.318359375,24188.84375,30199996781,BTC
2023-02-23,24190.71875,24572.08984375,23693.919921875,23947.4921875,30476264066,BTC
2023-02-24,23946.0078125,24103.705078125,23007.072265625,23198.126953125,26811744928,BTC
2023-02-25,23200.125,23210.2109375,22861.55859375,23175.375,16100721565,BTC
2023-02-26,23174.150390625,23654.3671875,23084.220703125,23561.212890625,16644534842,BTC
2023-02-27,23561.451171875,23857.890625,23205.87890625,23522.87109375,22660763494,BTC
2023-02-28,23521.837890625,23585.384765625,23077.650390625,23147.353515625,20535363434,BTC
2023-03-01,23150.9296875,23880.6328125,23088.626953125,23646.55078125,24662841200,BTC
2023-03-02,23647.01953125,23739.138671875,23245.021484375,23475.466796875,20386398516,BTC
2023-03-03,23476.6328125,23479.34765625,22213.23828125,22362.6796875,26062404610,BTC
2023-03-04,22362.923828125,22405.177734375,22198.98046875,22353.349609375,11166012913,BTC
2023-03-05,22354.14453125,22613.685546875,22307.142578125,22435.513671875,13317001733,BTC
2023-03-06,22436.81640625,22584.29296875,22331.314453125,22429.7578125,17353192895,BTC
2023-03-07,22428.322265625,22527.41796875,22011.26171875,22219.76953125,22765452204,BTC
2023-03-08,22216.44140625,22268.896484375,21708.05078125,21718.080078125,22536575684,BTC
2023-03-09,21720.080078125,21802.716796875,20210.306640625,20363.021484375,30364664171,BTC
2023-03-10,20367.001953125,20370.595703125,19628.25390625,20187.244140625,39578257695,BTC
2023-03-11,20187.876953125,20792.525390625,20068.66015625,20632.41015625,30180288176,BTC
2023-03-12,20628.029296875,22185.03125,20448.806640625,22163.94921875,29279035521,BTC
2023-03-13,22156.40625,24550.837890625,21918.19921875,24197.533203125,49466362688,BTC
2023-03-14,24201.765625,26514.716796875,24081.18359375,24746.07421875,54622230164,BTC
2023-03-15,24770.92578125,25240.615234375,23964.91015625,24375.9609375,43655701450,BTC
2023-03-16,24373.45703125,25190.326171875,24225.111328125,25052.7890625,33866061747,BTC
2023-03-17,25055.123046875,27787.8125,24955.169921875,27423.9296875,50730261335,BTC
2023-03-18,27448.1171875,27725.953125,26636.26171875,26965.87890625,35723036817,BTC
2023-03-19,26969.50390625,28440.560546875,26907.716796875,28038.67578125,37769448859,BTC
2023-03-20,28041.6015625,28527.724609375,27242.880859375,27767.236328125,44774027664,BTC
2023-03-21,27768.392578125,28439.5625,27439.646484375,28175.81640625,36102192830,BTC
2023-03-22,28158.720703125,28803.3359375,26759.99609375,27307.4375,33382021890,BTC
2023-03-23,27301.95703125,28729.84375,27183.36328125,28333.97265625,24220433689,BTC
2023-03-24,28324.111328125,28388.4375,27039.265625,27493.28515625,25980310960,BTC
2023-03-25,27487.337890625,27791.826171875,27196.234375,27494.70703125,13383005987,BTC
2023-03-26,27495.5234375,28178.14453125,27445.046875,27994.330078125,13878363192,BTC
2023-03-27,27994.068359375,28037.92578125,26606.689453125,27139.888671875,18188895178,BTC
2023-03-28,27132.888671875,27460.71875,26677.818359375,27268.130859375,17783600385,BTC
2023-03-29,27267.03125,28619.54296875,27259.662109375,28348.44140625,20684945906,BTC
2023-03-30,28350.140625,29159.90234375,27720.16015625,28033.5625,22435349951,BTC
2023-03-31,28032.26171875,28639.896484375,27583.71484375,28478.484375,19001327598,BTC
2023-04-01,28473.33203125,28802.45703125,28297.171875,28411.03515625,10876469901,BTC
2023-04-02,28462.845703125,28518.958984375,27884.087890625,28199.30859375,12284641999,BTC
2023-04-03,28183.080078125,28475.623046875,27276.720703125,27790.220703125,19556501327,BTC
2023-04-04,27795.2734375,28433.7421875,27681.3046875,28168.08984375,15284538859,BTC
2023-04-05,28169.7265625,28739.23828125,27843.763671875,28177.984375,17052315986,BTC
2023-04-06,28175.2265625,28178.384765625,27738.759765625,28044.140625,13837809380,BTC
2023-04-07,28038.966796875,28111.59375,27794.03125,27925.859375,10861680497,BTC
2023-04-08,27920.513671875,28159.86328125,27883.38671875,27947.794921875,9373255556,BTC
2023-04-09,27952.3671875,28532.830078125,27828.48046875,28333.05078125,12175322951,BTC
2023-04-10,28336.02734375,29771.46484375,28189.271484375,29652.98046875,19282400094,BTC
2023-04-11,29653.6796875,30509.083984375,29609.30078125,30235.05859375,20121259843,BTC
2023-04-12,30231.58203125,30462.48046875,29725.57421875,30139.052734375,18651929926,BTC
2023-04-13,29892.740234375,30539.845703125,29878.623046875,30399.06640625,17487721001,BTC
2023-04-14,30409.5625,31005.607421875,30044.498046875,30485.69921875,22659995079,BTC
2023-04-15,30490.75,30601.740234375,30245.8828125,30318.49609375,11940685378,BTC
2023-04-16,30315.9765625,30555.537109375,30157.83203125,30315.35546875,12854816417,BTC
2023-04-17,30317.146484375,30319.197265625,29275.37109375,29445.044921875,17872186762,BTC
2023-04-18,29449.091796875,30470.302734375,29154.849609375,30397.552734375,19480529496,BTC
2023-04-19,30394.1875,30411.0546875,28669.8984375,28822.6796875,24571565421,BTC
2023-04-20,28823.68359375,29076.400390625,28037.2578125,28245.98828125,21340360360,BTC
2023-04-21,28249.23046875,28349.96875,27177.365234375,27276.91015625,20759504330,BTC
2023-04-22,27265.89453125,27872.142578125,27169.5703125,27817.5,13125734602,BTC
2023-04-23,27816.14453125,27820.244140625,27400.314453125,27591.384765625,12785446832,BTC
2023-04-24,27591.73046875,27979.982421875,27070.849609375,27525.33984375,17703288330,BTC
2023-04-25,27514.873046875,28371.078125,27207.931640625,28307.59765625,17733373139,BTC
2023-04-26,28300.05859375,29995.837890625,27324.548828125,28422.701171875,31854242019,BTC
2023-04-27,28428.46484375,29871.546875,28402.88671875,29473.787109375,27153445027,BTC
2023-04-28,29481.013671875,29572.791015625,28929.609375,29340.26171875,17544464887,BTC
2023-04-29,29336.56640625,29452.455078125,29088.04296875,29248.48828125,10662634333,BTC
2023-04-30,29245.515625,29952.029296875,29114.021484375,29268.806640625,14652199272,BTC
2023-05-01,29227.103515625,29329.935546875,27680.79296875,28091.568359375,18655599976,BTC
2023-05-02,28087.17578125,28881.298828125,27924.123046875,28680.537109375,16432924527,BTC
2023-05-03,28680.494140625,29259.533203125,28178.388671875,29006.30859375,19122972518,BTC
2023-05-04,29031.3046875,29353.185546875,28694.0390625,28847.7109375,15548678514,BTC
2023-05-05,28851.48046875,29668.908203125,28845.509765625,29534.384765625,17936566518,BTC
2023-05-06,29538.859375,29820.126953125,28468.966796875,28904.623046875,15913866714,BTC
2023-05-07,28901.623046875,29157.517578125,28441.3671875,28454.978515625,11301355486,BTC
2023-05-08,28450.45703125,28663.271484375,27310.134765625,27694.2734375,19122903752,BTC
2023-05-09,27695.068359375,27821.400390625,27375.6015625,27658.775390625,14128593256,BTC
2023-05-10,27654.63671875,28322.6875,26883.669921875,27621.755859375,20656025026,BTC
2023-05-11,27621.0859375,27621.94140625,26781.826171875,27000.7890625,16724343943,BTC
2023-05-12,26987.662109375,27055.646484375,25878.4296875,26804.990234375,19313599897,BTC
2023-05-13,26807.76953125,27030.482421875,26710.873046875,26784.078125,9999171605,BTC
2023-05-14,26788.974609375,27150.9765625,26661.35546875,26930.638671875,10014858959,BTC
2023-05-15,26931.384765625,27646.34765625,26766.09765625,27192.693359375,14413231792,BTC
2023-05-16,27171.513671875,27299.3046875,26878.947265625,27036.650390625,12732238816,BTC
2023-05-17,27035.470703125,27465.927734375,26600.14453125,27398.802734375,15140006925,BTC
2023-05-18,27401.650390625,27466.52734375,26415.1015625,26832.208984375,15222938600,BTC
2023-05-19,26826.75390625,27128.619140625,26700.2109375,26890.12890625,11258983301,BTC
2023-05-20,26888.841796875,27155.158203125,26843.27734375,27129.5859375,7044911360,BTC
2023-05-21,27118.423828125,27265.91796875,26706.921875,26753.826171875,8647416921,BTC
2023-05-22,26749.892578125,27045.734375,26549.734375,26851.27734375,11056770492,BTC
2023-05-23,26855.9609375,27434.68359375,26816.1796875,27225.7265625,13697203143,BTC
2023-05-24,27224.603515625,27224.603515625,26106.576171875,26334.818359375,16299104428,BTC
2023-05-25,26329.4609375,26591.51953125,25890.59375,26476.20703125,13851122697,BTC
2023-05-26,26474.181640625,26916.669921875,26343.94921875,26719.291015625,12711619225,BTC
2023-05-27,26720.181640625,26888.8828125,26621.140625,26868.353515625,7892015141,BTC
2023-05-28,26871.158203125,28193.44921875,26802.751953125,28085.646484375,14545229578,BTC
2023-05-29,28075.591796875,28432.0390625,27563.876953125,27745.884765625,15181308984,BTC
2023-05-30,27745.123046875,28044.759765625,27588.501953125,27702.349609375,13251081851,BTC
2023-05-31,27700.529296875,27831.677734375,26866.453125,27219.658203125,15656371534,BTC
2023-06-01,27218.412109375,27346.10546875,26671.720703125,26819.97265625,14678970415,BTC
2023-06-02,26824.556640625,27303.861328125,26574.64453125,27249.58984375,14837415000,BTC
2023-06-03,27252.32421875,27317.052734375,26958.00390625,27075.12890625,8385597470,BTC
2023-06-04,27075.123046875,27407.01953125,26968.224609375,27119.06640625,9360912318,BTC
2023-06-05,27123.109375,27129.982421875,25445.16796875,25760.09765625,21513292646,BTC
2023-06-06,25732.109375,27313.8203125,25434.8671875,27238.783203125,21929670693,BTC
2023-06-07,27235.650390625,27332.181640625,26146.98828125,26345.998046875,19530045082,BTC
2023-06-08,26347.654296875,26797.513671875,26246.6640625,26508.216796875,11904824295,BTC
2023-06-09,26505.923828125,26770.2890625,26339.314453125,26480.375,11015551640,BTC
2023-06-10,26481.76171875,26531.044921875,25501.8359375,25851.240234375,19872933189,BTC
2023-06-11,25854.03125,26203.439453125,25668.986328125,25940.16796875,10732609603,BTC
2023-06-12,25934.28515625,26087.919921875,25675.197265625,25902.5,11677889997,BTC
2023-06-13,25902.94140625,26376.3515625,25728.365234375,25918.728515625,14143474486,BTC
2023-06-14,25920.2578125,26041.80078125,24902.15234375,25124.67578125,14265717766,BTC
2023-06-15,25121.673828125,25735.30859375,24797.16796875,25576.39453125,15837384409,BTC
2023-06-16,25575.283203125,26463.173828125,25245.357421875,26327.462890625,16324646965,BTC
2023-06-17,26328.6796875,26769.39453125,26174.4921875,26510.67578125,11090276850,BTC
2023-06-18,26510.45703125,26675.92578125,26325.890625,26336.212890625,9565695129,BTC
2023-06-19,26335.44140625,26984.611328125,26312.83203125,26851.029296875,12826986222,BTC
2023-06-20,26841.6640625,28388.96875,26668.791015625,28327.48828125,22211859147,BTC
2023-06-21,28311.310546875,30737.330078125,28283.41015625,30027.296875,33346760979,BTC
2023-06-22,29995.935546875,30495.998046875,29679.158203125,29912.28125,20653160491,BTC
2023-06-23,29896.3828125,31389.5390625,29845.21484375,30695.46875,24115570085,BTC
2023-06-24,30708.73828125,30804.1484375,30290.146484375,30548.6953125,12147822496,BTC
2023-06-25,30545.150390625,31041.271484375,30327.943359375,30480.26171875,12703464114,BTC
2023-06-26,30480.5234375,30636.029296875,29955.744140625,30271.130859375,16493186997,BTC
2023-06-27,30274.3203125,31006.787109375,30236.650390625,30688.1640625,16428827944,BTC
2023-06-28,30696.560546875,30703.279296875,29921.822265625,30086.24609375,14571500779,BTC
2023-06-29,30086.1875,30796.25,30057.203125,30445.3515625,13180860821,BTC
2023-06-30,30441.353515625,31256.86328125,29600.275390625,30477.251953125,26387306197,BTC
2023-07-01,30471.84765625,30641.2890625,30328.865234375,30590.078125,9086606733,BTC
2023-07-02,30587.26953125,30766.140625,30264.01953125,30620.76953125,10533418042,BTC
2023-07-03,30624.515625,31375.61328125,30586.513671875,31156.439453125,15271884873,BTC
2023-07-04,31156.865234375,31325.197265625,30659.35546875,30777.58203125,12810828427,BTC
2023-07-05,30778.724609375,30877.330078125,30225.61328125,30514.166015625,12481622280,BTC
2023-07-06,30507.150390625,31460.052734375,29892.2265625,29909.337890625,21129219509,BTC
2023-07-07,29907.998046875,30434.64453125,29777.28515625,30342.265625,13384770155,BTC
2023-07-08,30346.921875,30374.4375,30080.16015625,30292.541015625,7509378699,BTC
2023-07-09,30291.611328125,30427.58984375,30085.591796875,30171.234375,7903327692,BTC
2023-07-10,30172.423828125,31026.083984375,29985.39453125,30414.470703125,14828209155,BTC
2023-07-11,30417.6328125,30788.314453125,30358.09765625,30620.951171875,12151839152,BTC
2023-07-12,30622.24609375,30959.96484375,30228.8359375,30391.646484375,14805659717,BTC
2023-07-13,30387.48828125,31814.515625,30268.3515625,31476.048828125,23686079548,BTC
2023-07-14,31474.720703125,31582.25390625,29966.38671875,30334.068359375,20917902660,BTC
2023-07-15,30331.783203125,30407.78125,30263.462890625,30295.806640625,8011667756,BTC
2023-07-16,30297.47265625,30437.560546875,30089.669921875,30249.1328125,8516564470,BTC
2023-07-17,30249.626953125,30336.400390625,29685.783203125,30145.888671875,13240156074,BTC
2023-07-18,30147.0703125,30233.65625,29556.427734375,29856.5625,13138897269,BTC
2023-07-19,29862.046875,30184.181640625,29794.26953125,29913.923828125,12128602812,BTC
2023-07-20,29915.25,30195.53125,29638.095703125,29792.015625,14655207121,BTC
2023-07-21,29805.111328125,30045.998046875,29733.8515625,29908.744140625,10972789818,BTC
2023-07-22,29908.697265625,29991.615234375,29664.12109375,29771.802734375,7873300598,BTC
2023-07-23,29790.111328125,30330.640625,29741.52734375,30084.5390625,9220145050,BTC
2023-07-24,30081.662109375,30093.39453125,28934.294921875,29176.916015625,15395817395,BTC
2023-07-25,29178.970703125,29353.16015625,29062.43359375,29227.390625,10266772793,BTC
2023-07-26,29225.759765625,29675.552734375,29113.912109375,29354.97265625,13497554655,BTC
2023-07-27,29353.798828125,29560.966796875,29099.3515625,29210.689453125,10770779217,BTC
2023-07-28,29212.1640625,29521.513671875,29125.845703125,29319.24609375,11218474952,BTC
2023-07-29,29319.4453125,29396.84375,29264.166015625,29356.91796875,6481775959,BTC
2023-07-30,29357.09375,29443.169921875,29059.501953125,29275.30859375,8678454527,BTC
2023-07-31,29278.314453125,29489.873046875,29131.578125,29230.111328125,11656781982,BTC
2023-08-01,29230.873046875,29675.732421875,28657.0234375,29675.732421875,18272392391,BTC
2023-08-02,29704.146484375,29987.998046875,28946.509765625,29151.958984375,19212655598,BTC
2023-08-03,29161.8125,29375.70703125,28959.48828125,29178.6796875,12780357746,BTC
2023-08-04,29174.3828125,29302.078125,28885.3359375,29074.091796875,12036639988,BTC
2023-08-05,29075.388671875,29102.46484375,28957.796875,29042.126953125,6598366353,BTC
2023-08-06,29043.701171875,29160.822265625,28963.833984375,29041.85546875,7269806994,BTC
2023-08-07,29038.513671875,29244.28125,28724.140625,29180.578125,13618163710,BTC
2023-08-08,29180.01953125,30176.796875,29113.814453125,29765.4921875,17570561357,BTC
2023-08-09,29766.6953125,30093.435546875,29376.80078125,29561.494140625,18379521213,BTC
2023-08-10,29563.97265625,29688.564453125,29354.447265625,29429.591796875,11865344789,BTC
2023-08-11,29424.90234375,29517.7734375,29253.517578125,29397.71484375,10195168197,BTC
2023-08-12,29399.787109375,29465.11328125,29357.587890625,29415.96484375,6194358008,BTC
2023-08-13,29416.59375,29441.43359375,29265.806640625,29282.9140625,7329897180,BTC
2023-08-14,29283.263671875,29660.25390625,29124.10546875,29408.443359375,14013695304,BTC
2023-08-15,29408.048828125,29439.12109375,29088.853515625,29170.34765625,12640195779,BTC
2023-08-16,29169.07421875,29221.9765625,28701.779296875,28701.779296875,14949271904,BTC
2023-08-17,28699.802734375,28745.947265625,25409.111328125,26664.55078125,31120851211,BTC
2023-08-18,26636.078125,26808.1953125,25668.921875,26049.556640625,24026236529,BTC
2023-08-19,26047.83203125,26249.44921875,25802.408203125,26096.205078125,10631443812,BTC
2023-08-20,26096.861328125,26260.681640625,26004.314453125,26189.583984375,9036580420,BTC
2023-08-21,26188.69140625,26220.201171875,25846.087890625,26124.140625,13371557893,BTC
2023-08-22,26130.748046875,26135.5078125,25520.728515625,26031.65625,14503820706,BTC
2023-08-23,26040.474609375,26786.8984375,25804.998046875,26431.640625,16985265785,BTC
2023-08-24,26431.51953125,26554.91015625,25914.92578125,26162.373046875,12871532023,BTC
2023-08-25,26163.6796875,26248.103515625,25786.8125,26047.66796875,12406045118,BTC
2023-08-26,26047.234375,26107.384765625,25983.87890625,26008.462890625,6034817316,BTC
2023-08-27,26008.2421875,26165.373046875,25965.09765625,26089.693359375,6913768611,BTC
2023-08-28,26089.615234375,26198.578125,25880.599609375,26106.150390625,11002805166,BTC
2023-08-29,26102.486328125,28089.337890625,25912.62890625,27727.392578125,29368391712,BTC
2023-08-30,27726.083984375,27760.16015625,27069.20703125,27297.265625,16343655235,BTC
2023-08-31,27301.9296875,27456.078125,25752.9296875,25931.47265625,20181001451,BTC
2023-09-01,25934.021484375,26125.869140625,25362.609375,25800.724609375,17202862221,BTC
2023-09-02,25800.91015625,25970.28515625,25753.09375,25868.798828125,10100387473,BTC
2023-09-03,25869.47265625,26087.1484375,25817.03125,25969.56640625,8962524523,BTC
2023-09-04,25968.169921875,26081.525390625,25657.025390625,25812.416015625,10680635106,BTC
2023-09-05,25814.95703125,25858.375,25589.98828125,25779.982421875,11094740040,BTC
2023-09-06,25783.931640625,25953.015625,25404.359375,25753.236328125,12752705327,BTC
2023-09-07,25748.3125,26409.302734375,25608.201171875,26240.1953125,11088307100,BTC
2023-09-08,26245.208984375,26414.005859375,25677.48046875,25905.654296875,10817356400,BTC
2023-09-09,25905.42578125,25921.9765625,25810.494140625,25895.677734375,5481314132,BTC
2023-09-10,25895.2109375,25978.130859375,25640.26171875,25832.2265625,7899553047,BTC
2023-09-11,25831.71484375,25883.947265625,24930.296875,25162.654296875,14600006467,BTC
2023-09-12,25160.658203125,26451.939453125,25133.078125,25833.34375,18657279324,BTC
2023-09-13,25837.5546875,26376.11328125,25781.123046875,26228.32421875,13072077070,BTC
2023-09-14,26228.27734375,26774.623046875,26171.451171875,26539.673828125,13811359124,BTC
2023-09-15,26533.818359375,26840.498046875,26240.701171875,26608.693359375,11479735788,BTC
2023-09-16,26606.19921875,26754.76953125,26473.890625,26568.28125,7402031417,BTC
2023-09-17,26567.927734375,26617.998046875,26445.07421875,26534.1875,6774210670,BTC
2023-09-18,26532.994140625,27414.734375,26415.515625,26754.28125,15615339655,BTC
2023-09-19,26760.8515625,27488.763671875,26681.60546875,27211.1171875,13807690550,BTC
2023-09-20,27210.228515625,27379.505859375,26864.08203125,27132.0078125,13281116604,BTC
2023-09-21,27129.83984375,27152.939453125,26389.30078125,26567.6328125,13371443708,BTC
2023-09-22,26564.056640625,26726.078125,26495.533203125,26579.568359375,10578746709,BTC
2023-09-23,26578.556640625,26634.185546875,26520.51953125,26579.390625,7404700301,BTC
2023-09-24,26579.373046875,26716.05859375,26221.05078125,26256.826171875,8192867686,BTC
2023-09-25,26253.775390625,26421.5078125,26011.46875,26298.48046875,11997833257,BTC
2023-09-26,26294.7578125,26389.884765625,26090.712890625,26217.25,9985498161,BTC
2023-09-27,26209.498046875,26817.841796875,26111.46484375,26352.716796875,11718380997,BTC
2023-09-28,26355.8125,27259.5,26327.322265625,27021.546875,14079002707,BTC
2023-09-29,27024.841796875,27225.9375,26721.763671875,26911.720703125,10396435377,BTC
2023-09-30,26911.689453125,27091.794921875,26888.96875,26967.916015625,5331172801,BTC
2023-10-01,26967.396484375,28047.23828125,26965.09375,27983.75,9503917434,BTC
2023-10-02,27976.798828125,28494.458984375,27347.787109375,27530.78515625,19793041322,BTC
2023-10-03,27508.251953125,27667.19140625,27216.001953125,27429.978515625,11407814187,BTC
2023-10-04,27429.07421875,27826.658203125,27248.10546875,27799.39453125,11143355314,BTC
2023-10-05,27798.646484375,28091.861328125,27375.6015625,27415.912109375,11877253670,BTC
2023-10-06,27412.123046875,28252.537109375,27215.552734375,27946.59765625,13492391599,BTC
2023-10-07,27946.78125,28028.091796875,27870.423828125,27968.83984375,6553044316,BTC
2023-10-08,27971.677734375,28102.169921875,27740.662109375,27935.08984375,7916875290,BTC
2023-10-09,27934.47265625,27989.470703125,27302.5625,27583.677734375,12007668568,BTC
2023-10-10,27589.201171875,27715.84765625,27301.654296875,27391.01953125,9973350678,BTC
2023-10-11,27392.076171875,27474.115234375,26561.099609375,26873.3203125,13648094333,BTC
2023-10-12,26873.29296875,26921.439453125,26558.3203125,26756.798828125,9392909295,BTC
2023-10-13,26752.87890625,27092.697265625,26686.322265625,26862.375,15165312851,BTC
2023-10-14,26866.203125,26969.0,26814.5859375,26861.70703125,5388116782,BTC
2023-10-15,26858.01171875,27289.169921875,26817.89453125,27159.65234375,7098201980,BTC
2023-10-16,27162.62890625,29448.138671875,27130.47265625,28519.466796875,27833876539,BTC
2023-10-17,28522.09765625,28618.751953125,28110.185546875,28415.748046875,14872527508,BTC
2023-10-18,28413.53125,28889.009765625,28174.251953125,28328.341796875,12724128586,BTC
2023-10-19,28332.416015625,28892.474609375,28177.98828125,28719.806640625,14448058195,BTC
2023-10-20,28732.8125,30104.0859375,28601.669921875,29682.94921875,21536125230,BTC
2023-10-21,29683.380859375,30287.482421875,29481.751953125,29918.412109375,11541146996,BTC
2023-10-22,29918.654296875,30199.43359375,29720.3125,29993.896484375,10446520040,BTC
2023-10-23,30140.685546875,34370.4375,30097.828125,33086.234375,38363572311,BTC
2023-10-24,33077.3046875,35150.43359375,32880.76171875,33901.52734375,44934999645,BTC
2023-10-25,33916.04296875,35133.7578125,33709.109375,34502.8203125,25254318008,BTC
2023-10-26,34504.2890625,34832.91015625,33762.32421875,34156.6484375,19427195376,BTC
2023-10-27,34156.5,34238.2109375,33416.88671875,33909.80078125,16418032871,BTC
2023-10-28,33907.72265625,34399.390625,33874.8046875,34089.57421875,10160330825,BTC
2023-10-29,34089.37109375,34743.26171875,33947.56640625,34538.48046875,11160323986,BTC
2023-10-30,34531.7421875,34843.93359375,34110.97265625,34502.36328125,17184860315,BTC
2023-10-31,34500.078125,34719.25390625,34083.30859375,34667.78125,15758270810,BTC
2023-11-01,34657.2734375,35527.9296875,34170.69140625,35437.25390625,22446272005,BTC
2023-11-02,35441.578125,35919.84375,34401.57421875,34938.2421875,20998158544,BTC
2023-11-03,34942.47265625,34942.47265625,34133.44140625,34732.32421875,17158456701,BTC
2023-11-04,34736.32421875,35256.03125,34616.69140625,35082.1953125,9561294264,BTC
2023-11-05,35090.01171875,35340.33984375,34594.2421875,35049.35546875,12412743996,BTC
2023-11-06,35044.7890625,35286.02734375,34765.36328125,35037.37109375,12693436420,BTC
2023-11-07,35047.79296875,35892.41796875,34545.81640625,35443.5625,18834737789,BTC
2023-11-08,35419.4765625,35994.41796875,35147.80078125,35655.27734375,17295394918,BTC
2023-11-09,35633.6328125,37926.2578125,35592.1015625,36693.125,37762672382,BTC
2023-11-10,36702.25,37493.80078125,36362.75390625,37313.96875,22711265155,BTC
2023-11-11,37310.0703125,37407.09375,36773.66796875,37138.05078125,13924272142,BTC
2023-11-12,37133.9921875,37227.69140625,36779.1171875,37054.51953125,11545715999,BTC
2023-11-13,37070.3046875,37405.1171875,36399.60546875,36502.35546875,19057712790,BTC
2023-11-14,36491.7890625,36753.3515625,34948.5,35537.640625,23857403554,BTC
2023-11-15,35548.11328125,37964.89453125,35383.78125,37880.58203125,27365821679,BTC
2023-11-16,37879.98046875,37934.625,35545.47265625,36154.76953125,26007385366,BTC
2023-11-17,36164.82421875,36704.484375,35901.234375,36596.68359375,22445028430,BTC
2023-11-18,36625.37109375,36839.28125,36233.3125,36585.703125,11886022717,BTC
2023-11-19,36585.765625,37509.35546875,36414.59765625,37386.546875,12915986553,BTC
2023-11-20,37374.07421875,37756.8203125,36882.53125,37476.95703125,20888209068,BTC
2023-11-21,37469.16015625,37631.140625,35813.8125,35813.8125,25172163756,BTC
2023-11-22,35756.5546875,37856.98046875,35670.97265625,37432.33984375,24397247860,BTC
2023-11-23,37420.43359375,37643.91796875,36923.86328125,37289.62109375,14214948217,BTC
2023-11-24,37296.31640625,38415.33984375,37261.60546875,37720.28125,22922957823,BTC
2023-11-25,37721.4140625,37892.4296875,37617.41796875,37796.79296875,9099571165,BTC
2023-11-26,37796.828125,37820.30078125,37162.75,37479.12109375,13744796068,BTC
2023-11-27,37454.19140625,37559.35546875,36750.12890625,37254.16796875,19002925720,BTC
2023-11-28,37247.9921875,38368.48046875,36891.08984375,37831.0859375,21696137014,BTC
2023-11-29,37826.10546875,38366.11328125,37612.6328125,37858.4921875,20728546658,BTC
2023-11-30,37861.1171875,38141.75390625,37531.140625,37712.74609375,18115982627,BTC
2023-12-01,37718.0078125,38954.109375,37629.359375,38688.75,23512784002,BTC
2023-12-02,38689.27734375,39678.9375,38652.59375,39476.33203125,15534035612,BTC
2023-12-03,39472.20703125,40135.60546875,39298.1640625,39978.390625,15769696322,BTC
2023-12-04,39978.62890625,42371.75,39978.62890625,41980.09765625,39856129827,BTC
2023-12-05,41986.265625,44408.6640625,41421.1484375,44080.6484375,36312154535,BTC
2023-12-06,44080.0234375,44265.76953125,43478.08203125,43746.4453125,29909761586,BTC
2023-12-07,43769.1328125,44042.58984375,42880.6484375,43292.6640625,27635760671,BTC
2023-12-08,43293.13671875,44705.515625,43125.296875,44166.6015625,24421116687,BTC
2023-12-09,44180.01953125,44361.2578125,43627.59765625,43725.984375,17368210171,BTC
2023-12-10,43728.3828125,44034.625,43593.28515625,43779.69921875,13000481418,BTC
2023-12-11,43792.01953125,43808.375,40234.578125,41243.83203125,40632672038,BTC
2023-12-12,41238.734375,42048.3046875,40667.5625,41450.22265625,24779520132,BTC
2023-12-13,41468.46484375,43429.78125,40676.8671875,42890.7421875,26797884674,BTC
2023-12-14,42884.26171875,43390.859375,41767.08984375,43023.97265625,25578530178,BTC
2023-12-15,43028.25,43087.82421875,41692.96875,41929.7578125,19639442462,BTC
2023-12-16,41937.7421875,42664.9453125,41723.11328125,42240.1171875,14386729590,BTC
2023-12-17,42236.109375,42359.49609375,41274.54296875,41364.6640625,16678702876,BTC
2023-12-18,41348.203125,42720.296875,40530.2578125,42623.5390625,25224642008,BTC
2023-12-19,42641.51171875,43354.296875,41826.3359375,42270.52734375,23171001281,BTC
2023-12-20,42261.30078125,44275.5859375,42223.81640625,43652.25,27868908174,BTC
2023-12-21,43648.125,44240.66796875,43330.05078125,43869.15234375,22452766169,BTC
2023-12-22,43868.98828125,44367.95703125,43441.96875,43997.90234375,21028503216,BTC
2023-12-23,44012.19921875,44015.69921875,43351.35546875,43739.54296875,13507796558,BTC
2023-12-24,43728.3671875,43945.5234375,42786.91796875,43016.1171875,18830554085,BTC
2023-12-25,43010.57421875,43765.09375,42765.76953125,43613.140625,21115795370,BTC
2023-12-26,43599.84765625,43603.17578125,41676.48828125,42520.40234375,30026850982,BTC
2023-12-27,42518.46875,43683.16015625,42167.58203125,43442.85546875,25260941032,BTC
2023-12-28,43468.19921875,43804.78125,42318.55078125,42627.85546875,22992093014,BTC
2023-12-29,42614.64453125,43124.32421875,41424.0625,42099.40234375,26000021055,BTC
2023-12-30,42091.75390625,42584.125,41556.2265625,42156.90234375,16013925945,BTC
2023-12-31,42152.09765625,42860.9375,41998.25390625,42265.1875,16397498810,BTC
2024-01-01,42280.234375,44175.4375,42214.9765625,44167.33203125,18426978443,BTC
2024-01-02,44187.140625,45899.70703125,44176.94921875,44957.96875,39335274536,BTC
2024-01-03,44961.6015625,45503.2421875,40813.53515625,42848.17578125,46342323118,BTC
2024-01-04,42855.81640625,44770.0234375,42675.17578125,44179.921875,30448091210,BTC
2024-01-05,44192.98046875,44353.28515625,42784.71875,44162.69140625,32336029347,BTC
2024-01-06,44178.953125,44227.6328125,43475.15625,43989.1953125,16092503468,BTC
2024-01-07,43998.46484375,44495.5703125,43662.23046875,43943.09765625,19330573863,BTC
2024-01-08,43948.70703125,47218.0,43244.08203125,46970.50390625,42746192015,BTC
2024-01-09,46987.640625,47893.69921875,45244.71484375,46139.73046875,39821290992,BTC
2024-01-10,46121.5390625,47647.22265625,44483.15234375,46627.77734375,50114613298,BTC
2024-01-11,46656.07421875,48969.37109375,45678.64453125,46368.5859375,45833734549,BTC
2024-01-12,46354.79296875,46498.13671875,41903.76953125,42853.16796875,43332698900,BTC
2024-01-13,42799.4453125,43234.66015625,42464.14453125,42842.3828125,20601860469,BTC
2024-01-14,42842.26171875,43065.59765625,41724.61328125,41796.26953125,17521429522,BTC
2024-01-15,41715.06640625,43319.72265625,41705.41796875,42511.96875,22320220558,BTC
2024-01-16,42499.3359375,43566.2734375,42085.99609375,43154.9453125,24062872740,BTC
2024-01-17,43132.1015625,43189.890625,42189.30859375,42742.65234375,20851232595,BTC
2024-01-18,42742.3125,42876.34765625,40631.171875,41262.05859375,25218357242,BTC
2024-01-19,41278.4609375,42134.16015625,40297.45703125,41618.40625,25752407154,BTC
2024-01-20,41624.58984375,41877.89453125,41446.82421875,41665.5859375,11586690904,BTC
2024-01-21,41671.48828125,41855.3671875,41497.0078125,41545.78515625,9344043642,BTC
2024-01-22,41553.65234375,41651.20703125,39450.1171875,39507.3671875,31338708143,BTC
2024-01-23,39518.71484375,40127.3515625,38521.89453125,39845.55078125,29244553045,BTC
2024-01-24,39877.59375,40483.78515625,39508.796875,40077.07421875,22359526178,BTC
2024-01-25,40075.55078125,40254.48046875,39545.6640625,39933.80859375,18491782013,BTC
2024-01-26,39936.81640625,42209.38671875,39825.69140625,41816.87109375,25598119893,BTC
2024-01-27,41815.625,42195.6328125,41431.28125,42120.0546875,11422941934,BTC
2024-01-28,42126.125,42797.17578125,41696.91015625,42035.59375,16858971687,BTC
2024-01-29,42030.9140625,43305.8671875,41818.33203125,43288.24609375,20668476578,BTC
2024-01-30,43300.2265625,43838.9453125,42711.37109375,42952.609375,23842814518,BTC
2024-01-31,42946.25,43717.40625,42298.9453125,42582.60546875,24673628793,BTC
2024-02-01,42569.76171875,43243.16796875,41879.19140625,43075.7734375,21423953779,BTC
2024-02-02,43077.640625,43422.48828125,42584.3359375,43185.859375,18603843039,BTC
2024-02-03,43184.96484375,43359.94140625,42890.80859375,42992.25,11169245236,BTC
2024-02-04,42994.94140625,43097.64453125,42374.83203125,42583.58203125,14802225490,BTC
2024-02-05,42577.62109375,43494.25,42264.81640625,42658.66796875,18715487317,BTC
2024-02-06,42657.390625,43344.1484375,42529.01953125,43084.671875,16798476726,BTC
2024-02-07,43090.01953125,44341.94921875,42775.95703125,44318.22265625,21126587775,BTC
2024-02-08,44332.125,45575.83984375,44332.125,45301.56640625,26154524080,BTC
2024-02-09,45297.3828125,48152.49609375,45260.82421875,47147.19921875,39316770844,BTC
2024-02-10,47153.52734375,48146.171875,46905.3203125,47771.27734375,16398681570,BTC
2024-02-11,47768.96875,48535.9375,47617.40625,48293.91796875,19315867136,BTC
2024-02-12,48296.38671875,50280.4765625,47745.76171875,49958.22265625,34511985805,BTC
2024-02-13,49941.359375,50358.390625,48406.49609375,49742.44140625,35593051468,BTC
2024-02-14,49733.4453125,52021.37109375,49296.83203125,51826.6953125,39105608050,BTC
2024-02-15,51836.78515625,52820.06640625,51371.62890625,51938.5546875,38564360533,BTC
2024-02-16,51937.7265625,52537.96875,51641.3671875,52160.203125,28180567298,BTC
2024-02-17,52161.67578125,52191.9140625,50669.66796875,51662.99609375,20009091006,BTC
2024-02-18,51661.96875,52356.96484375,51233.70703125,52122.546875,17595377311,BTC
2024-02-19,52134.8125,52483.32421875,51711.8203125,51779.14453125,21362184346,BTC
2024-02-20,51777.7265625,52945.05078125,50792.3125,52284.875,33353758256,BTC
2024-02-21,52273.53515625,52368.81640625,50671.7578125,51839.1796875,28624907020,BTC
2024-02-22,51854.64453125,52009.61328125,50926.29296875,51304.97265625,25413900611,BTC
2024-02-23,51283.90625,51497.93359375,50561.77734375,50731.94921875,21427078270,BTC
2024-02-24,50736.37109375,51684.1953125,50585.4453125,51571.1015625,15174077879,BTC
2024-02-25,51565.21484375,51950.02734375,51306.171875,51733.23828125,15413239245,BTC
2024-02-26,51730.5390625,54938.17578125,50931.03125,54522.40234375,34074411896,BTC
2024-02-27,54519.36328125,57537.83984375,54484.19921875,57085.37109375,49756832031,BTC
2024-02-28,57071.09765625,63913.1328125,56738.42578125,62504.7890625,83239156760,BTC
2024-02-29,62499.18359375,63585.64453125,60498.73046875,61198.3828125,65496611844,BTC
2024-03-01,61168.0625,63155.1015625,60802.52734375,62440.6328125,40186368423,BTC
2024-03-02,62431.65234375,62458.69921875,61657.2890625,62029.84765625,23888473685,BTC
2024-03-03,62031.578125,63230.2109375,61435.0234375,63167.37109375,26253811450,BTC
2024-03-04,63137.00390625,68537.03125,62386.51953125,68330.4140625,70670471105,BTC
2024-03-05,68341.0546875,69170.625,59323.91015625,63801.19921875,102802940877,BTC
2024-03-06,63776.05078125,67637.9296875,62848.671875,66106.8046875,68750229073,BTC
2024-03-07,66099.7421875,68029.921875,65655.53125,66925.484375,46989543159,BTC
2024-03-08,66938.09375,70083.0546875,66230.453125,68300.09375,59202881172,BTC
2024-03-09,68299.2578125,68673.0546875,68053.125,68498.8828125,21609650379,BTC
2024-03-10,68500.2578125,70005.203125,68239.9765625,69019.7890625,35683977532,BTC
2024-03-11,69020.546875,72850.7109375,67194.8828125,72123.90625,65716656765,BTC
2024-03-12,72125.125,72825.65625,68728.8515625,71481.2890625,62554434520,BTC
2024-03-13,71482.1171875,73637.4765625,71334.09375,73083.5,48212536929,BTC
2024-03-14,73079.375,73750.0703125,68563.0234375,71396.59375,59594605698,BTC
2024-03-15,71387.875,72357.1328125,65630.6953125,69403.7734375,78320453976,BTC
2024-03-16,69392.484375,70046.2734375,64801.39453125,65315.1171875,46842198371,BTC
2024-03-17,65316.34375,68845.71875,64545.31640625,68390.625,44716864318,BTC
2024-03-18,68371.3046875,68897.1328125,66594.2265625,67548.59375,49261579492,BTC
2024-03-19,67556.1328125,68106.9296875,61536.1796875,61912.7734375,74215844794,BTC
2024-03-20,61930.15625,68115.2578125,60807.78515625,67913.671875,66792634382,BTC
2024-03-21,67911.5859375,68199.9921875,64580.91796875,65491.390625,44480350565,BTC
2024-03-22,65489.9296875,66623.75,62355.37109375,63778.76171875,41401116964,BTC
2024-03-23,63802.72265625,65976.3984375,63038.4921875,64062.203125,24738964812,BTC
2024-03-24,64070.75390625,67622.7578125,63825.8515625,67234.171875,27206630673,BTC
2024-03-25,67234.09375,71162.59375,66414.8359375,69958.8125,42700139523,BTC
2024-03-26,69931.328125,71535.7421875,69335.609375,69987.8359375,36010437368,BTC
2024-03-27,69991.8984375,71727.6875,68381.9296875,69455.34375,40827113309,BTC
2024-03-28,69452.7734375,71546.0234375,68895.5078125,70744.953125,34374900617,BTC
2024-03-29,70744.796875,70913.09375,69076.65625,69892.828125,25230851763,BTC
2024-03-30,69893.4453125,70355.4921875,69601.0625,69645.3046875,17130241883,BTC
2024-03-31,69647.78125,71377.78125,69624.8671875,71333.6484375,20050941373,BTC
2024-04-01,71333.484375,71342.09375,68110.6953125,69702.1484375,34873527352,BTC
2024-04-02,69705.0234375,69708.3828125,64586.59375,65446.97265625,50705240709,BTC
2024-04-03,65446.671875,66914.3203125,64559.8984375,65980.8125,34488018367,BTC
2024-04-04,65975.6953125,69291.2578125,65113.796875,68508.84375,34439527442,BTC
2024-04-05,68515.7578125,68725.7578125,66011.4765625,67837.640625,33748230056,BTC
2024-04-06,67840.5703125,69629.6015625,67491.71875,68896.109375,19967785809,BTC
2024-04-07,68897.109375,70284.4296875,68851.6328125,69362.5546875,21204930369,BTC
2024-04-08,69362.5546875,72715.359375,69064.2421875,71631.359375,37261432669,BTC
2024-04-09,71632.5,71742.5078125,68212.921875,69139.015625,36426900409,BTC
2024-04-10,69140.2421875,71093.4296875,67503.5625,70587.8828125,38318601774,BTC
2024-04-11,70575.734375,71256.234375,69571.8125,70060.609375,30153382941,BTC
2024-04-12,70061.3828125,71222.7421875,65254.8359375,67195.8671875,44129299406,BTC
2024-04-13,67188.375,67931.4296875,60919.10546875,63821.47265625,52869738185,BTC
2024-04-14,63836.23046875,65824.4296875,62205.8515625,65738.7265625,49084320047,BTC
2024-04-15,65739.6484375,66878.6484375,62332.0703125,63426.2109375,43595917654,BTC
2024-04-16,63419.296875,64355.66796875,61716.40234375,63811.86328125,42847528078,BTC
2024-04-17,63831.84765625,64486.36328125,59768.5859375,61276.69140625,41915247049,BTC
2024-04-18,61275.31640625,64125.6875,60833.48046875,63512.75390625,36006307335,BTC
2024-04-19,63510.75,65481.59765625,59651.390625,63843.5703125,49920425401,BTC
2024-04-20,63851.1015625,65442.45703125,63172.40234375,64994.44140625,23097485495,BTC
2024-04-21,64992.81640625,65723.2421875,64277.72265625,64926.64453125,20506644853,BTC
2024-04-22,64935.6328125,67233.9609375,64548.1796875,66837.6796875,28282686673,BTC
2024-04-23,66839.890625,67199.2421875,65864.8671875,66407.2734375,24310975583,BTC
2024-04-24,66408.71875,67075.3671875,63589.87109375,64276.8984375,30276655120,BTC
2024-04-25,64275.01953125,65275.20703125,62783.6328125,64481.70703125,32155786816,BTC
2024-04-26,64485.37109375,64789.65625,63322.3984375,63755.3203125,24139372950,BTC
2024-04-27,63750.98828125,63898.36328125,62424.71875,63419.140625,19530783039,BTC
2024-04-28,63423.515625,64321.484375,62793.59765625,63113.23046875,17334827993,BTC
2024-04-29,63106.36328125,64174.87890625,61795.45703125,63841.12109375,26635912073,BTC
2024-04-30,63839.41796875,64703.33203125,59120.06640625,60636.85546875,37840840057,BTC
2024-05-01,60609.49609375,60780.5,56555.29296875,58254.01171875,48439780271,BTC
2024-05-02,58253.703125,59602.296875,56937.203125,59123.43359375,32711813559,BTC
2024-05-03,59122.30078125,63320.50390625,58848.3125,62889.8359375,33172023048,BTC
2024-05-04,62891.03125,64494.95703125,62599.3515625,63891.47265625,20620477992,BTC
2024-05-05,63892.453125,64610.890625,62955.3046875,64031.1328125,18296164805,BTC
2024-05-06,64038.3125,65494.90234375,62746.23828125,63161.94921875,28697928697,BTC
2024-05-07,63162.76171875,64390.45703125,62285.98046875,62334.81640625,25930730982,BTC
2024-05-08,62332.640625,62986.0859375,60877.12890625,61187.94140625,26088172222,BTC
2024-05-09,61191.19921875,63404.9140625,60648.07421875,63049.9609375,25453338161,BTC
2024-05-10,63055.19140625,63446.7421875,60208.78125,60792.77734375,27804954694,BTC
2024-05-11,60793.35546875,61451.15234375,60492.625,60793.7109375,13842272968,BTC
2024-05-12,60793.50390625,61818.15625,60632.6015625,61448.39453125,13800459405,BTC
2024-05-13,61451.21875,63422.66015625,60769.83984375,62901.44921875,27889181179,BTC
2024-05-14,62900.7734375,63092.125,61123.765625,61552.7890625,28186271527,BTC
2024-05-15,61553.98828125,66454.453125,61330.41015625,66267.4921875,39815167074,BTC
2024-05-16,66256.109375,66712.4296875,64613.0546875,65231.58203125,31573077994,BTC
2024-05-17,65231.296875,67459.4609375,65119.31640625,67051.875,28031279310,BTC
2024-05-18,67066.2109375,67387.328125,66663.5,66940.8046875,16712277406,BTC
2024-05-19,66937.9296875,67694.296875,65937.1796875,66278.3671875,19249094538,BTC
2024-05-20,66278.7421875,71483.5625,66086.171875,71448.1953125,43850655717,BTC
2024-05-21,71443.0625,71946.4609375,69191.125,70136.53125,46932005990,BTC
2024-05-22,70135.3203125,70623.6953125,68977.6953125,69122.3359375,32802561717,BTC
2024-05-23,69121.3046875,70041.2734375,66356.953125,67929.5625,41895680979,BTC
2024-05-24,67928.1328125,69220.296875,66622.671875,68526.1015625,29197308153,BTC
2024-05-25,68526.921875,69579.3203125,68515.8203125,69265.9453125,15473071741,BTC
2024-05-26,69264.2890625,69506.2265625,68183.890625,68518.09375,15628433737,BTC
2024-05-27,68512.1796875,70597.8828125,68232.5,69394.5546875,25870990717,BTC
2024-05-28,69392.1953125,69514.640625,67227.15625,68296.21875,32722265965,BTC
2024-05-29,68296.3515625,68852.4609375,67101.4921875,67578.09375,26707072906,BTC
2024-05-30,67576.0859375,69500.5390625,67118.078125,68364.9921875,29509712534,BTC
2024-05-31,68362.515625,68999.5625,66633.421875,67491.4140625,27387283769,BTC
2024-06-01,67489.609375,67839.765625,67386.1953125,67706.9375,11641495604,BTC
2024-06-02,67710.2734375,68409.1640625,67315.5234375,67751.6015625,17110588415,BTC
2024-06-03,67753.8984375,70230.8203125,67589.8359375,68804.78125,32401285324,BTC
2024-06-04,68804.5703125,71047.40625,68564.640625,70567.765625,33149696545,BTC
2024-06-05,70568.3515625,71735.4140625,70390.7109375,71082.8203125,32810771409,BTC
2024-06-06,71082.84375,71625.734375,70119.125,70757.1640625,25223152007,BTC
2024-06-07,70759.1875,71907.8515625,68507.2578125,69342.5859375,36188381096,BTC
2024-06-08,69324.1796875,69533.3203125,69210.7421875,69305.7734375,14262185861,BTC
2024-06-09,69297.4921875,69817.5234375,69160.84375,69647.9921875,13534028500,BTC
2024-06-10,69644.3125,70146.0703125,69232.421875,69512.28125,20597699541,BTC
2024-06-11,69508.078125,69549.4140625,66123.6015625,67332.03125,37116136345,BTC
2024-06-12,67321.375,69977.890625,66902.453125,68241.1875,34497940694,BTC
2024-06-13,68243.1015625,68365.78125,66304.5625,66756.3984375,28955204146,BTC
2024-06-14,66747.5703125,67294.6484375,65056.89453125,66011.09375,27403884779,BTC
2024-06-15,66006.7421875,66402.1875,65871.7734375,66191.0,14121265576,BTC
2024-06-16,66189.359375,66894.84375,66018.25,66639.046875,13281140541,BTC
2024-06-17,66636.515625,67188.3203125,65094.96484375,66490.296875,30006354476,BTC
2024-06-18,66490.9765625,66556.703125,64066.95703125,65140.74609375,39481285950,BTC
2024-06-19,65146.66015625,65695.3515625,64693.30078125,64960.296875,21103423504,BTC
2024-06-20,64960.296875,66438.9609375,64547.84765625,64828.65625,25641109124,BTC
2024-06-21,64837.98828125,65007.546875,63378.89453125,64096.19921875,26188171739,BTC
2024-06-22,64113.86328125,64475.46875,63929.7578125,64252.578125,9858198793,BTC
2024-06-23,64248.96484375,64491.703125,63180.796875,63180.796875,11170471802,BTC
2024-06-24,63173.3515625,63292.52734375,58601.69921875,60277.4140625,43152133651,BTC
2024-06-25,60266.28125,62258.26171875,60239.75,61804.640625,29201215431,BTC
2024-06-26,61789.67578125,62434.13671875,60695.1875,60811.27734375,22506003064,BTC
2024-06-27,60811.2265625,62293.86328125,60585.33203125,61604.80078125,21231745045,BTC
2024-06-28,61612.8046875,62126.09765625,59985.40234375,60320.13671875,24952866877,BTC
2024-06-29,60319.875,61097.62109375,60300.96484375,60887.37890625,12652903396,BTC
2024-06-30,60888.4453125,62892.828125,60632.94921875,62678.29296875,17333226409,BTC
2024-07-01,62673.60546875,63777.2265625,62495.51171875,62851.98046875,25468379421,BTC
2024-07-02,62844.41015625,63203.359375,61752.74609375,62029.015625,20151616992,BTC
2024-07-03,62034.33203125,62187.703125,59419.38671875,60173.921875,29756701685,BTC
2024-07-04,60147.13671875,60399.67578125,56777.8046875,56977.703125,41149609230,BTC
2024-07-05,57022.80859375,57497.15234375,53717.375,56662.375,55417544033,BTC
2024-07-06,56659.07421875,58472.546875,56038.9609375,58303.5390625,20610320577,BTC
2024-07-07,58239.4296875,58371.12109375,55793.32421875,55849.109375,20553359505,BTC
2024-07-08,55849.57421875,58131.3359375,54321.01953125,56705.09765625,39766159899,BTC
2024-07-09,56704.59765625,58239.1953125,56316.875,58009.2265625,27849512607,BTC
2024-07-10,58033.8828125,59359.43359375,57178.4140625,57742.49609375,26175260526,BTC
2024-07-11,57729.890625,59299.43359375,57120.37890625,57344.9140625,28707803842,BTC
2024-07-12,57341.1953125,58532.5546875,56590.17578125,57899.46484375,25604805221,BTC
2024-07-13,57908.73828125,59787.078125,57796.44140625,59231.953125,17080061806,BTC
2024-07-14,59225.25,61329.52734375,59225.25,60787.79296875,22223416061,BTC
2024-07-15,60815.45703125,64870.15234375,60704.9296875,64870.15234375,38094526099,BTC
2024-07-16,64784.41796875,65354.33984375,62487.96875,65097.1484375,41617346768,BTC
2024-07-17,65091.83203125,66066.734375,63896.0859375,64118.79296875,32525071311,BTC
2024-07-18,64104.73828125,65104.66015625,63246.1640625,63974.06640625,27239305337,BTC
2024-07-19,63972.32421875,67442.640625,63329.34375,66710.15625,37003855410,BTC
2024-07-20,66709.921875,67610.734375,66299.6171875,67163.6484375,19029581250,BTC
2024-07-21,67164.9140625,68372.90625,65842.296875,68154.5234375,26652190004,BTC
2024-07-22,68152.9765625,68480.0625,66611.296875,67585.25,42649109453,BTC
2024-07-23,67584.8046875,67779.015625,65484.4609375,65927.671875,35605668666,BTC
2024-07-24,65927.859375,67113.984375,65146.99609375,65372.1328125,27470942309,BTC
2024-07-25,65375.875,66112.421875,63473.47265625,65777.2265625,38315761670,BTC
2024-07-26,65771.8125,68207.6015625,65743.765625,67912.0625,30488630457,BTC
2024-07-27,67911.8125,69398.5078125,66705.21875,67813.3359375,34691905492,BTC
2024-07-28,67808.65625,68301.8515625,67085.828125,68255.8671875,18043166945,BTC
2024-07-29,68259.0546875,69987.5390625,66532.59375,66819.9140625,40780682628,BTC
2024-07-30,66819.0546875,66987.671875,65323.19140625,66201.015625,31380492109,BTC
2024-07-31,66201.2734375,66810.2109375,64532.046875,64619.25,31292785994,BTC
2024-08-01,64625.83984375,65593.2421875,62248.94140625,65357.5,40975554494,BTC
2024-08-02,65353.5,65523.22265625,61184.89453125,61415.06640625,43060875727,BTC
2024-08-03,61414.80859375,62148.37109375,59836.52734375,60680.09375,31753030589,BTC
2024-08-04,60676.09375,61062.98828125,57210.8046875,58116.9765625,31758917219,BTC
2024-08-05,58110.296875,58268.828125,49121.23828125,53991.45703125,108991085584,BTC
2024-08-06,53991.34765625,57059.91796875,53973.2734375,56034.31640625,49300484106,BTC
2024-08-07,56040.6328125,57726.8828125,54620.5078125,55027.4609375,41637562185,BTC
2024-08-08,55030.02734375,62673.765625,54766.7265625,61710.13671875,45298472567,BTC
2024-08-09,61728.20703125,61751.86328125,59587.859375,60880.11328125,33425553115,BTC
2024-08-10,60881.23046875,61464.51171875,60287.56640625,60945.8125,15745822278,BTC
2024-08-11,60944.890625,61778.66015625,58348.82421875,58719.484375,22759754812,BTC
2024-08-12,58719.39453125,60680.33203125,57688.8984375,59354.515625,37078637820,BTC
2024-08-13,59356.20703125,61572.3984375,58506.25390625,60609.56640625,30327698167,BTC
2024-08-14,60611.05078125,61687.7578125,58472.875,58737.26953125,29961696180,BTC
2024-08-15,58733.26171875,59838.6484375,56161.59375,57560.09765625,35682112440,BTC
2024-08-16,57560.2734375,59847.359375,57110.01953125,58894.10546875,29350938673,BTC
2024-08-17,58893.53125,59694.66796875,58814.83203125,59478.97265625,13589684021,BTC
2024-08-18,59468.1328125,60262.71875,58445.40234375,58483.96484375,17740625837,BTC
2024-08-19,58480.7109375,59612.66015625,57864.7109375,59493.453125,25911207712,BTC
2024-08-20,59493.453125,61396.328125,58610.8828125,59012.79296875,31613400008,BTC
2024-08-21,59014.98828125,61834.3515625,58823.4453125,61175.19140625,32731154072,BTC
2024-08-22,61168.31640625,61408.109375,59815.25390625,60381.9140625,27625734377,BTC
2024-08-23,60380.953125,64947.0625,60372.05078125,64094.35546875,42530509233,BTC
2024-08-24,64103.87109375,64513.7890625,63619.91796875,64178.9921875,21430585163,BTC
2024-08-25,64176.3671875,64996.421875,63833.51953125,64333.54296875,18827683555,BTC
2024-08-26,64342.2265625,64489.70703125,62849.55859375,62880.66015625,27682040631,BTC
2024-08-27,62879.70703125,63210.796875,58116.75,59504.1328125,39103882198,BTC
2024-08-28,59507.92578125,60236.44921875,57890.67578125,59027.625,40289564698,BTC
2024-08-29,59027.46875,61184.08203125,58786.2265625,59388.1796875,32224990582,BTC
2024-08-30,59388.6015625,59896.88671875,57768.53125,59119.4765625,32292756405,BTC
2024-08-31,59117.48046875,59432.59375,58768.78515625,58969.8984375,12403470760,BTC
2024-09-01,58969.80078125,59062.0703125,57217.82421875,57325.48828125,24592449997,BTC
2024-09-02,57326.96875,59403.0703125,57136.02734375,59112.48046875,27036454524,BTC
2024-09-03,59106.19140625,59815.05859375,57425.16796875,57431.0234375,26666961053,BTC
2024-09-04,57430.34765625,58511.5703125,55673.1640625,57971.5390625,35627680312,BTC
2024-09-05,57971.703125,58300.58203125,55712.453125,56160.48828125,31030280656,BTC
2024-09-06,56160.19140625,56976.109375,52598.69921875,53948.75390625,49361693566,BTC
2024-09-07,53949.0859375,54838.14453125,53740.0703125,54139.6875,19061486526,BTC
2024-09-08,54147.93359375,55300.859375,53653.7578125,54841.56640625,18268287531,BTC
2024-09-09,54851.88671875,58041.125,54598.43359375,57019.53515625,34618096173,BTC
2024-09-10,57020.09765625,58029.9765625,56419.4140625,57648.7109375,28857630507,BTC
2024-09-11,57650.2890625,57991.3203125,55567.33984375,57343.171875,37049062672,BTC
2024-09-12,57343.171875,58534.359375,57330.1015625,58127.01171875,33835707949,BTC
2024-09-13,58130.32421875,60648.0234375,57650.11328125,60571.30078125,32490528356,BTC
2024-09-14,60569.1171875,60656.72265625,59517.8828125,60005.12109375,16428405496,BTC
2024-09-15,60000.7265625,60381.91796875,58696.30859375,59182.8359375,18120960867,BTC
2024-09-16,59185.2265625,59205.51171875,57501.33984375,58192.5078125,32032822113,BTC
2024-09-17,58192.5078125,61316.08984375,57628.0703125,60308.5390625,38075570118,BTC
2024-09-18,60309.0,61664.06640625,59218.25390625,61649.6796875,40990702891,BTC
2024-09-19,61651.15625,63872.44140625,61609.8671875,62940.45703125,42710252573,BTC
2024-09-20,62941.42578125,64119.53125,62364.60546875,63192.9765625,35177164222,BTC
2024-09-21,63184.33984375,63543.359375,62783.10546875,63394.83984375,14408616220,BTC
2024-09-22,63396.8046875,63993.421875,62440.7265625,63648.7109375,20183348802,BTC
2024-09-23,63643.1015625,64733.55859375,62628.078125,63329.80078125,31400285425,BTC
2024-09-24,63326.83984375,64695.21484375,62737.41796875,64301.96875,29938335243,BTC
2024-09-25,64302.58984375,64804.50390625,62945.375,63143.14453125,25078377700,BTC
2024-09-26,63138.546875,65790.796875,62669.26953125,65181.01953125,36873129847,BTC
2024-09-27,65180.6640625,66480.6953125,64852.9921875,65790.6640625,32058813449,BTC
2024-09-28,65792.1796875,66255.53125,65458.03515625,65887.6484375,15243637984,BTC
2024-09-29,65888.8984375,66069.34375,65450.015625,65635.3046875,14788214575,BTC
2024-09-30,65634.65625,65635.0546875,62873.6171875,63329.5,37112957475,BTC
2024-10-01,63335.60546875,64110.98046875,60189.27734375,60837.0078125,50220923500,BTC
2024-10-02,60836.32421875,62357.6875,59996.94921875,60632.78515625,40762722398,BTC
2024-10-03,60632.484375,61469.0390625,59878.8046875,60759.40234375,36106447279,BTC
2024-10-04,60754.625,62465.9921875,60459.94140625,62067.4765625,29585472513,BTC
2024-10-05,62067.609375,62371.0234375,61689.58203125,62089.94921875,13305410749,BTC
2024-10-06,62084.98828125,62959.5703125,61833.1484375,62818.953125,14776233667,BTC
2024-10-07,62819.109375,64443.70703125,62152.55078125,62236.66015625,34253562610,BTC
2024-10-08,62221.64453125,63174.3046875,61843.5625,62131.96875,28134475157,BTC
2024-10-09,62131.7265625,62508.8359375,60314.61328125,60582.1015625,27670982363,BTC
2024-10-10,60581.9296875,61236.72265625,58895.20703125,60274.5,30452813570,BTC
2024-10-11,60275.4609375,63400.87109375,60046.125,62445.08984375,30327141594,BTC
2024-10-12,62444.6171875,63448.78515625,62443.26953125,63193.0234375,16744110886,BTC
2024-10-13,63192.9453125,63272.65234375,62035.63671875,62851.375,18177529690,BTC
2024-10-14,62848.3984375,66482.4921875,62442.15234375,66046.125,43706958056,BTC
2024-10-15,66050.3671875,67881.6796875,64809.1953125,67041.109375,48863870879,BTC
2024-10-16,67042.4609375,68375.2890625,66758.7265625,67612.71875,38195189534,BTC
2024-10-17,67617.078125,67912.2109375,66647.390625,67399.8359375,32790898511,BTC
2024-10-18,67419.109375,68969.75,67177.8203125,68418.7890625,36857165014,BTC
2024-10-19,68418.9765625,68668.0078125,68024.640625,68362.734375,14443497908,BTC
2024-10-20,68364.1796875,69359.0078125,68105.71875,69001.703125,18975847518,BTC
2024-10-21,69002.0,69462.734375,66829.8515625,67367.8515625,37498611780,BTC
2024-10-22,67360.703125,67801.578125,66581.3671875,67361.40625,31808472566,BTC
2024-10-23,67362.375,67402.7421875,65188.03515625,66432.1953125,32263980353,BTC
2024-10-24,66653.703125,68798.9609375,66454.1015625,68161.0546875,31414428647,BTC
2024-10-25,68165.296875,68722.15625,65521.79296875,66642.4140625,41469984306,BTC
2024-10-26,66628.734375,67317.921875,66360.59375,67014.6953125,19588098156,BTC
2024-10-27,67023.4765625,68221.3125,66847.2265625,67929.296875,16721307878,BTC
2024-10-28,67922.671875,70212.265625,67535.1328125,69907.7578125,38799856657,BTC
2024-10-29,69910.046875,73577.2109375,69729.9140625,72720.4921875,58541874402,BTC
2024-10-30,72715.3671875,72905.296875,71411.734375,72339.5390625,40646637831,BTC
2024-10-31,72335.046875,72662.3125,69590.5,70215.1875,40627912076,BTC
2024-11-01,70216.8984375,71559.015625,68779.703125,69482.46875,49989795365,BTC
2024-11-02,69486.0234375,69867.3515625,69033.71875,69289.2734375,18184612091,BTC
2024-11-03,69296.3828125,69361.65625,67482.5234375,68741.1171875,34868307655,BTC
2024-11-04,68742.1328125,69433.1796875,66803.6484375,67811.5078125,41184819348,BTC
2024-11-05,67811.171875,70522.7890625,67458.8671875,69359.5625,46046889204,BTC
2024-11-06,69358.5,76460.15625,69322.03125,75639.078125,118592653963,BTC
2024-11-07,75637.0859375,76943.1171875,74480.421875,75904.859375,63467654989,BTC
2024-11-08,75902.8359375,77252.75,75648.7421875,76545.4765625,55176858003,BTC
2024-11-09,76556.1875,76932.765625,75773.7890625,76778.8671875,29009480361,BTC
2024-11-10,76775.546875,81474.421875,76565.4296875,80474.1875,82570594495,BTC
2024-11-11,80471.4140625,89604.5,80283.25,88701.484375,117966845037,BTC
2024-11-12,88705.5625,89956.8828125,85155.109375,87955.8125,133673285375,BTC
2024-11-13,87929.96875,93434.3515625,86256.9296875,90584.1640625,123559027869,BTC
2024-11-14,90574.8828125,91765.21875,86682.8125,87250.4296875,87616705248,BTC
2024-11-15,87284.1796875,91868.7421875,87124.8984375,91066.0078125,78243109518,BTC
2024-11-16,91064.3671875,91763.9453125,90094.2265625,90558.4765625,44333192814,BTC
2024-11-17,90558.4609375,91433.0390625,88741.6640625,89845.8515625,46350159305,BTC
2024-11-18,89843.71875,92596.7890625,89393.59375,90542.640625,75535775084,BTC
2024-11-19,90536.8125,94002.8671875,90426.984375,92343.7890625,74521048295,BTC
2024-11-20,92341.890625,94902.0234375,91619.5,94339.4921875,71730956426,BTC
2024-11-21,94334.640625,99014.21875,94132.6015625,98504.7265625,106024505582,BTC
2024-11-22,98496.4296875,99655.5,97222.6640625,98997.6640625,78473580551,BTC
2024-11-23,99006.7421875,99014.6796875,97232.890625,97777.28125,44414644677,BTC
2024-11-24,97778.09375,98647.1796875,95788.078125,98013.8203125,51712020623,BTC
2024-11-25,98033.4453125,98935.03125,92642.9140625,93102.296875,80909462490,BTC
2024-11-26,93087.28125,94991.75,90770.8125,91985.3203125,91656519855,BTC
2024-11-27,91978.140625,97361.1796875,91778.6640625,95962.53125,71133452438,BTC
2024-11-28,95954.9453125,96650.203125,94677.3515625,95652.46875,52260008261,BTC
2024-11-29,95653.953125,98693.171875,95407.8828125,97461.5234375,54968682476,BTC
2024-11-30,97468.8125,97499.34375,96144.21875,96449.0546875,31634227866,BTC
2024-12-01,96461.3359375,97888.125,95770.1875,97279.7890625,36590695296,BTC
2024-12-02,97276.0078125,98152.6015625,94482.8671875,95865.3046875,72680784305,BTC
2024-12-03,95854.59375,96297.203125,93629.5625,96002.1640625,67067810961,BTC
2024-12-04,95988.53125,99207.328125,94660.5234375,98768.53125,77199817112,BTC
2024-12-05,98741.5390625,103900.46875,91998.78125,96593.5703125,149218945580,BTC
2024-12-06,97074.2265625,102039.8828125,96514.875,99920.7109375,94534772658,BTC
2024-12-07,99916.7109375,100563.3828125,99030.8828125,99923.3359375,44177510897,BTC
2024-12-08,99921.9140625,101399.9921875,98771.515625,101236.015625,44125751925,BTC
2024-12-09,101237.0625,101272.5078125,94355.9140625,97432.71875,110676473908,BTC
2024-12-10,97441.234375,98270.15625,94321.2578125,96675.4296875,104823780634,BTC
2024-12-11,96656.0625,101913.359375,95747.2265625,101173.03125,85391409936,BTC
2024-12-12,101167.8046875,102524.9140625,99339.953125,100043.0,72073983533,BTC
2024-12-13,100046.6484375,101888.8046875,99233.28125,101459.2578125,56894751583,BTC
2024-12-14,101451.4375,102618.8828125,100634.0546875,101372.96875,40422968793,BTC
2024-12-15,101373.53125,105047.5390625,101227.03125,104298.6953125,51145914137,BTC
2024-12-16,104293.578125,107780.578125,103322.984375,106029.71875,91020417816,BTC
2024-12-17,106030.6875,108268.4453125,105291.734375,106140.6015625,68589364868,BTC
2024-12-18,106147.296875,106470.609375,100041.5390625,100041.5390625,93865656139,BTC
2024-12-19,100070.6875,102748.1484375,95587.6796875,97490.953125,97221662392,BTC
2024-12-20,97484.6953125,98098.9140625,92175.1796875,97755.9296875,105634083408,BTC
2024-12-21,97756.1953125,99507.1015625,96426.5234375,97224.7265625,51765334294,BTC
2024-12-22,97218.3203125,97360.265625,94202.1875,95104.9375,43147981314,BTC
2024-12-23,95099.390625,96416.2109375,92403.1328125,94686.2421875,65239002919,BTC
2024-12-24,94684.34375,99404.0625,93448.015625,98676.09375,47114953674,BTC
2024-12-25,98675.9140625,99478.75,97593.46875,99299.1953125,33700394629,BTC
2024-12-26,99297.6953125,99884.5703125,95137.8828125,95795.515625,47054980873,BTC
2024-12-27,95704.9765625,97294.84375,93310.7421875,94164.859375,52419934565,BTC
2024-12-28,94160.1875,95525.8984375,94014.2890625,95163.9296875,24107436185,BTC
2024-12-29,95174.0546875,95174.875,92881.7890625,93530.2265625,29635885267,BTC
2024-12-30,93527.1953125,94903.3203125,91317.1328125,92643.2109375,56188003691,BTC
2020-01-01,129.6306610107422,132.83535766601562,129.1982879638672,130.802001953125,7935230330,ETH
2020-01-02,130.82003784179688,130.82003784179688,126.95491027832031,127.4101791381836,8032709256,ETH
2020-01-03,127.41126251220703,134.55401611328125,126.49002075195312,134.1717071533203,10476845358,ETH
2020-01-04,134.16851806640625,136.05271911621094,133.04055786132812,135.06936645507812,7430904515,ETH
2020-01-05,135.0720977783203,139.4102020263672,135.04562377929688,136.2767791748047,7526675353,ETH
2020-01-06,136.3055419921875,144.32818603515625,136.0796356201172,144.3041534423828,9093747121,ETH
2020-01-07,144.31199645996094,145.00177001953125,140.48887634277344,143.5439910888672,9257954672,ETH
2020-01-08,143.48782348632812,146.8280029296875,138.26820373535156,141.2581329345703,9387194957,ETH
2020-01-09,141.15577697753906,141.39398193359375,136.2364044189453,138.9792022705078,7697325348,ETH
2020-01-10,138.967041015625,144.16732788085938,135.52040100097656,143.96377563476562,9084816203,ETH
2020-01-11,143.4091033935547,146.4809112548828,142.2079620361328,142.92710876464844,9332208590,ETH
2020-01-12,143.0325469970703,146.14585876464844,142.7076416015625,145.87393188476562,8528167453,ETH
2020-01-13,146.2201385498047,146.79122924804688,142.90713500976562,144.22659301757812,8378529470,ETH
2020-01-14,144.2510528564453,167.68154907226562,144.06492614746094,165.95535278320312,16712318373,ETH
2020-01-15,165.734619140625,170.42567443847656,161.109619140625,166.23068237304688,15173694057,ETH
2020-01-16,166.33282470703125,167.0581512451172,159.7096405029297,164.39100646972656,13735193018,ETH
2020-01-17,164.4893798828125,173.0692138671875,162.77560424804688,170.7799530029297,14997091826,ETH
2020-01-18,170.7477264404297,178.52877807617188,166.7890167236328,175.3656768798828,14929342256,ETH
2020-01-19,175.46759033203125,177.2476348876953,163.67686462402344,166.9698486328125,13713374132,ETH
2020-01-20,166.9041290283203,169.11488342285156,162.33160400390625,167.12051391601562,11144529787,ETH
2020-01-21,167.0604705810547,169.9101104736328,165.81971740722656,169.69715881347656,9789369362,ETH
2020-01-22,169.60853576660156,171.00869750976562,166.77423095703125,168.29415893554688,9209827928,ETH
2020-01-23,168.2957000732422,168.31224060058594,160.29531860351562,162.92855834960938,10396868698,ETH
2020-01-24,162.8993682861328,164.3094482421875,156.74974060058594,163.05117797851562,10657671162,ETH
2020-01-25,163.06729125976562,163.22723388671875,158.63247680664062,161.283935546875,8256956802,ETH
2020-01-26,161.17681884765625,168.22032165527344,160.2811279296875,168.0771026611328,9261861590,ETH
2020-01-27,168.00885009765625,172.92291259765625,166.90109252929688,170.93089294433594,11004476145,ETH
2020-01-28,170.88485717773438,176.3703155517578,170.73806762695312,176.3703155517578,11772875064,ETH
2020-01-29,176.34788513183594,178.8429718017578,175.0503387451172,175.0503387451172,10725267311,ETH
2020-01-30,174.91770935058594,186.26048278808594,172.3746337890625,184.6904754638672,12604789338,ETH
2020-01-31,184.73690795898438,185.4058380126953,176.29681396484375,180.16017150878906,11728616394,ETH
2020-02-01,180.11376953125,183.84555053710938,179.74517822265625,183.6739501953125,11569697182,ETH
2020-02-02,183.53250122070312,193.0803985595703,180.1739501953125,188.61753845214844,14054425389,ETH
2020-02-03,188.60740661621094,193.4368896484375,188.0126953125,189.8650665283203,12392875241,ETH
2020-02-04,189.86172485351562,191.1114959716797,185.40362548828125,189.25059509277344,11714191695,ETH
2020-02-05,189.29910278320312,206.8040008544922,188.752685546875,204.23023986816406,14865434435,ETH
2020-02-06,204.12969970703125,214.59771728515625,201.90406799316406,212.33908081054688,16425589683,ETH
2020-02-07,212.31588745117188,223.14093017578125,212.30419921875,222.72605895996094,16673443564,ETH
2020-02-08,222.51097106933594,226.5880889892578,215.38629150390625,223.14651489257812,16741203125,ETH
2020-02-09,222.98223876953125,229.86424255371094,222.98223876953125,228.5785675048828,15031356241,ETH
2020-02-10,228.54913330078125,229.1846160888672,218.08004760742188,223.522705078125,16210008511,ETH
2020-02-11,223.3849334716797,236.54713439941406,218.61761474609375,235.8511962890625,16964695963,ETH
2020-02-12,235.89822387695312,272.3988342285156,235.89627075195312,265.4061279296875,24545049386,ETH
2020-02-13,265.0527038574219,273.7410583496094,258.9225158691406,268.0992431640625,25801317504,ETH
2020-02-14,268.0232849121094,285.0564270019531,262.76251220703125,284.2174987792969,23558253463,ETH
2020-02-15,284.5613098144531,287.1236877441406,264.2796630859375,264.72857666015625,23682452994,ETH
2020-02-16,264.904052734375,272.8824462890625,242.48440551757812,259.89471435546875,25152366643,ETH
2020-02-17,259.89056396484375,266.8712463378906,244.3353271484375,266.3634338378906,26024080089,ETH
2020-02-18,266.5088195800781,283.1961364746094,261.4638977050781,281.944580078125,26511477187,ETH
2020-02-19,282.0362854003906,283.5379333496094,259.76397705078125,259.76397705078125,22679414413,ETH
2020-02-20,259.8198547363281,263.6954040527344,250.95126342773438,257.949462890625,23229828870,ETH
2020-02-21,257.89111328125,267.0048522949219,255.6890869140625,265.6006164550781,20867593292,ETH
2020-02-22,265.55157470703125,266.38720703125,258.91314697265625,262.33172607421875,16906032862,ETH
2020-02-23,262.2784118652344,273.754150390625,261.96051025390625,273.754150390625,19585998814,ETH
2020-02-24,273.705078125,275.5395202636719,259.6251525878906,265.2164306640625,22400845640,ETH
2020-02-25,265.28338623046875,265.4314880371094,246.85899353027344,247.81759643554688,21878882134,ETH
2020-02-26,247.74020385742188,249.6497039794922,221.2665557861328,225.68026733398438,26235617201,ETH
2020-02-27,225.68704223632812,237.2289276123047,212.66452026367188,226.75338745117188,25645522790,ETH
2020-02-28,226.98760986328125,234.2089385986328,216.34620666503906,226.760498046875,22563530559,ETH
2020-02-29,226.8334503173828,232.25662231445312,219.8485107421875,219.8485107421875,18181296376,ETH
2020-03-01,219.752685546875,226.67788696289062,214.13043212890625,218.97059631347656,18179807469,ETH
2020-03-02,218.7116241455078,232.81158447265625,217.28428649902344,230.5697784423828,20305587789,ETH
2020-03-03,230.5239715576172,232.3258056640625,221.732666015625,224.47962951660156,19853178572,ETH
2020-03-04,224.56533813476562,228.04042053222656,222.08888244628906,224.51797485351562,16567075208,ETH
2020-03-05,224.6418914794922,234.3644561767578,224.6418914794922,229.2681884765625,18201291785,ETH
2020-03-06,229.16842651367188,243.5549774169922,228.7435760498047,243.52529907226562,19374772256,ETH
2020-03-07,243.7501983642578,249.97848510742188,237.55128479003906,237.85308837890625,19431652027,ETH
2020-03-08,237.7806854248047,237.7806854248047,200.6029815673828,200.68905639648438,21381823651,ETH
2020-03-09,201.31849670410156,207.45140075683594,192.2698974609375,201.986328125,23645428606,ETH
2020-03-10,202.86395263671875,205.71424865722656,198.0644989013672,200.76724243164062,18344930072,ETH
2020-03-11,200.76803588867188,202.9542999267578,184.36215209960938,194.8685302734375,16984790291,ETH
2020-03-12,194.73892211914062,195.14793395996094,111.21070861816406,112.34712219238281,22134741655,ETH
2020-03-13,112.68999481201172,137.42953491210938,95.1843032836914,133.20181274414062,27864623061,ETH
2020-03-14,133.5824737548828,134.484375,122.41447448730469,123.30602264404297,12740784545,ETH
2020-03-15,123.24606323242188,132.2421417236328,121.85365295410156,125.21430206298828,12719251813,ETH
2020-03-16,124.9961166381836,124.9961166381836,105.17144012451172,110.60587310791016,15984904590,ETH
2020-03-17,110.40678405761719,118.98828125,110.40678405761719,113.9427490234375,12087490572,ETH
2020-03-18,113.8576431274414,116.02162170410156,111.74311065673828,114.84226989746094,11617854009,ETH
2020-03-19,114.83982849121094,140.52772521972656,114.73286437988281,136.59385681152344,16396753275,ETH
2020-03-20,136.64927673339844,150.8538055419922,122.60565948486328,132.73716735839844,18960388062,ETH
2020-03-21,133.1017608642578,135.972412109375,127.16375732421875,132.81871032714844,13684083308,ETH
2020-03-22,132.85113525390625,136.15164184570312,122.90933227539062,123.32115173339844,12497707224,ETH
2020-03-23,123.36598205566406,134.91160583496094,121.86788177490234,134.91160583496094,14149877968,ETH
2020-03-24,135.1941375732422,141.9485321044922,133.1687774658203,138.76144409179688,14609068673,ETH
2020-03-25,138.9149627685547,141.40379333496094,134.30422973632812,136.19589233398438,13433092920,ETH
2020-03-26,136.190673828125,138.83056640625,134.8860321044922,138.36155700683594,11367261176,ETH
2020-03-27,138.36993408203125,139.90269470214844,133.9379425048828,133.9379425048828,11396286629,ETH
2020-03-28,134.03274536132812,134.03274536132812,126.96218872070312,130.9864959716797,12162403960,ETH
2020-03-29,131.0153350830078,131.17408752441406,125.4500503540039,125.58373260498047,9938133669,ETH
2020-03-30,125.57789611816406,133.91146850585938,125.28968048095703,132.904541015625,11841123306,ETH
2020-03-31,132.8209228515625,134.27413940429688,131.65289306640625,133.59356689453125,11065246317,ETH
2020-04-01,133.61231994628906,135.63455200195312,129.73094177246094,135.63455200195312,12456564435,ETH
2020-04-02,135.732177734375,146.78709411621094,135.732177734375,142.02914428710938,15322861686,ETH
2020-04-03,142.11045837402344,146.89987182617188,139.619384765625,142.09130859375,13184603402,ETH
2020-04-04,142.21517944335938,145.37730407714844,140.121826171875,145.21939086914062,11946658257,ETH
2020-04-05,145.26101684570312,146.12852478027344,142.10208129882812,143.54664611816406,11280993591,ETH
2020-04-06,143.60821533203125,169.27264404296875,143.5446014404297,169.13587951660156,21636382525,ETH
2020-04-07,169.14744567871094,175.20413208007812,164.2033233642578,165.10194396972656,21659346091,ETH
2020-04-08,165.24032592773438,173.21026611328125,164.49319458007812,172.64173889160156,17063110836,ETH
2020-04-09,172.76126098632812,172.8977813720703,167.98712158203125,170.80714416503906,14901696210,ETH
2020-04-10,170.8292694091797,170.94976806640625,154.9144744873047,158.41244506835938,17980944616,ETH
2020-04-11,158.5389862060547,161.16757202148438,155.29833984375,158.2160186767578,13555089447,ETH
2020-04-12,158.23239135742188,164.51695251464844,156.3205108642578,161.14242553710938,15123721386,ETH
2020-04-13,160.72067260742188,160.74969482421875,151.61448669433594,156.27955627441406,16465282133,ETH
2020-04-14,156.35595703125,160.94427490234375,155.86593627929688,157.5963897705078,14723156630,ETH
2020-04-15,157.56564331054688,160.71112060546875,152.80284118652344,153.28689575195312,14171753737,ETH
2020-04-16,153.20042419433594,173.1572723388672,150.3594207763672,172.15737915039062,22910469236,ETH
2020-04-17,172.2794189453125,174.27590942382812,169.75157165527344,171.63858032226562,16714684266,ETH
2020-04-18,171.61807250976562,187.9404754638672,171.61807250976562,186.91400146484375,20160323443,ETH
2020-04-19,186.8619842529297,188.0989227294922,180.12081909179688,181.61495971679688,19146038381,ETH
2020-04-20,181.480224609375,186.0835418701172,170.32127380371094,172.2971649169922,21266681335,ETH
2020-04-21,172.01771545410156,175.178466796875,170.55284118652344,172.73770141601562,16458767984,ETH
2020-04-22,172.67039489746094,183.75100708007812,171.82659912109375,182.59957885742188,17994666395,ETH
2020-04-23,182.62017822265625,189.0888671875,180.3406524658203,185.02867126464844,21275740032,ETH
2020-04-24,185.22210693359375,190.21038818359375,185.22210693359375,189.2369384765625,16788555028,ETH
2020-04-25,189.2073974609375,196.79237365722656,188.45953369140625,195.5153045654297,18260969748,ETH
2020-04-26,195.41358947753906,199.344970703125,194.76806640625,197.31753540039062,18335367012,ETH
2020-04-27,197.47572326660156,199.55279541015625,193.45416259765625,197.22471618652344,18670194595,ETH
2020-04-28,197.2735137939453,198.7865447998047,194.84942626953125,198.41539001464844,18217507467,ETH
2020-04-29,198.46519470214844,218.4546356201172,198.12451171875,216.96823120117188,26397548759,ETH
2020-04-30,216.9091339111328,227.52969360351562,206.43692016601562,207.60205078125,28089191904,ETH
2020-05-01,207.9017333984375,217.62802124023438,207.7808837890625,214.21910095214844,20816320834,ETH
2020-05-02,214.23008728027344,215.8475341796875,212.87867736816406,215.32537841796875,18260876092,ETH
2020-05-03,215.35206604003906,219.2708740234375,208.69236755371094,210.9331512451172,20469034664,ETH
2020-05-04,210.89085388183594,211.82838439941406,199.0477294921875,208.17401123046875,22602446422,ETH
2020-05-05,208.01300048828125,211.77862548828125,204.0311279296875,206.77439880371094,19004689099,ETH
2020-05-06,206.48135375976562,211.5346221923828,204.04087829589844,204.0557861328125,20343543799,ETH
2020-05-07,203.91285705566406,214.39247131347656,202.07484436035156,212.28941345214844,23594744655,ETH
2020-05-08,212.1982421875,216.3276824951172,208.8307342529297,212.9915771484375,20445139356,ETH
2020-05-09,213.1421661376953,214.73912048339844,209.07151794433594,211.60012817382812,18950547549,ETH
2020-05-10,211.5522003173828,211.5522003173828,182.71116638183594,188.5995635986328,25211575193,ETH
2020-05-11,188.63218688964844,191.36233520507812,180.7183380126953,185.912841796875,20054601647,ETH
2020-05-12,185.87733459472656,191.60134887695312,185.70179748535156,189.3125,15899726284,ETH
2020-05-13,189.3740997314453,200.19732666015625,189.12770080566406,199.1932830810547,17054662289,ETH
2020-05-14,198.89151000976562,204.1175994873047,196.8688201904297,202.9490966796875,20150524861,ETH
2020-05-15,202.9553985595703,203.56639099121094,193.75567626953125,195.62266540527344,16602342092,ETH
2020-05-16,195.61338806152344,202.7711944580078,194.5015869140625,200.6771240234375,15379081645,ETH
2020-05-17,200.60887145996094,209.1609344482422,200.10279846191406,207.15869140625,15470397303,ETH
2020-05-18,207.17977905273438,215.90846252441406,207.10906982421875,214.52505493164062,17411566928,ETH
2020-05-19,214.6049346923828,214.6049346923828,210.14305114746094,213.45111083984375,14346192779,ETH
2020-05-20,213.4462432861328,214.71682739257812,207.97581481933594,210.09674072265625,12730175511,ETH
2020-05-21,210.129150390625,211.62518310546875,193.346435546875,199.88360595703125,13308321229,ETH
2020-05-22,199.8371124267578,208.59153747558594,198.04086303710938,207.169189453125,12041592114,ETH
2020-05-23,207.19448852539062,210.38645935058594,205.29421997070312,208.69439697265625,10665476768,ETH
2020-05-24,208.716064453125,210.59507751464844,202.37034606933594,202.37034606933594,11833299572,ETH
2020-05-25,201.98265075683594,206.3614501953125,200.6675567626953,205.3197479248047,10415044124,ETH
2020-05-26,205.2595672607422,205.75254821777344,200.2642822265625,201.90231323242188,10159741290,ETH
2020-05-27,201.89300537109375,208.86343383789062,201.78506469726562,208.86343383789062,10631034756,ETH
2020-05-28,208.88543701171875,220.27650451660156,206.24266052246094,219.84042358398438,12212469604,ETH
2020-05-29,219.925048828125,224.2168731689453,218.23805236816406,220.6751251220703,12265816557,ETH
2020-05-30,220.7172088623047,243.94314575195312,218.7444610595703,242.34559631347656,15027397867,ETH
2020-05-31,242.35137939453125,244.04525756835938,230.05282592773438,230.9757080078125,12234904813,ETH
2020-06-01,230.86026000976562,248.2362823486328,230.48805236816406,246.99176025390625,13951727936,ETH
2020-06-02,246.82818603515625,252.2220001220703,233.2252960205078,237.21905517578125,13782107567,ETH
2020-06-03,237.3952178955078,244.1793212890625,235.46444702148438,244.1793212890625,9861760817,ETH
2020-06-04,244.10528564453125,245.92897033691406,236.7653045654297,244.4263916015625,10170414304,ETH
2020-06-05,244.34959411621094,247.32949829101562,240.6820526123047,241.22198486328125,9293963914,ETH
2020-06-06,241.20135498046875,245.98104858398438,239.7245330810547,241.9313201904297,8114873845,ETH
2020-06-07,241.9080810546875,245.4352569580078,236.32525634765625,245.16725158691406,9544883157,ETH
2020-06-08,245.17857360839844,246.64419555664062,241.5421905517578,246.30990600585938,8076783299,ETH
2020-06-09,246.17501831054688,248.34243774414062,242.3385467529297,244.9114532470703,8446545788,ETH
2020-06-10,244.8220672607422,248.65115356445312,242.8197479248047,247.4449462890625,8792990206,ETH
2020-06-11,247.5485382080078,249.8883056640625,229.94297790527344,231.70266723632812,12356528860,ETH
2020-06-12,231.62545776367188,239.3546905517578,229.6450653076172,237.4932098388672,8868955009,ETH
2020-06-13,237.54461669921875,239.19309997558594,235.88967895507812,238.90884399414062,7141624980,ETH
2020-06-14,238.9681854248047,239.10145568847656,232.95819091796875,234.1147003173828,7439385176,ETH
2020-06-15,234.0583038330078,234.2378387451172,221.24176025390625,229.9289093017578,10536099884,ETH
2020-06-16,229.76229858398438,236.39430236816406,228.4261474609375,234.41616821289062,7965648016,ETH
2020-06-17,234.49237060546875,235.9540557861328,229.34164428710938,233.0282745361328,7701391592,ETH
2020-06-18,232.89869689941406,234.57064819335938,228.95143127441406,232.10116577148438,6713800872,ETH
2020-06-19,231.95497131347656,232.15411376953125,226.79518127441406,227.13829040527344,6946372590,ETH
2020-06-20,226.9763641357422,231.4490203857422,226.640625,229.27426147460938,6252830566,ETH
2020-06-21,229.2161407470703,232.35894775390625,228.4929962158203,228.9898223876953,5600408178,ETH
2020-06-22,229.0033721923828,243.77601623535156,228.9347381591797,242.53318786621094,9079586552,ETH
2020-06-23,242.53701782226562,244.86441040039062,239.75973510742188,244.14215087890625,6624530348,ETH
2020-06-24,244.18592834472656,248.50802612304688,232.8077392578125,235.7724609375,8815030025,ETH
2020-06-25,235.70285034179688,236.05340576171875,230.29660034179688,232.94448852539062,7010426122,ETH
2020-06-26,232.8774871826172,233.9019317626953,229.25946044921875,229.6680450439453,7187490226,ETH
2020-06-27,229.63148498535156,232.49342346191406,220.5645751953125,222.9597930908203,6918380955,ETH
2020-06-28,222.91448974609375,228.59828186035156,219.47267150878906,225.34716796875,6205925718,ETH
2020-06-29,225.36143493652344,229.90321350097656,222.25498962402344,228.1948699951172,6726164653,ETH
2020-06-30,227.9684295654297,229.476806640625,224.815185546875,226.31500244140625,6094093001,ETH
2020-07-01,226.13458251953125,232.75611877441406,224.8357391357422,231.11341857910156,6463737443,ETH
2020-07-02,231.28890991210938,232.39688110351562,225.4619598388672,229.39219665527344,6212210566,ETH
2020-07-03,229.31895446777344,229.6293182373047,224.91397094726562,225.38706970214844,5109032700,ETH
2020-07-04,225.28848266601562,230.05413818359375,225.13331604003906,229.07411193847656,5228310135,ETH
2020-07-05,228.9761962890625,229.85671997070312,224.54449462890625,227.6645965576172,5292172429,ETH
2020-07-06,227.6850128173828,242.13270568847656,227.02952575683594,241.51022338867188,8782917553,ETH
2020-07-07,240.97259521484375,242.68185424804688,234.21865844726562,239.07553100585938,6441497597,ETH
2020-07-08,239.15997314453125,248.30886840820312,238.39837646484375,246.67001342773438,9892586411,ETH
2020-07-09,246.748291015625,247.2916717529297,239.89865112304688,243.01596069335938,8429099199,ETH
2020-07-10,242.86801147460938,242.8837890625,236.73052978515625,240.9849853515625,7281370522,ETH
2020-07-11,241.04478454589844,241.52748107910156,238.33123779296875,239.4581756591797,5643067316,ETH
2020-07-12,239.4596405029297,243.31114196777344,237.7702178955078,242.13169860839844,6596394718,ETH
2020-07-13,242.18186950683594,244.31051635742188,238.2323760986328,239.60458374023438,7787751468,ETH
2020-07-14,239.97561645507812,242.0037841796875,237.7961883544922,240.21148681640625,7357458555,ETH
2020-07-15,240.14364624023438,241.40269470214844,237.09617614746094,238.42352294921875,6189328448,ETH
2020-07-16,238.45091247558594,239.00625610351562,231.6211700439453,233.64088439941406,5832057567,ETH
2020-07-17,233.69139099121094,234.41506958007812,232.10997009277344,232.77308654785156,5859850529,ETH
2020-07-18,232.85568237304688,236.54397583007812,232.32489013671875,235.4838104248047,5397402117,ETH
2020-07-19,235.4582977294922,239.1606903076172,233.2797393798828,238.48751831054688,6251377305,ETH
2020-07-20,238.494873046875,239.5762481689453,234.85264587402344,236.15316772460938,5600686192,ETH
2020-07-21,236.30250549316406,246.18626403808594,235.68096923828125,245.0167236328125,6806696015,ETH
2020-07-22,245.03726196289062,262.98504638671875,242.48434448242188,262.1906433105469,7702077383,ETH
2020-07-23,262.3886413574219,277.5834655761719,261.0470886230469,274.6890563964844,10281309262,ETH
2020-07-24,274.7226867675781,286.1928405761719,269.2397766113281,279.2154235839844,9466060358,ETH
2020-07-25,279.0263671875,306.7409973144531,279.0263671875,304.0567626953125,10785021813,ETH
2020-07-26,303.6923828125,316.3863220214844,300.267822265625,309.64361572265625,12003973026,ETH
2020-07-27,309.6579284667969,330.7012023925781,309.6579284667969,321.51409912109375,15644257058,ETH
2020-07-28,321.8297424316406,325.9059753417969,307.7213439941406,316.6572570800781,12357108065,ETH
2020-07-29,316.55535888671875,324.38079833984375,313.1095886230469,318.1908874511719,10878845706,ETH
2020-07-30,318.1449890136719,338.6311950683594,315.7510986328125,334.5866394042969,11827689045,ETH
2020-07-31,334.63372802734375,348.6113586425781,329.3409423828125,345.5546569824219,12030600492,ETH
2020-08-01,345.7986145019531,388.84796142578125,343.5874328613281,385.19970703125,14045259477,ETH
2020-08-02,385.54986572265625,411.2283020019531,357.1436462402344,370.6717224121094,18909744275,ETH
2020-08-03,371.13385009765625,396.5069885253906,369.3363342285156,386.295166015625,12834648062,ETH
2020-08-04,386.1564636230469,400.70062255859375,382.985107421875,389.87548828125,14086704221,ETH
2020-08-05,389.7108154296875,406.303955078125,386.2184753417969,401.590576171875,12875466638,ETH
2020-08-06,401.5838623046875,403.4886779785156,392.6001892089844,394.9619445800781,11304626458,ETH
2020-08-07,395.22686767578125,398.2490234375,367.9355163574219,379.5128479003906,12751687084,ETH
2020-08-08,379.55157470703125,393.98736572265625,377.3497314453125,393.98736572265625,9342060531,ETH
2020-08-09,395.30523681640625,399.7370910644531,385.8307189941406,391.1204528808594,9451065592,ETH
2020-08-10,391.04150390625,399.3759460449219,391.04150390625,395.8875732421875,11685827893,ETH
2020-08-11,395.89471435546875,398.4789123535156,370.8606262207031,380.3840637207031,12792218737,ETH
2020-08-12,380.0638122558594,391.31231689453125,367.9236145019531,391.024169921875,12408772745,ETH
2020-08-13,390.8381042480469,432.90460205078125,379.71087646484375,428.7417907714844,18480303526,ETH
2020-08-14,428.6772766113281,444.5777587890625,423.3458557128906,437.3978271484375,15064589987,ETH
2020-08-15,437.56298828125,441.7546081542969,429.8746032714844,433.35491943359375,12416067894,ETH
2020-08-16,433.3505859375,436.2658386230469,415.08624267578125,433.78662109375,12168816874,ETH
2020-08-17,433.9737548828125,442.7349853515625,422.64727783203125,429.53125,13227089410,ETH
2020-08-18,429.66961669921875,432.5802917480469,419.6741027832031,423.6693115234375,11978984079,ETH
2020-08-19,423.73858642578125,427.024658203125,396.6783447265625,406.4637756347656,13137391167,ETH
2020-08-20,406.7589111328125,418.73443603515625,404.0260925292969,416.4397888183594,10043032427,ETH
2020-08-21,416.1487731933594,418.6379699707031,387.4411315917969,389.1263427734375,11781796374,ETH
2020-08-22,389.0310974121094,396.4665832519531,382.81463623046875,395.83514404296875,10131847985,ETH
2020-08-23,395.5628356933594,396.49041748046875,385.039794921875,391.3844909667969,8137303970,ETH
2020-08-24,391.6789855957031,409.3885803222656,389.3146057128906,408.1441955566406,10328860398,ETH
2020-08-25,408.0716857910156,408.5279235839844,374.3553771972656,384.00103759765625,12428442042,ETH
2020-08-26,383.9774475097656,391.8732604980469,378.7058410644531,386.46612548828125,9967343483,ETH
2020-08-27,386.60986328125,395.34918212890625,374.8664855957031,382.63262939453125,10457777652,ETH
2020-08-28,382.62957763671875,397.75762939453125,381.2738342285156,395.8746643066406,9120674421,ETH
2020-08-29,395.6875915527344,405.6163635253906,393.03741455078125,399.9214782714844,8777703481,ETH
2020-08-30,399.61669921875,428.6639709472656,399.6083679199219,428.3957214355469,11211948040,ETH
2020-08-31,428.5090026855469,438.5603332519531,419.7701721191406,435.0797424316406,12774741797,ETH
2020-09-01,434.87445068359375,487.2118835449219,432.0791931152344,477.0519104003906,18862763756,ETH
2020-09-02,477.00787353515625,480.33099365234375,424.46002197265625,440.0404968261719,19691854014,ETH
2020-09-03,440.239990234375,449.532470703125,381.12969970703125,385.67193603515625,19622845896,ETH
2020-09-04,384.671630859375,402.4117431640625,371.6366882324219,388.24114990234375,16747106257,ETH
2020-09-05,388.03839111328125,394.1722717285156,316.77435302734375,335.26007080078125,29880047640,ETH
2020-09-06,335.3345642089844,359.7640380859375,319.0419006347656,353.3622741699219,27643678917,ETH
2020-09-07,353.45025634765625,358.2118835449219,326.2543640136719,352.6734924316406,21763614732,ETH
2020-09-08,353.2022705078125,355.5628662109375,328.8167724609375,337.60211181640625,17991403432,ETH
2020-09-09,337.8249206542969,359.16448974609375,332.1650085449219,351.1100158691406,14547933520,ETH
2020-09-10,351.4293212890625,377.3935852050781,351.11175537109375,368.1018981933594,31421134556,ETH
2020-09-11,368.1184997558594,376.6304016113281,355.58258056640625,374.6955871582031,27296269329,ETH
2020-09-12,374.59539794921875,387.5384521484375,367.8421936035156,387.18310546875,13295405814,ETH
2020-09-13,387.519287109375,388.9598083496094,354.3401794433594,365.57000732421875,15005899191,ETH
2020-09-14,365.6995849609375,384.4851989746094,357.56976318359375,377.26885986328125,17536695361,ETH
2020-09-15,377.1540222167969,381.50830078125,363.6068115234375,364.8392028808594,16140584321,ETH
2020-09-16,364.7439880371094,372.7674255371094,356.6827392578125,365.8122863769531,16107612177,ETH
2020-09-17,365.86578369140625,393.901611328125,364.7951354980469,389.01922607421875,19899531080,ETH
2020-09-18,389.3374938964844,391.9041442871094,376.9649963378906,384.3645324707031,14108357740,ETH
2020-09-19,384.0416564941406,387.07635498046875,378.72406005859375,385.54437255859375,11049507684,ETH
2020-09-20,385.5979919433594,385.5979919433594,367.0943603515625,371.0528259277344,12292195784,ETH
2020-09-21,371.400146484375,375.7370300292969,336.0689697265625,341.78607177734375,17398267133,ETH
2020-09-22,341.72381591796875,346.600830078125,336.85504150390625,344.503173828125,12732578043,ETH
2020-09-23,344.58990478515625,344.67138671875,318.9692077636719,321.1163024902344,12899346599,ETH
2020-09-24,320.9850158691406,351.46148681640625,318.54510498046875,349.3555908203125,15714304470,ETH
2020-09-25,349.41143798828125,357.7727355957031,339.01593017578125,352.1832580566406,14381086966,ETH
2020-09-26,352.35089111328125,355.8547668457031,348.10711669921875,355.48809814453125,13049148579,ETH
2020-09-27,354.95989990234375,361.9844055175781,349.8340759277344,357.4385070800781,13598126926,ETH
2020-09-28,357.9259338378906,366.4321594238281,354.5476379394531,355.159423828125,14258455166,ETH
2020-09-29,354.3630065917969,360.3533630371094,352.1468505859375,359.75738525390625,11600013236,ETH
2020-09-30,360.03851318359375,361.17877197265625,353.32794189453125,359.9378662109375,11818610610,ETH
2020-10-01,360.30914306640625,369.264404296875,346.47705078125,353.2059020996094,14679481911,ETH
2020-10-02,352.9496765136719,354.11541748046875,336.4671630859375,346.2389221191406,14215390463,ETH
2020-10-03,346.2186279296875,351.3077087402344,344.66656494140625,346.5220947265625,10060167889,ETH
2020-10-04,346.60223388671875,354.0457458496094,345.1310119628906,352.5790100097656,10696959020,ETH
2020-10-05,352.73681640625,355.2140808105469,349.6799011230469,353.956787109375,11809507622,ETH
2020-10-06,353.95648193359375,354.989013671875,338.0032958984375,340.81585693359375,12830796112,ETH
2020-10-07,340.9430847167969,342.4508361816406,334.5455627441406,341.80865478515625,11929918060,ETH
2020-10-08,342.0446472167969,352.21148681640625,335.6474914550781,350.7661437988281,13461017711,ETH
2020-10-09,351.1128845214844,368.3103332519531,348.2058410644531,365.5904846191406,13043501763,ETH
2020-10-10,365.4024658203125,378.26715087890625,365.3540344238281,370.96759033203125,13618484324,ETH
2020-10-11,370.9284362792969,377.2467956542969,369.8280334472656,375.1420593261719,12584512533,ETH
2020-10-12,374.7987365722656,395.1221618652344,366.642333984375,387.73126220703125,15867455424,ETH
2020-10-13,387.1429443359375,387.37567138671875,375.58245849609375,381.1907653808594,14226744838,ETH
2020-10-14,381.9714660644531,387.2961730957031,374.1750183105469,379.4840393066406,13918846567,ETH
2020-10-15,379.1922302246094,381.2087707519531,371.3541259765625,377.44183349609375,14964182545,ETH
2020-10-16,377.8684997558594,380.0215148925781,362.597412109375,366.22900390625,14670784817,ETH
2020-10-17,366.0157165527344,369.76812744140625,364.489013671875,368.8559265136719,10951115359,ETH
2020-10-18,368.7275390625,378.59765625,368.129150390625,378.21368408203125,11047103109,ETH
2020-10-19,378.4696350097656,383.3176574707031,373.7022705078125,379.93560791015625,12811242092,ETH
2020-10-20,379.7196960449219,380.7610168457031,367.60107421875,369.13690185546875,13741586582,ETH
2020-10-21,369.0594177246094,400.62725830078125,368.72796630859375,392.1899719238281,20241324322,ETH
2020-10-22,391.4886169433594,420.14166259765625,391.27630615234375,413.7729797363281,15772846485,ETH
2020-10-23,414.05133056640625,418.9599304199219,403.08203125,409.7666931152344,14256222052,ETH
2020-10-24,409.7672424316406,416.59967041015625,407.8517150878906,412.4576110839844,12201739194,ETH
2020-10-25,412.4576416015625,417.1592102050781,405.35064697265625,406.2177734375,10890207469,ETH
2020-10-26,406.2179870605469,411.2798767089844,383.78289794921875,393.8883056640625,15155684229,ETH
2020-10-27,393.88818359375,409.7728576660156,390.60845947265625,403.9970397949219,13940434102,ETH
2020-10-28,403.9971008300781,408.9647521972656,381.1463317871094,388.6507568359375,15276441134,ETH
2020-10-29,388.65106201171875,393.2276916503906,381.28875732421875,386.7301025390625,12920477749,ETH
2020-10-30,386.7302551269531,391.4647216796875,375.0924072265625,382.8199768066406,13688056970,ETH
2020-10-31,382.8200378417969,393.0101318359375,381.2952575683594,386.59033203125,11276963426,ETH
2020-11-01,386.59033203125,397.1161193847656,385.16552734375,396.3581848144531,10475146018,ETH
2020-11-02,396.3559875488281,403.2407531738281,381.01763916015625,383.15673828125,13997574252,ETH
2020-11-03,383.1560363769531,389.515380859375,371.312744140625,387.6021728515625,12588494762,ETH
2020-11-04,387.60321044921875,407.6656494140625,377.8276062011719,402.1419982910156,15126077675,ETH
2020-11-05,402.1429443359375,417.52593994140625,397.2458190917969,414.0673522949219,15440711038,ETH
2020-11-06,414.06671142578125,456.20062255859375,412.9822998046875,454.71929931640625,16738305610,ETH
2020-11-07,454.7225646972656,465.67547607421875,428.45635986328125,435.713134765625,18873289788,ETH
2020-11-08,435.71881103515625,457.78045654296875,433.1537780761719,453.5547790527344,11292383601,ETH
2020-11-09,453.57415771484375,457.349609375,435.16387939453125,444.1630554199219,13704320630,ETH
2020-11-10,444.1663818359375,453.75836181640625,439.6001281738281,449.67962646484375,12090381666,ETH
2020-11-11,449.6796569824219,473.578857421875,449.5249328613281,462.9605407714844,14075403511,ETH
2020-11-12,462.95953369140625,467.6778259277344,452.0724182128906,461.0052795410156,12877327234,ETH
2020-11-13,461.0054931640625,475.2172546386719,457.2982482910156,474.6264343261719,13191505725,ETH
2020-11-14,474.6264343261719,475.16143798828125,452.986083984375,460.14984130859375,10312037942,ETH
2020-11-15,460.14990234375,460.99407958984375,440.25433349609375,447.55908203125,10308617165,ETH
2020-11-16,447.5589904785156,463.8310241699219,445.5016174316406,459.9403076171875,11441239444,ETH
2020-11-17,464.4066467285156,482.2322082519531,460.776611328125,480.3600769042969,14593057877,ETH
2020-11-18,480.3468322753906,491.9999084472656,465.8309631347656,479.48406982421875,17880199224,ETH
2020-11-19,479.48101806640625,480.1217346191406,465.7042541503906,471.63043212890625,12473929218,ETH
2020-11-20,471.6314697265625,513.6103515625,471.6314697265625,509.74456787109375,18629943296,ETH
2020-11-21,509.7445983886719,550.2274169921875,504.2377624511719,549.4866333007812,20757099184,ETH
2020-11-22,549.4866333007812,579.3724975585938,514.5172119140625,558.068115234375,21967049601,ETH
2020-11-23,558.0595092773438,609.9876098632812,551.2652587890625,608.4540405273438,27272302872,ETH
2020-11-24,608.5227661132812,621.1734008789062,593.8351440429688,603.8977661132812,23281758100,ETH
2020-11-25,603.9020385742188,605.0941772460938,559.67138671875,570.6866455078125,20088492893,ETH
2020-11-26,570.514892578125,575.6414794921875,485.497314453125,518.8011474609375,31104004592,ETH
2020-11-27,519.1080932617188,530.7771606445312,497.24261474609375,517.4937133789062,16831105703,ETH
2020-11-28,517.5973510742188,548.0448608398438,508.1253662109375,538.2297973632812,14770243833,ETH
2020-11-29,538.2645874023438,576.6024169921875,531.987548828125,575.758056640625,15017517758,ETH
2020-11-30,575.757080078125,615.2405395507812,571.5377807617188,614.842529296875,20276867833,ETH
2020-12-01,615.0703125,635.1605834960938,571.7539672851562,587.3241577148438,27178964465,ETH
2020-12-02,587.2615966796875,604.0224609375,578.7410278320312,598.3523559570312,16883292129,ETH
2020-12-03,598.459228515625,622.4526977539062,588.3463745117188,616.708740234375,16146190946,ETH
2020-12-04,616.7227783203125,618.983154296875,569.2835083007812,569.3541870117188,16337589997,ETH
2020-12-05,569.34765625,596.595458984375,563.1066284179688,596.595458984375,13498010566,ETH
2020-12-06,596.5686645507812,606.7919311523438,584.4117431640625,601.9089965820312,11290893016,ETH
2020-12-07,601.797119140625,602.9179077148438,585.4286499023438,591.8433837890625,10720480962,ETH
2020-12-08,591.9008178710938,594.7515869140625,552.46923828125,554.8277587890625,14398919320,ETH
2020-12-09,554.7929077148438,577.2883911132812,532.9984130859375,573.4791259765625,15855915840,ETH
2020-12-10,573.5040283203125,574.6001586914062,549.7840576171875,559.6785278320312,11672582040,ETH
2020-12-11,559.67919921875,560.376708984375,537.8116455078125,545.79736328125,11098819124,ETH
2020-12-12,545.5785522460938,573.3394165039062,545.24560546875,568.5673217773438,8534557897,ETH
2020-12-13,568.60986328125,593.78125,564.5659790039062,589.6632080078125,9070377862,ETH
2020-12-14,589.782470703125,590.4929809570312,577.118408203125,586.0111694335938,8125837102,ETH
2020-12-15,586.0217895507812,596.2477416992188,580.6287841796875,589.3555908203125,9326645840,ETH
2020-12-16,589.378662109375,636.6403198242188,582.0391235351562,636.1818237304688,15817248373,ETH
2020-12-17,636.1541748046875,673.834228515625,628.7493896484375,642.8689575195312,25479532147,ETH
2020-12-18,642.9169921875,662.6990966796875,632.3560791015625,654.8119506835938,15756303983,ETH
2020-12-19,654.6242065429688,668.7695922851562,646.6162109375,659.2979125976562,12830893778,ETH
2020-12-20,659.18505859375,659.9237060546875,625.0144653320312,638.2908325195312,13375855442,ETH
2020-12-21,638.315185546875,646.8465576171875,600.8360595703125,609.81787109375,14419493621,ETH
2020-12-22,609.4205322265625,635.0765991210938,589.552001953125,634.8541870117188,14745890080,ETH
2020-12-23,634.8245849609375,637.122802734375,560.3642578125,583.714599609375,15261413038,ETH
2020-12-24,584.1356201171875,613.815185546875,568.5963745117188,611.607177734375,14317413703,ETH
2020-12-25,611.5545654296875,633.0614013671875,605.4244384765625,626.4107055664062,13520927700,ETH
2020-12-26,626.498046875,650.721435546875,617.402099609375,635.8358154296875,14761125202,ETH
2020-12-27,635.8871459960938,711.3935546875,628.3349609375,682.642333984375,26093552821,ETH
2020-12-28,683.205810546875,745.8777465820312,683.205810546875,730.3973388671875,24222565862,ETH
2020-12-29,730.3587036132812,737.952880859375,692.1494140625,731.5201416015625,18710683199,ETH
2020-12-30,731.4728393554688,754.30322265625,720.9888916015625,751.6189575195312,17294574210,ETH
2020-12-31,751.6266479492188,754.2994384765625,726.5119018554688,737.8034057617188,13926846861,ETH
2021-01-01,737.7083740234375,749.2018432617188,719.792236328125,730.3675537109375,13652004358,ETH
2021-01-02,730.4026489257812,786.7984619140625,718.1094970703125,774.5349731445312,19740771179,ETH
2021-01-03,774.5118408203125,1006.5650024414062,771.5616455078125,975.5076904296875,45200463368,ETH
2021-01-04,977.058837890625,1153.189208984375,912.3053588867188,1040.2330322265625,56945985763,ETH
2021-01-05,1041.498779296875,1129.3714599609375,986.811279296875,1100.006103515625,41535932781,ETH
2021-01-06,1101.0050048828125,1209.4285888671875,1064.2333984375,1207.1121826171875,44699914188,ETH
2021-01-07,1208.078369140625,1282.57958984375,1167.443115234375,1225.6781005859375,40468027280,ETH
2021-01-08,1225.9678955078125,1273.8275146484375,1076.08154296875,1224.1971435546875,44334826666,ETH
2021-01-09,1223.740478515625,1303.871826171875,1182.2703857421875,1281.0772705078125,33233105361,ETH
2021-01-10,1280.87109375,1347.9261474609375,1194.715576171875,1262.2467041015625,40616938053,ETH
2021-01-11,1261.6229248046875,1261.6229248046875,924.922607421875,1090.1453857421875,60733630300,ETH
2021-01-12,1088.5267333984375,1149.240234375,1012.76416015625,1043.4345703125,37494601692,ETH
2021-01-13,1043.740966796875,1134.3385009765625,994.549072265625,1130.7393798828125,30109792795,ETH
2021-01-14,1130.231201171875,1244.1630859375,1093.060791015625,1218.4530029296875,33410915929,ETH
2021-01-15,1221.877197265625,1250.505859375,1090.7210693359375,1171.8345947265625,35972039310,ETH
2021-01-16,1171.443115234375,1290.0535888671875,1157.623779296875,1233.53759765625,32319240157,ETH
2021-01-17,1233.453369140625,1265.6446533203125,1174.3885498046875,1230.1722412109375,29258032819,ETH
2021-01-18,1230.313232421875,1259.4500732421875,1187.31103515625,1257.279541015625,25817455560,ETH
2021-01-19,1257.4345703125,1432.300048828125,1254.52294921875,1377.2958984375,47195935190,ETH
2021-01-20,1375.2484130859375,1405.744140625,1243.2999267578125,1382.2740478515625,46784030909,ETH
2021-01-21,1382.6844482421875,1382.6844482421875,1098.4761962890625,1121.5709228515625,45932464754,ETH
2021-01-22,1118.8890380859375,1271.6876220703125,1046.5965576171875,1236.51220703125,43918338506,ETH
2021-01-23,1235.2679443359375,1272.151123046875,1200.893310546875,1230.9906005859375,27253895441,ETH
2021-01-24,1231.2105712890625,1395.111328125,1225.2740478515625,1391.609375,36418163554,ETH
2021-01-25,1390.639892578125,1467.784912109375,1304.9739990234375,1324.414794921875,43565777745,ETH
2021-01-26,1323.74169921875,1376.0850830078125,1253.34033203125,1357.05810546875,41572917750,ETH
2021-01-27,1358.3333740234375,1368.0740966796875,1215.311279296875,1253.1871337890625,39394416990,ETH
2021-01-28,1251.27978515625,1356.2886962890625,1226.1739501953125,1332.4921875,34637234789,ETH
2021-01-29,1369.0867919921875,1428.981201171875,1292.2401123046875,1382.5228271484375,53611955259,ETH
2021-01-30,1382.23193359375,1402.3997802734375,1328.529052734375,1376.115478515625,30616574234,ETH
2021-01-31,1376.8236083984375,1378.916015625,1288.5015869140625,1314.9862060546875,25198853581,ETH
2021-02-01,1314.855224609375,1373.8458251953125,1274.3577880859375,1369.04052734375,29210670920,ETH
2021-02-02,1369.505126953125,1542.990966796875,1362.771240234375,1515.1937255859375,45437142801,ETH
2021-02-03,1514.7696533203125,1660.9095458984375,1510.01025390625,1660.9095458984375,41874566399,ETH
2021-02-04,1661.170166015625,1689.1866455078125,1561.853515625,1594.7626953125,44396871836,ETH
2021-02-05,1594.7933349609375,1756.510986328125,1594.7933349609375,1718.65087890625,40108628454,ETH
2021-02-06,1717.7974853515625,1738.314453125,1649.0687255859375,1677.8468017578125,39873420648,ETH
2021-02-07,1677.605712890625,1690.03662109375,1501.750244140625,1614.227783203125,39889440151,ETH
2021-02-08,1613.6422119140625,1770.5908203125,1571.5799560546875,1746.6168212890625,48012285956,ETH
2021-02-09,1746.9261474609375,1815.963623046875,1711.62060546875,1768.0350341796875,44180727529,ETH
2021-02-10,1768.039794921875,1826.69677734375,1686.5423583984375,1744.243408203125,41916084617,ETH
2021-02-11,1743.7142333984375,1806.5390625,1708.67919921875,1783.7979736328125,36021495262,ETH
2021-02-12,1783.4891357421875,1861.35693359375,1744.1689453125,1843.5325927734375,37905036865,ETH
2021-02-13,1843.98681640625,1871.603515625,1770.612060546875,1814.10986328125,35359490535,ETH
2021-02-14,1814.372314453125,1848.154052734375,1789.9141845703125,1805.0841064453125,31439114900,ETH
2021-02-15,1804.6767578125,1833.83056640625,1683.9066162109375,1779.791015625,38955610883,ETH
2021-02-16,1778.945556640625,1824.5186767578125,1729.6419677734375,1781.0675048828125,34269369268,ETH
2021-02-17,1781.35009765625,1853.6676025390625,1736.705810546875,1848.458251953125,35955412703,ETH
2021-02-18,1848.206298828125,1949.9034423828125,1848.206298828125,1937.44921875,28255902969,ETH
2021-02-19,1938.85986328125,1969.5469970703125,1896.6844482421875,1960.164794921875,26268814253,ETH
2021-02-20,1959.9029541015625,2036.2864990234375,1830.531494140625,1919.5340576171875,34696091102,ETH
2021-02-21,1918.673095703125,1974.2596435546875,1890.3681640625,1935.60107421875,23626547717,ETH
2021-02-22,1935.557861328125,1936.4537353515625,1580.6265869140625,1781.992919921875,42409646036,ETH
2021-02-23,1781.4090576171875,1781.4090576171875,1378.8409423828125,1570.2039794921875,52029864713,ETH
2021-02-24,1571.4764404296875,1710.9837646484375,1511.0189208984375,1626.57568359375,31329000537,ETH
2021-02-25,1625.3939208984375,1670.22412109375,1465.0589599609375,1475.7037353515625,24481681873,ETH
2021-02-26,1478.6533203125,1559.0289306640625,1407.979248046875,1446.03369140625,31435997881,ETH
2021-02-27,1446.929443359375,1524.932373046875,1433.7869873046875,1459.97314453125,20742103233,ETH
2021-02-28,1459.8604736328125,1468.3914794921875,1300.47216796875,1416.0489501953125,27637026080,ETH
2021-03-01,1417.151123046875,1567.694580078125,1416.4161376953125,1564.7076416015625,24032838645,ETH
2021-03-02,1564.0634765625,1597.610107421875,1461.325439453125,1492.6087646484375,22523669722,ETH
2021-03-03,1491.451171875,1650.360595703125,1481.90576171875,1575.8531494140625,22674780680,ETH
2021-03-04,1574.623779296875,1622.953857421875,1511.1033935546875,1541.914306640625,22906118718,ETH
2021-03-05,1541.541748046875,1547.878173828125,1450.891357421875,1533.2750244140625,21067146937,ETH
2021-03-06,1532.372802734375,1669.1065673828125,1519.14111328125,1654.7415771484375,22746262366,ETH
2021-03-07,1655.3924560546875,1730.9241943359375,1636.564453125,1723.15380859375,23809935410,ETH
2021-03-08,1724.229248046875,1835.192138671875,1670.9420166015625,1834.7279052734375,27630991158,ETH
2021-03-09,1835.1480712890625,1868.048828125,1804.266357421875,1868.048828125,23461244507,ETH
2021-03-10,1868.489013671875,1873.80322265625,1766.490478515625,1799.166259765625,25154173185,ETH
2021-03-11,1798.033935546875,1843.81884765625,1734.6170654296875,1826.1949462890625,24013132909,ETH
2021-03-12,1826.5467529296875,1839.497314453125,1728.98095703125,1772.1024169921875,22435821312,ETH
2021-03-13,1772.1663818359375,1937.6455078125,1733.639892578125,1924.6854248046875,25014689475,ETH
2021-03-14,1923.86376953125,1930.77978515625,1845.1199951171875,1854.5643310546875,19344589211,ETH
2021-03-15,1854.086669921875,1889.1966552734375,1749.6063232421875,1791.7022705078125,26244738810,ETH
2021-03-16,1792.413818359375,1817.0601806640625,1720.05322265625,1806.9718017578125,23828509590,ETH
2021-03-17,1807.05615234375,1839.8189697265625,1749.179931640625,1823.4493408203125,24512917348,ETH
2021-03-18,1823.158447265625,1848.6461181640625,1705.716064453125,1782.8551025390625,23263845504,ETH
2021-03-19,1782.5687255859375,1841.196044921875,1746.473388671875,1817.6241455078125,21249297710,ETH
2021-03-20,1817.522705078125,1874.708984375,1811.7286376953125,1812.6346435546875,22677674970,ETH
2021-03-21,1812.6065673828125,1823.35302734375,1764.1392822265625,1788.217041015625,22977404620,ETH
2021-03-22,1788.3621826171875,1811.96826171875,1674.2998046875,1691.333984375,23599296129,ETH
2021-03-23,1690.871826171875,1725.1087646484375,1662.5399169921875,1678.650146484375,21998237965,ETH
2021-03-24,1678.0025634765625,1740.42822265625,1570.7879638671875,1593.4134521484375,31228051473,ETH
2021-03-25,1593.123291015625,1625.9114990234375,1560.3704833984375,1595.3592529296875,29650328701,ETH
2021-03-26,1595.2100830078125,1702.9228515625,1594.7366943359375,1702.842041015625,22548516548,ETH
2021-03-27,1703.0361328125,1732.8243408203125,1674.3193359375,1716.49462890625,18102277710,ETH
2021-03-28,1716.4056396484375,1728.5841064453125,1672.660400390625,1691.35595703125,16599472938,ETH
2021-03-29,1691.26318359375,1837.18798828125,1683.716552734375,1819.6849365234375,22796570548,ETH
2021-03-30,1819.46630859375,1860.9747314453125,1793.92236328125,1846.03369140625,22512781703,ETH
2021-03-31,1846.0982666015625,1947.8377685546875,1793.002197265625,1918.362060546875,30226902621,ETH
2021-04-01,1919.1572265625,1989.0550537109375,1912.178466796875,1977.27685546875,30914259795,ETH
2021-04-02,1976.9327392578125,2152.451904296875,1960.6787109375,2143.2255859375,34862511022,ETH
2021-04-03,2142.89599609375,2144.96240234375,2028.4224853515625,2028.4224853515625,32011518871,ETH
2021-04-04,2027.6712646484375,2110.353515625,2007.11181640625,2093.122802734375,26006501902,ETH
2021-04-05,2093.2607421875,2140.9853515625,2032.3876953125,2107.88720703125,28889391170,ETH
2021-04-06,2109.4931640625,2151.223388671875,2057.609130859375,2118.37890625,29222865881,ETH
2021-04-07,2117.728515625,2133.1875,1945.442138671875,1971.0772705078125,36116271935,ETH
2021-04-08,1969.1331787109375,2091.516357421875,1959.0794677734375,2088.57373046875,25312956529,ETH
2021-04-09,2088.772216796875,2102.873779296875,2055.163330078125,2072.10888671875,19812472092,ETH
2021-04-10,2071.111572265625,2196.996337890625,2062.78759765625,2135.942138671875,24986243611,ETH
2021-04-11,2136.156982421875,2165.19140625,2119.86572265625,2157.656982421875,19692836132,ETH
2021-04-12,2157.36181640625,2199.71875,2110.368896484375,2139.353271484375,21727936609,ETH
2021-04-13,2139.3642578125,2318.42333984375,2138.5595703125,2299.187744140625,29456642939,ETH
2021-04-14,2299.347900390625,2449.6875,2284.563720703125,2435.10498046875,35592822986,ETH
2021-04-15,2436.03466796875,2544.267333984375,2409.924072265625,2519.1162109375,32325606817,ETH
2021-04-16,2516.601806640625,2547.5556640625,2318.675048828125,2431.946533203125,36196928256,ETH
2021-04-17,2429.98095703125,2497.38525390625,2333.682861328125,2344.89501953125,32349808978,ETH
2021-04-18,2346.452392578125,2365.46044921875,2011.766845703125,2237.136962890625,50696368718,ETH
2021-04-19,2238.03271484375,2276.77685546875,2086.688720703125,2166.188720703125,34060654971,ETH
2021-04-20,2161.939453125,2345.8349609375,2060.143798828125,2330.2109375,39433483315,ETH
2021-04-21,2331.16015625,2467.20068359375,2238.366943359375,2364.751708984375,38899067643,ETH
2021-04-22,2357.87109375,2641.094970703125,2315.960205078125,2403.53515625,53575904724,ETH
2021-04-23,2401.25634765625,2439.537109375,2117.03955078125,2363.586181640625,55413933925,ETH
2021-04-24,2367.19921875,2367.740966796875,2163.693115234375,2211.625732421875,31854226936,ETH
2021-04-25,2214.413818359375,2354.086669921875,2172.51513671875,2316.0595703125,31814355546,ETH
2021-04-26,2319.47802734375,2536.33740234375,2308.315185546875,2534.481689453125,35208325408,ETH
2021-04-27,2534.03125,2676.392822265625,2485.375,2662.865234375,32275969215,ETH
2021-04-28,2664.685546875,2757.477294921875,2564.08154296875,2746.380126953125,34269031076,ETH
2021-04-29,2748.649658203125,2797.972412109375,2672.106689453125,2756.876953125,32578127990,ETH
2021-04-30,2757.734130859375,2796.054931640625,2728.169921875,2773.20703125,29777179889,ETH
2021-05-01,2772.83837890625,2951.44091796875,2755.908447265625,2945.892822265625,28726205272,ETH
2021-05-02,2945.56005859375,2984.891845703125,2860.526123046875,2952.05615234375,28032013047,ETH
2021-05-03,2951.17578125,3450.037841796875,2951.17578125,3431.086181640625,49174290212,ETH
2021-05-04,3431.131591796875,3523.5859375,3180.74267578125,3253.62939453125,62402045158,ETH
2021-05-05,3240.5546875,3541.462646484375,3213.1015625,3522.783203125,48334198383,ETH
2021-05-06,3524.930908203125,3598.89599609375,3386.239990234375,3490.88037109375,44300394788,ETH
2021-05-07,3490.105224609375,3573.2900390625,3370.261962890625,3484.72900390625,39607240515,ETH
2021-05-08,3481.988037109375,3950.1650390625,3453.7685546875,3902.647705078125,50208491286,ETH
2021-05-09,3911.463134765625,3981.259033203125,3743.989013671875,3928.8447265625,50568290278,ETH
2021-05-10,3924.413330078125,4197.47314453125,3684.45166015625,3952.2939453125,62691789007,ETH
2021-05-11,3948.27197265625,4178.208984375,3783.889404296875,4168.701171875,52679737865,ETH
2021-05-12,4174.6357421875,4362.3505859375,3785.8486328125,3785.8486328125,69023382175,ETH
2021-05-13,3828.91845703125,4032.5634765625,3549.4072265625,3715.1484375,78398214539,ETH
2021-05-14,3720.122314453125,4171.01708984375,3703.39990234375,4079.057373046875,48174271215,ETH
2021-05-15,4075.95166015625,4129.185546875,3638.1220703125,3638.1220703125,42422321751,ETH
2021-05-16,3641.830810546875,3878.89599609375,3350.95166015625,3587.506103515625,47359478734,ETH
2021-05-17,3581.343017578125,3587.765625,3129.0087890625,3282.397705078125,54061732774,ETH
2021-05-18,3276.872314453125,3562.465087890625,3246.404052734375,3380.070068359375,40416525218,ETH
2021-05-19,3382.6572265625,3437.935791015625,1952.460205078125,2460.67919921875,84482912776,ETH
2021-05-20,2439.638671875,2993.145263671875,2170.22900390625,2784.294189453125,67610826680,ETH
2021-05-21,2772.34130859375,2938.205078125,2113.34716796875,2430.621337890625,53774070802,ETH
2021-05-22,2436.0146484375,2483.983154296875,2168.124267578125,2295.70556640625,42089937660,ETH
2021-05-23,2298.3671875,2384.41162109375,1737.46875,2109.579833984375,56005721977,ETH
2021-05-24,2099.93603515625,2672.595703125,2090.6396484375,2643.591064453125,53697121740,ETH
2021-05-25,2649.033203125,2750.534912109375,2394.35546875,2706.62890625,49558333256,ETH
2021-05-26,2707.052734375,2911.735595703125,2652.094482421875,2888.69873046875,42499766020,ETH
2021-05-27,2888.75244140625,2888.75244140625,2642.60791015625,2736.488525390625,33373635283,ETH
2021-05-28,2742.468994140625,2761.36328125,2336.361328125,2419.90625,39999114805,ETH
2021-05-29,2414.067138671875,2566.9384765625,2208.490966796875,2279.51416015625,33773720220,ETH
2021-05-30,2278.288818359375,2472.187744140625,2188.83447265625,2390.305419921875,25876619428,ETH
2021-05-31,2387.198486328125,2715.85498046875,2279.505126953125,2714.9453125,31007383150,ETH
2021-06-01,2707.560546875,2739.737548828125,2531.16064453125,2633.518310546875,27363223090,ETH
2021-06-02,2634.4560546875,2801.392333984375,2555.4013671875,2706.125,27723267359,ETH
2021-06-03,2708.376220703125,2891.2548828125,2667.684326171875,2855.12646484375,30038207402,ETH
2021-06-04,2857.16552734375,2857.16552734375,2562.637451171875,2688.195068359375,34173841611,ETH
2021-06-05,2691.619384765625,2817.48486328125,2558.233642578125,2630.576904296875,30496672724,ETH
2021-06-06,2629.748779296875,2743.441162109375,2616.162353515625,2715.0927734375,25311639414,ETH
2021-06-07,2713.04736328125,2845.18505859375,2583.9951171875,2590.26318359375,30600111277,ETH
2021-06-08,2594.602294921875,2620.84619140625,2315.546630859375,2517.438720703125,41909736778,ETH
2021-06-09,2510.19921875,2625.070556640625,2412.19775390625,2608.26708984375,36075832186,ETH
2021-06-10,2611.142578125,2619.957763671875,2435.401611328125,2471.5185546875,28753626390,ETH
2021-06-11,2472.85888671875,2495.414794921875,2326.86962890625,2353.768798828125,24832564195,ETH
2021-06-12,2354.752197265625,2447.227783203125,2265.758056640625,2372.484375,25724364410,ETH
2021-06-13,2372.690185546875,2547.367919921875,2312.64013671875,2508.3916015625,27092945370,ETH
2021-06-14,2508.7705078125,2606.432861328125,2469.38818359375,2537.89111328125,26964576331,ETH
2021-06-15,2587.7626953125,2639.229248046875,2515.153076171875,2610.936767578125,29005279219,ETH
2021-06-16,2544.86474609375,2554.62890625,2354.3505859375,2367.66357421875,24101926180,ETH
2021-06-17,2367.306396484375,2457.175537109375,2312.301513671875,2372.001953125,21871633186,ETH
2021-06-18,2374.5869140625,2377.195068359375,2147.308349609375,2231.733154296875,22752818388,ETH
2021-06-19,2235.1591796875,2278.4150390625,2168.885009765625,2178.4990234375,18765854896,ETH
2021-06-20,2171.337890625,2275.3828125,2049.962646484375,2246.364501953125,22535930423,ETH
2021-06-21,2245.31787109375,2259.464111328125,1867.1854248046875,1888.447509765625,33745173825,ETH
2021-06-22,1886.6676025390625,1993.1597900390625,1707.6005859375,1874.9500732421875,35547251725,ETH
2021-06-23,1878.625,2043.5303955078125,1827.571533203125,1989.736328125,28408659206,ETH
2021-06-24,1968.9573974609375,2032.33935546875,1887.4320068359375,1988.456298828125,20272845769,ETH
2021-06-25,1989.2158203125,2017.759521484375,1794.400390625,1813.21728515625,22774334998,ETH
2021-06-26,1810.88427734375,1850.1798095703125,1719.5594482421875,1829.2392578125,20637542361,ETH
2021-06-27,1830.9969482421875,1979.9581298828125,1811.245849609375,1978.8946533203125,19885474742,ETH
2021-06-28,1981.386474609375,2139.805419921875,1963.615478515625,2079.657470703125,25514602841,ETH
2021-06-29,2083.44873046875,2242.23876953125,2076.240234375,2160.768310546875,24815124419,ETH
2021-06-30,2164.21630859375,2282.989013671875,2090.7607421875,2274.547607421875,25828056268,ETH
2021-07-01,2274.3974609375,2274.3974609375,2081.0810546875,2113.60546875,29061701793,ETH
2021-07-02,2109.892578125,2155.596435546875,2021.8248291015625,2150.040283203125,31796212554,ETH
2021-07-03,2150.8349609375,2237.567138671875,2117.590087890625,2226.1142578125,17433361641,ETH
2021-07-04,2226.55029296875,2384.286865234375,2190.837646484375,2321.72412109375,18787107473,ETH
2021-07-05,2321.9228515625,2321.9228515625,2163.04150390625,2198.58251953125,20103794829,ETH
2021-07-06,2197.91943359375,2346.294921875,2197.91943359375,2324.679443359375,20891861314,ETH
2021-07-07,2323.20849609375,2403.7734375,2298.02685546875,2315.161865234375,22398345285,ETH
2021-07-08,2317.94921875,2324.0068359375,2089.414306640625,2120.0263671875,23188123689,ETH
2021-07-09,2115.573974609375,2185.376220703125,2051.066650390625,2146.6923828125,23029574602,ETH
2021-07-10,2146.999755859375,2190.1240234375,2081.923583984375,2111.403564453125,17581542471,ETH
2021-07-11,2110.875732421875,2172.6533203125,2083.8037109375,2139.664794921875,14705386138,ETH
2021-07-12,2140.5068359375,2167.710205078125,2011.0189208984375,2036.7210693359375,17768129077,ETH
2021-07-13,2034.098388671875,2040.693603515625,1922.577880859375,1940.083984375,16621628658,ETH
2021-07-14,1941.1678466796875,2015.107421875,1869.22314453125,1994.331298828125,17342819679,ETH
2021-07-15,1994.7120361328125,2037.7425537109375,1883.272216796875,1911.1756591796875,15688092552,ETH
2021-07-16,1916.598388671875,1959.6962890625,1853.59033203125,1880.3829345703125,14884569147,ETH
2021-07-17,1876.88134765625,1917.597900390625,1855.5908203125,1898.8251953125,13364282076,ETH
2021-07-18,1900.1943359375,1988.33642578125,1883.0125732421875,1895.5521240234375,13791868728,ETH
2021-07-19,1893.0535888671875,1916.1180419921875,1807.909912109375,1817.296630859375,14157735481,ETH
2021-07-20,1819.08203125,1836.998046875,1722.05078125,1787.5107421875,17368597636,ETH
2021-07-21,1786.2762451171875,2025.680419921875,1759.0233154296875,1990.9708251953125,21253359756,ETH
2021-07-22,1994.8228759765625,2044.116455078125,1954.2978515625,2025.2027587890625,17495480331,ETH
2021-07-23,2025.105712890625,2129.441162109375,2000.436279296875,2124.776611328125,16200392492,ETH
2021-07-24,2123.961181640625,2197.6494140625,2107.323486328125,2189.21875,16057446601,ETH
2021-07-25,2187.1455078125,2194.438232421875,2108.829833984375,2191.373779296875,14566483636,ETH
2021-07-26,2191.309814453125,2428.817138671875,2177.32958984375,2233.36669921875,29614324233,ETH
2021-07-27,2230.197021484375,2316.9501953125,2154.731201171875,2298.33349609375,23067480378,ETH
2021-07-28,2302.081298828125,2341.77783203125,2250.9140625,2296.54541015625,18991302378,ETH
2021-07-29,2299.011962890625,2396.451904296875,2273.40478515625,2380.956787109375,16313373113,ETH
2021-07-30,2382.545166015625,2469.704833984375,2322.337158203125,2466.96142578125,20212848934,ETH
2021-07-31,2461.57568359375,2551.1611328125,2423.816162109375,2536.2099609375,18001710283,ETH
2021-08-01,2530.462890625,2695.429443359375,2520.931884765625,2561.85205078125,22697987055,ETH
2021-08-02,2557.774658203125,2665.73095703125,2511.375244140625,2610.1533203125,22162754104,ETH
2021-08-03,2609.4130859375,2630.314208984375,2449.353515625,2502.349609375,22696753413,ETH
2021-08-04,2508.544921875,2764.443603515625,2463.469482421875,2724.619873046875,25038698173,ETH
2021-08-05,2725.669677734375,2840.4306640625,2540.68408203125,2827.328857421875,31057928075,ETH
2021-08-06,2827.50341796875,2944.9033203125,2727.792724609375,2890.941650390625,26528577879,ETH
2021-08-07,2891.70751953125,3170.229736328125,2868.53564453125,3157.23876953125,33081467129,ETH
2021-08-08,3161.232666015625,3184.60400390625,2951.747314453125,3013.732666015625,28433638008,ETH
2021-08-09,3012.8857421875,3185.701171875,2900.926025390625,3167.856201171875,31983260936,ETH
2021-08-10,3163.050048828125,3228.940673828125,3059.22900390625,3141.691162109375,27605221710,ETH
2021-08-11,3142.830322265625,3269.20947265625,3122.91650390625,3164.2451171875,26729035052,ETH
2021-08-12,3164.17578125,3236.314697265625,2984.1669921875,3043.414306640625,25403699845,ETH
2021-08-13,3049.001220703125,3324.671630859375,3037.676025390625,3322.211669921875,23868866254,ETH
2021-08-14,3322.7626953125,3329.281005859375,3214.519775390625,3265.443359375,19860862133,ETH
2021-08-15,3266.276123046875,3320.084228515625,3117.791748046875,3310.504150390625,22166205051,ETH
2021-08-16,3309.422119140625,3333.994873046875,3139.778564453125,3156.509521484375,23080039949,ETH
2021-08-17,3149.38037109375,3288.812744140625,2996.46826171875,3014.845947265625,25509056745,ETH
2021-08-18,3011.963623046875,3124.97607421875,2959.0283203125,3020.08984375,21539248425,ETH
2021-08-19,3019.126953125,3184.435546875,2963.150146484375,3182.7021484375,19546290360,ETH
2021-08-20,3182.16259765625,3298.24658203125,3178.103759765625,3286.935302734375,20885619828,ETH
2021-08-21,3286.931640625,3307.3515625,3209.8662109375,3226.083984375,18113977628,ETH
2021-08-22,3226.227294921875,3272.733154296875,3142.007080078125,3242.115478515625,15983278460,ETH
2021-08-23,3241.357421875,3373.38427734375,3235.851318359375,3319.25732421875,20511110509,ETH
2021-08-24,3324.85546875,3358.688232421875,3154.121337890625,3172.456298828125,20131028906,ETH
2021-08-25,3174.269775390625,3248.727294921875,3086.114990234375,3224.915283203125,18902728235,ETH
2021-08-26,3228.747314453125,3249.6552734375,3060.228759765625,3100.325439453125,17405668117,ETH
2021-08-27,3096.406005859375,3281.840576171875,3064.485107421875,3270.600830078125,18489602004,ETH
2021-08-28,3275.1044921875,3284.845947265625,3217.403564453125,3244.4033203125,13709633698,ETH
2021-08-29,3246.77099609375,3283.235595703125,3158.84033203125,3227.002685546875,13296586731,ETH
2021-08-30,3227.192626953125,3346.5810546875,3151.444580078125,3224.374267578125,19306924485,ETH
2021-08-31,3227.758056640625,3466.9921875,3195.216552734375,3433.732666015625,27280502987,ETH
2021-09-01,3430.762451171875,3836.867431640625,3387.408447265625,3834.828125,30070890104,ETH
2021-09-02,3825.02783203125,3830.71142578125,3726.75048828125,3790.989990234375,24387397330,ETH
2021-09-03,3787.486572265625,4022.46923828125,3712.67822265625,3940.61474609375,26207765094,ETH
2021-09-04,3937.91015625,3969.44873046875,3837.93115234375,3887.828369140625,20806963328,ETH
2021-09-05,3886.3310546875,3979.1865234375,3838.4873046875,3952.133544921875,18371468576,ETH
2021-09-06,3951.520751953125,3968.426513671875,3868.994384765625,3928.37939453125,18674691198,ETH
2021-09-07,3926.527587890625,3945.314208984375,3062.222412109375,3426.394287109375,39131346397,ETH
2021-09-08,3428.378173828125,3559.121337890625,3224.764892578125,3497.315185546875,31738430771,ETH
2021-09-09,3452.54833984375,3562.99267578125,3400.51708984375,3427.340087890625,24118055831,ETH
2021-09-10,3425.56494140625,3512.5712890625,3157.05908203125,3211.505859375,22355974097,ETH
2021-09-11,3209.030517578125,3346.5263671875,3208.9619140625,3270.278076171875,18627122934,ETH
2021-09-12,3270.291748046875,3462.46826171875,3235.109375,3410.134521484375,16810411424,ETH
2021-09-13,3407.471923828125,3426.502197265625,3121.51416015625,3285.51171875,22721552948,ETH
2021-09-14,3286.31640625,3429.169677734375,3273.630859375,3429.169677734375,19125420848,ETH
2021-09-15,3431.21728515625,3615.28271484375,3365.9130859375,3615.28271484375,17548551804,ETH
2021-09-16,3613.07373046875,3673.310791015625,3489.8056640625,3571.294921875,20093903064,ETH
2021-09-17,3569.568115234375,3589.30517578125,3356.449951171875,3398.538818359375,17722363229,ETH
2021-09-18,3397.4228515625,3540.8076171875,3371.892333984375,3432.018310546875,15995220233,ETH
2021-09-19,3433.287841796875,3448.322021484375,3286.17236328125,3329.447998046875,14257609743,ETH
2021-09-20,3329.670654296875,3343.325439453125,2940.839111328125,2958.993408203125,27371684581,ETH
2021-09-21,2977.310546875,3101.697509765625,2676.407470703125,2764.43115234375,30405062665,ETH
2021-09-22,2763.209228515625,3089.0830078125,2741.440673828125,3077.867919921875,23742102645,ETH
2021-09-23,3077.974365234375,3173.544677734375,3038.097900390625,3155.523681640625,18516291047,ETH
2021-09-24,3154.56201171875,3159.64404296875,2747.337646484375,2931.669189453125,25595422789,ETH
2021-09-25,2930.884765625,2968.99462890625,2818.970458984375,2925.565673828125,18932786754,ETH
2021-09-26,2926.343017578125,3114.857421875,2744.5830078125,3062.265380859375,21172766310,ETH
2021-09-27,3065.837890625,3163.6650390625,2932.69287109375,2934.138916015625,19164053681,ETH
2021-09-28,2928.96337890625,2970.7705078125,2793.360595703125,2807.296630859375,16895079070,ETH
2021-09-29,2809.297607421875,2946.88134765625,2786.98828125,2853.143310546875,15763456158,ETH
2021-09-30,2852.558837890625,3046.51953125,2840.28955078125,3001.678955078125,17661065099,ETH
2021-10-01,3001.12939453125,3329.853515625,2978.654296875,3307.51611328125,22307625573,ETH
2021-10-02,3308.870361328125,3464.83740234375,3260.027587890625,3391.6943359375,19202671704,ETH
2021-10-03,3390.767578125,3484.605712890625,3348.1201171875,3418.358642578125,15516566862,ETH
2021-10-04,3418.7763671875,3434.775390625,3283.44873046875,3380.089111328125,17747154101,ETH
2021-10-05,3381.784423828125,3541.45166015625,3365.817626953125,3518.5185546875,16632591670,ETH
2021-10-06,3516.5703125,3622.55126953125,3354.4697265625,3580.56201171875,21855226591,ETH
2021-10-07,3576.814453125,3650.01318359375,3479.9091796875,3587.974853515625,19090322927,ETH
2021-10-08,3587.832763671875,3667.95751953125,3547.828125,3563.75927734375,16222029488,ETH
2021-10-09,3559.997802734375,3628.2373046875,3544.640380859375,3575.716796875,12707036942,ETH
2021-10-10,3575.0205078125,3603.244873046875,3414.970947265625,3425.852783203125,16171746693,ETH
2021-10-11,3419.726806640625,3622.28955078125,3385.76171875,3545.35400390625,18579189588,ETH
2021-10-12,3546.477783203125,3546.477783203125,3407.338134765625,3492.5732421875,18109578443,ETH
2021-10-13,3492.753662109375,3607.74169921875,3417.60205078125,3606.20166015625,16211275589,ETH
2021-10-14,3604.958984375,3819.258544921875,3590.275146484375,3786.01416015625,19443499909,ETH
2021-10-15,3790.154296875,3895.46630859375,3735.363525390625,3862.634765625,20966841512,ETH
2021-10-16,3865.66650390625,3962.453125,3805.885986328125,3830.382080078125,16578095629,ETH
2021-10-17,3829.85888671875,3914.89794921875,3660.723388671875,3847.1044921875,15908090346,ETH
2021-10-18,3847.72998046875,3888.209228515625,3686.75048828125,3748.76025390625,17386204158,ETH
2021-10-19,3747.162841796875,3883.9287109375,3736.7802734375,3877.65087890625,15998757133,ETH
2021-10-20,3877.73095703125,4167.47216796875,3833.2880859375,4155.9921875,20338319988,ETH
2021-10-21,4161.71337890625,4366.08837890625,4032.48388671875,4054.32275390625,28220661820,ETH
2021-10-22,4055.6865234375,4162.9755859375,3908.34033203125,3970.181884765625,19432937968,ETH
2021-10-23,3971.3564453125,4171.66357421875,3944.6318359375,4171.66357421875,14781537792,ETH
2021-10-24,4171.85595703125,4185.7294921875,3967.120361328125,4087.903076171875,14978083638,ETH
2021-10-25,4084.42578125,4236.6669921875,4072.03466796875,4217.876953125,15995727040,ETH
2021-10-26,4217.337890625,4289.13134765625,4106.82373046875,4131.10205078125,17157714562,ETH
2021-10-27,4132.17333984375,4299.15283203125,3930.25732421875,3930.25732421875,26219530404,ETH
2021-10-28,3924.8154296875,4293.15087890625,3905.7060546875,4287.31884765625,25958154575,ETH
2021-10-29,4288.6865234375,4455.7353515625,4271.70751953125,4414.74658203125,22967641914,ETH
2021-10-30,4414.24365234375,4426.8486328125,4252.494140625,4325.650390625,14615490626,ETH
2021-10-31,4322.744140625,4394.44970703125,4179.01611328125,4288.07421875,17498160238,ETH
2021-11-01,4288.21728515625,4377.322265625,4160.966796875,4324.626953125,17985288261,ETH
2021-11-02,4322.5009765625,4599.9482421875,4288.6865234375,4584.798828125,20794448222,ETH
2021-11-03,4589.6845703125,4664.91015625,4462.97607421875,4607.19384765625,21220463155,ETH
2021-11-04,4604.6787109375,4606.51611328125,4426.62255859375,4537.32421875,18415244464,ETH
2021-11-05,4537.42333984375,4570.89599609375,4447.4873046875,4486.2431640625,15086003586,ETH
2021-11-06,4482.64794921875,4530.9970703125,4334.9736328125,4521.5810546875,14429076700,ETH
2021-11-07,4523.98193359375,4640.921875,4510.984375,4620.5546875,13541376033,ETH
2021-11-08,4619.6494140625,4822.36328125,4619.6494140625,4812.08740234375,19290896267,ETH
2021-11-09,4810.0712890625,4837.58935546875,4718.0390625,4735.06884765625,20834172627,ETH
2021-11-10,4733.36279296875,4859.5029296875,4485.09326171875,4636.17431640625,22748160545,ETH
2021-11-11,4635.45361328125,4778.05908203125,4580.990234375,4730.38427734375,17933201129,ETH
2021-11-12,4724.306640625,4808.73876953125,4510.92041015625,4667.115234375,18316060208,ETH
2021-11-13,4666.71923828125,4702.115234375,4582.1806640625,4651.46044921875,14457436261,ETH
2021-11-14,4648.6328125,4689.8427734375,4516.935546875,4626.35888671875,12172962219,ETH
2021-11-15,4627.0908203125,4764.63623046875,4546.59912109375,4557.50390625,16275851299,ETH
2021-11-16,4570.47802734375,4891.70458984375,4144.3349609375,4216.365234375,27417502801,ETH
2021-11-17,4213.91064453125,4300.306640625,4107.1259765625,4287.59375,22183461850,ETH
2021-11-18,4287.80224609375,4343.55712890625,3959.227783203125,4000.65087890625,21383250893,ETH
2021-11-19,3995.7294921875,4311.7138671875,3982.91748046875,4298.306640625,20626269711,ETH
2021-11-20,4298.3505859375,4434.38818359375,4209.24267578125,4409.93115234375,15448261277,ETH
2021-11-21,4412.1953125,4422.49169921875,4255.455078125,4269.73291015625,14094831413,ETH
2021-11-22,4266.50927734375,4302.02294921875,4033.572265625,4088.457763671875,19752218877,ETH
2021-11-23,4089.680419921875,4385.4833984375,4069.7666015625,4340.763671875,22133497059,ETH
2021-11-24,4340.0361328125,4376.8759765625,4176.18359375,4239.9814453125,21838037128,ETH
2021-11-25,4271.39453125,4550.51806640625,4249.7744140625,4274.7431640625,18705358318,ETH
2021-11-26,4522.208984375,4550.84228515625,3933.506591796875,4030.908935546875,26281795488,ETH
2021-11-27,4042.9990234375,4187.68408203125,4033.513916015625,4096.912109375,16515693874,ETH
2021-11-28,4101.64892578125,4297.91650390625,3989.969970703125,4294.45361328125,15953126340,ETH
2021-11-29,4296.94677734375,4460.8486328125,4284.5048828125,4445.10498046875,19086475837,ETH
2021-11-30,4447.76806640625,4753.26611328125,4358.07421875,4631.47900390625,28626354111,ETH
2021-12-01,4623.6796875,4780.732421875,4530.2724609375,4586.990234375,27634826695,ETH
2021-12-02,4586.3330078125,4628.919921875,4441.5078125,4511.30224609375,21502671027,ETH
2021-12-03,4514.35595703125,4647.2890625,4100.1455078125,4220.7060546875,25879591528,ETH
2021-12-04,4227.76220703125,4242.7255859375,3525.494140625,4119.58740234375,38478999182,ETH
2021-12-05,4119.62890625,4246.92333984375,4040.217529296875,4198.32275390625,25533062707,ETH
2021-12-06,4199.0,4375.5205078125,3930.806640625,4358.7373046875,28229518513,ETH
2021-12-07,4358.5869140625,4428.58935546875,4264.32373046875,4315.0615234375,22366213354,ETH
2021-12-08,4311.67431640625,4453.1123046875,4234.53759765625,4439.35791015625,18704315119,ETH
2021-12-09,4433.02490234375,4482.31396484375,4078.84423828125,4119.81591796875,22296131874,ETH
2021-12-10,4113.58837890625,4227.11181640625,3897.767578125,3908.49609375,28014595631,ETH
2021-12-11,3909.667724609375,4095.6484375,3846.054443359375,4084.452392578125,19131502454,ETH
2021-12-12,4084.811279296875,4173.60888671875,3993.055908203125,4134.453125,14057603914,ETH
2021-12-13,4136.35986328125,4145.955078125,3680.609130859375,3784.226806640625,23999841386,ETH
2021-12-14,3782.82275390625,3866.6337890625,3700.104736328125,3745.4404296875,23836759957,ETH
2021-12-15,3862.25146484375,4086.372802734375,3664.719970703125,4018.388671875,26411188833,ETH
2021-12-16,4020.4150390625,4110.36865234375,3956.05712890625,3962.4697265625,19825531254,ETH
2021-12-17,3959.012451171875,3992.79248046875,3711.424560546875,3879.486572265625,23143541098,ETH
2021-12-18,3880.29150390625,3993.829833984375,3774.614990234375,3960.860107421875,19530895889,ETH
2021-12-19,3960.872314453125,4018.658447265625,3894.398681640625,3922.592529296875,16167785597,ETH
2021-12-20,3923.69580078125,3980.0986328125,3759.4033203125,3933.844482421875,21589690675,ETH
2021-12-21,3938.4638671875,4058.8212890625,3918.837890625,4020.260009765625,16388555198,ETH
2021-12-22,4018.69580078125,4073.79150390625,3947.690185546875,3982.099609375,13921756199,ETH
2021-12-23,3981.961669921875,4149.02685546875,3897.234375,4108.015625,18007273742,ETH
2021-12-24,4111.34521484375,4134.1064453125,4029.064453125,4047.98291015625,12769090623,ETH
2021-12-25,4049.781982421875,4138.56494140625,4027.927001953125,4093.281005859375,10894785525,ETH
2021-12-26,4094.151611328125,4105.02392578125,4013.0263671875,4067.328125,11197244172,ETH
2021-12-27,4064.746337890625,4126.00146484375,4033.492431640625,4037.547607421875,11424360002,ETH
2021-12-28,4037.5380859375,4037.5380859375,3769.280029296875,3800.89306640625,17299472803,ETH
2021-12-29,3797.436279296875,3827.98193359375,3612.7958984375,3628.53173828125,15722555672,ETH
2021-12-30,3632.2197265625,3767.559814453125,3595.204833984375,3713.85205078125,12925377999,ETH
2021-12-31,3713.43017578125,3807.288818359375,3636.869873046875,3682.6328125,14157285268,ETH
2022-01-01,3683.047119140625,3769.91796875,3682.28662109375,3769.697021484375,9776191466,ETH
2022-01-02,3769.29833984375,3836.161865234375,3727.357421875,3829.56494140625,9881471548,ETH
2022-01-03,3829.53564453125,3836.19873046875,3698.047607421875,3761.38037109375,12080777893,ETH
2022-01-04,3761.361572265625,3876.78515625,3723.349853515625,3794.056640625,14030925983,ETH
2022-01-05,3794.26904296875,3842.059814453125,3456.745361328125,3550.386962890625,18061338502,ETH
2022-01-06,3549.708984375,3549.708984375,3335.376708984375,3418.408203125,24293791313,ETH
2022-01-07,3417.837890625,3420.4619140625,3117.38134765625,3193.21044921875,24494179209,ETH
2022-01-08,3193.50244140625,3240.304443359375,3020.880859375,3091.97265625,16037732700,ETH
2022-01-09,3091.6962890625,3206.790771484375,3075.911376953125,3157.75146484375,12334683863,ETH
2022-01-10,3157.570556640625,3177.21337890625,2947.68359375,3083.097900390625,19535744145,ETH
2022-01-11,3082.990966796875,3247.511962890625,3061.140625,3238.111572265625,15211447193,ETH
2022-01-12,3238.449951171875,3401.219970703125,3216.718017578125,3372.25830078125,16662871689,ETH
2022-01-13,3372.10498046875,3396.9697265625,3247.91748046875,3248.28857421875,15294466275,ETH
2022-01-14,3248.648681640625,3330.76611328125,3203.82373046875,3310.00146484375,13562957230,ETH
2022-01-15,3309.84423828125,3364.537841796875,3278.6708984375,3330.53076171875,9619999078,ETH
2022-01-16,3330.38720703125,3376.401123046875,3291.563720703125,3350.921875,9505934874,ETH
2022-01-17,3350.947265625,3355.8193359375,3157.22412109375,3212.304931640625,12344309617,ETH
2022-01-18,3212.28759765625,3236.01611328125,3096.12353515625,3164.025146484375,13024154091,ETH
2022-01-19,3163.850341796875,3171.158447265625,3055.21240234375,3095.825927734375,13187424144,ETH
2022-01-20,3095.271728515625,3265.3369140625,3000.908203125,3001.1201171875,10645922764,ETH
2022-01-21,3002.956787109375,3029.0810546875,2496.81298828125,2557.931640625,26796291874,ETH
2022-01-22,2561.145263671875,2615.247314453125,2330.247314453125,2405.18115234375,27369692036,ETH
2022-01-23,2406.92431640625,2542.144775390625,2381.51513671875,2535.0390625,16481489511,ETH
2022-01-24,2535.89111328125,2537.20849609375,2172.30126953125,2440.352294921875,28220804648,ETH
2022-01-25,2440.3935546875,2498.507080078125,2359.384765625,2455.93505859375,16179776932,ETH
2022-01-26,2455.5791015625,2705.7841796875,2417.68310546875,2468.0302734375,21229909340,ETH
2022-01-27,2467.1884765625,2510.45166015625,2328.4521484375,2423.001220703125,16126522783,ETH
2022-01-28,2421.64697265625,2548.778564453125,2367.833740234375,2547.092041015625,14666227351,ETH
2022-01-29,2546.590576171875,2627.609375,2526.98974609375,2597.084716796875,11172062661,ETH
2022-01-30,2598.56494140625,2631.408447265625,2550.4609375,2603.466552734375,9501221177,ETH
2022-01-31,2603.263427734375,2697.7353515625,2489.072265625,2688.27880859375,13778234614,ETH
2022-02-01,2687.89892578125,2802.3154296875,2682.621826171875,2792.1171875,13194846235,ETH
2022-02-02,2791.958984375,2802.212158203125,2630.120361328125,2682.85400390625,13876301217,ETH
2022-02-03,2682.22607421875,2712.482666015625,2587.783447265625,2679.16259765625,12755505065,ETH
2022-02-04,2681.0576171875,2983.5869140625,2675.44384765625,2983.5869140625,18987223729,ETH
2022-02-05,2984.446044921875,3054.130126953125,2966.781005859375,3014.648193359375,13102093957,ETH
2022-02-06,3014.959716796875,3061.26123046875,2965.429931640625,3057.47607421875,9466018022,ETH
2022-02-07,3057.422119140625,3182.5283203125,3002.927001953125,3142.470703125,15197063785,ETH
2022-02-08,3143.008544921875,3219.47265625,3038.3779296875,3122.608642578125,17136080906,ETH
2022-02-09,3121.1826171875,3263.15576171875,3063.16015625,3239.45703125,13951308490,ETH
2022-02-10,3240.113037109375,3271.316162109375,3070.378173828125,3077.482177734375,18629485080,ETH
2022-02-11,3077.4130859375,3127.45068359375,2888.707763671875,2927.383544921875,16043881065,ETH
2022-02-12,2927.386474609375,2980.079345703125,2870.177001953125,2917.36279296875,11254355757,ETH
2022-02-13,2916.78955078125,2947.776611328125,2845.397705078125,2883.46337890625,9054963563,ETH
2022-02-14,2880.187744140625,2957.963623046875,2840.257568359375,2933.47900390625,12164552172,ETH
2022-02-15,2933.72900390625,3185.520751953125,2917.857177734375,3179.877197265625,13921257873,ETH
2022-02-16,3180.44677734375,3181.616943359375,3055.168212890625,3127.830078125,12352406833,ETH
2022-02-17,3126.8583984375,3154.615234375,2861.85205078125,2881.48193359375,15860206214,ETH
2022-02-18,2884.340576171875,2937.30859375,2761.643310546875,2785.7275390625,15748173433,ETH
2022-02-19,2784.872802734375,2826.347900390625,2707.37841796875,2763.701171875,9774183169,ETH
2022-02-20,2763.756591796875,2763.756591796875,2585.9462890625,2628.6484375,11641437834,ETH
2022-02-21,2627.66552734375,2752.45849609375,2568.25439453125,2573.816162109375,18646392740,ETH
2022-02-22,2572.898681640625,2648.916748046875,2510.6787109375,2639.29931640625,16360200507,ETH
2022-02-23,2639.447021484375,2741.368408203125,2587.412841796875,2590.359619140625,13382637240,ETH
2022-02-24,2588.166259765625,2689.047607421875,2308.914794921875,2598.067138671875,29312342666,ETH
2022-02-25,2598.436279296875,2821.972412109375,2579.2080078125,2764.53564453125,17208902048,ETH
2022-02-26,2764.989501953125,2849.424072265625,2745.009033203125,2781.11181640625,11724648351,ETH
2022-02-27,2780.50439453125,2831.12548828125,2581.61572265625,2621.8017578125,16150857254,ETH
2022-02-28,2621.172119140625,2929.180419921875,2586.38818359375,2919.201171875,19266124733,ETH
2022-03-01,2919.77587890625,3029.651611328125,2868.93896484375,2972.485107421875,18757425786,ETH
2022-03-02,2972.471923828125,3026.8681640625,2919.943115234375,2950.118408203125,16636517503,ETH
2022-03-03,2950.15673828125,2964.67333984375,2797.3193359375,2834.468994140625,13091199728,ETH
2022-03-04,2834.9873046875,2835.17626953125,2587.748291015625,2617.156005859375,14496939024,ETH
2022-03-05,2618.4736328125,2679.1025390625,2596.989990234375,2664.8310546875,8072368396,ETH
2022-03-06,2664.943603515625,2673.63720703125,2555.037353515625,2555.037353515625,8872976607,ETH
2022-03-07,2555.297607421875,2639.943115234375,2455.59375,2497.771240234375,14594098731,ETH
2022-03-08,2497.721435546875,2618.166015625,2489.755126953125,2576.74755859375,13922922903,ETH
2022-03-09,2577.165283203125,2761.79638671875,2573.6552734375,2729.783447265625,14173665398,ETH
2022-03-10,2729.116455078125,2729.116455078125,2566.193115234375,2608.048583984375,13292477213,ETH
2022-03-11,2608.271240234375,2664.55859375,2534.688232421875,2559.56298828125,12382419582,ETH
2022-03-12,2559.66064453125,2606.438720703125,2559.126953125,2574.754150390625,6532996574,ETH
2022-03-13,2573.488037109375,2594.5498046875,2503.88525390625,2518.944580078125,8632000379,ETH
2022-03-14,2518.486328125,2604.034423828125,2505.29931640625,2590.696044921875,11244398839,ETH
2022-03-15,2590.6689453125,2662.32958984375,2515.765869140625,2620.149658203125,12861105614,ETH
2022-03-16,2620.028564453125,2781.30712890625,2610.764404296875,2772.0556640625,17915109769,ETH
2022-03-17,2771.964111328125,2826.16064453125,2751.560791015625,2814.8544921875,12685265194,ETH
2022-03-18,2814.4345703125,2973.6162109375,2774.855712890625,2945.343017578125,15830879093,ETH
2022-03-19,2944.7216796875,2979.987060546875,2910.80224609375,2946.257080078125,11576463120,ETH
2022-03-20,2946.547607421875,2956.965576171875,2826.107421875,2860.459228515625,12684727326,ETH
2022-03-21,2860.103271484375,2954.556640625,2838.25048828125,2897.9765625,15206116098,ETH
2022-03-22,2897.774169921875,3040.3828125,2892.54443359375,2973.131103515625,16830539230,ETH
2022-03-23,2973.14501953125,3036.752197265625,2933.306640625,3031.067138671875,16008767658,ETH
2022-03-24,3031.060791015625,3118.3876953125,3012.32666015625,3108.06201171875,18070503166,ETH
2022-03-25,3108.448974609375,3183.9580078125,3087.49072265625,3106.67138671875,17030503831,ETH
2022-03-26,3106.4052734375,3146.825439453125,3091.825439453125,3143.178955078125,8876420740,ETH
2022-03-27,3143.795654296875,3291.57763671875,3129.997802734375,3291.57763671875,13431866834,ETH
2022-03-28,3292.322509765625,3424.019287109375,3279.027099609375,3336.634521484375,20620450770,ETH
2022-03-29,3335.021240234375,3470.186279296875,3335.021240234375,3401.98779296875,19533323636,ETH
2022-03-30,3401.526123046875,3435.2861328125,3349.237060546875,3385.157958984375,15302506131,ETH
2022-03-31,3385.289306640625,3435.12841796875,3272.9345703125,3281.642822265625,17685495686,ETH
2022-04-01,3282.576171875,3467.555908203125,3223.891357421875,3449.55224609375,20982988937,ETH
2022-04-02,3449.78857421875,3521.28466796875,3442.000244140625,3445.059326171875,23571556215,ETH
2022-04-03,3444.810546875,3573.960205078125,3421.259765625,3522.83349609375,15333808649,ETH
2022-04-04,3522.364990234375,3535.148193359375,3422.0009765625,3521.2412109375,18209969743,ETH
2022-04-05,3521.23974609375,3546.706787109375,3410.547607421875,3411.79248046875,16681503199,ETH
2022-04-06,3411.672119140625,3411.672119140625,3171.205078125,3171.69189453125,25632563639,ETH
2022-04-07,3172.197265625,3263.474609375,3155.5810546875,3233.274658203125,16745496605,ETH
2022-04-08,3233.2724609375,3301.607421875,3179.142333984375,3192.073974609375,17557050669,ETH
2022-04-09,3191.97607421875,3261.963134765625,3187.46923828125,3261.916259765625,9908112156,ETH
2022-04-10,3261.29150390625,3303.003173828125,3211.866943359375,3211.866943359375,10427054790,ETH
2022-04-11,3209.576904296875,3214.4619140625,2962.756591796875,2981.05224609375,21891804831,ETH
2022-04-12,2981.420654296875,3077.45263671875,2957.872314453125,3030.37646484375,20235707410,ETH
2022-04-13,3029.8779296875,3123.575439453125,3006.481689453125,3118.34423828125,16088473629,ETH
2022-04-14,3117.82177734375,3139.9287109375,2988.435302734375,3019.909423828125,15821419931,ETH
2022-04-15,3020.134521484375,3044.287353515625,3001.123291015625,3040.91650390625,11256651536,ETH
2022-04-16,3041.123291015625,3074.886962890625,3016.421142578125,3062.310302734375,8766710365,ETH
2022-04-17,3061.8818359375,3075.77587890625,2989.0439453125,2993.4033203125,10463091281,ETH
2022-04-18,2993.48388671875,3062.52099609375,2893.912841796875,3057.606689453125,18629381299,ETH
2022-04-19,3057.5703125,3125.084228515625,3035.53515625,3104.1064453125,14156035096,ETH
2022-04-20,3103.93505859375,3157.8857421875,3045.288330078125,3077.745849609375,15547362265,ETH
2022-04-21,3077.829345703125,3173.451416015625,2962.410400390625,2987.480712890625,20783591093,ETH
2022-04-22,2986.938720703125,3024.8544921875,2942.358642578125,2964.835693359375,16782795477,ETH
2022-04-23,2964.80224609375,2975.32275390625,2926.740234375,2938.114013671875,9116955609,ETH
2022-04-24,2937.34716796875,2961.882080078125,2922.128662109375,2922.732666015625,9696829579,ETH
2022-04-25,2922.990234375,3018.41552734375,2804.507080078125,3009.3935546875,22332690614,ETH
2022-04-26,3008.9462890625,3026.4150390625,2786.253173828125,2808.29833984375,19052045399,ETH
2022-04-27,2808.64599609375,2911.87744140625,2802.2734375,2888.9296875,17419284041,ETH
2022-04-28,2888.849853515625,2973.135009765625,2861.821533203125,2936.94091796875,18443524633,ETH
2022-04-29,2936.776611328125,2943.44580078125,2782.435302734375,2815.601806640625,18771041399,ETH
2022-04-30,2815.533447265625,2836.82763671875,2727.40625,2730.186767578125,13520941867,ETH
2022-05-01,2729.994140625,2838.704345703125,2728.078857421875,2827.756103515625,15332730152,ETH
2022-05-02,2827.614013671875,2874.14599609375,2785.52294921875,2857.410400390625,18609741545,ETH
2022-05-03,2857.15234375,2859.193359375,2762.11865234375,2783.476318359375,13026093219,ETH
2022-05-04,2783.131103515625,2956.686767578125,2779.273681640625,2940.644775390625,18186749944,ETH
2022-05-05,2940.2265625,2948.960693359375,2704.916259765625,2749.213134765625,22642925048,ETH
2022-05-06,2748.931640625,2754.837646484375,2645.335205078125,2694.979736328125,21027599270,ETH
2022-05-07,2694.991943359375,2696.65283203125,2599.5234375,2636.093017578125,13369276367,ETH
2022-05-08,2636.121826171875,2638.83056640625,2498.43017578125,2517.4599609375,20802269935,ETH
2022-05-09,2518.50830078125,2528.258056640625,2238.062744140625,2245.430419921875,36333567678,ETH
2022-05-10,2242.650390625,2450.76025390625,2206.7568359375,2343.510986328125,38202099639,ETH
2022-05-11,2342.754150390625,2441.079345703125,2018.8555908203125,2072.108642578125,45743399154,ETH
2022-05-12,2072.504638671875,2170.4580078125,1748.3031005859375,1961.7015380859375,42463486402,ETH
2022-05-13,1960.12255859375,2139.71337890625,1941.9759521484375,2014.418212890625,24816096567,ETH
2022-05-14,2014.2806396484375,2063.429931640625,1956.572998046875,2056.27392578125,15457044616,ETH
2022-05-15,2056.18310546875,2147.1943359375,2008.1627197265625,2145.706787109375,14846088335,ETH
2022-05-16,2145.8369140625,2145.8369140625,1988.811767578125,2022.7259521484375,21459552191,ETH
2022-05-17,2022.88232421875,2113.059814453125,2015.9715576171875,2090.4091796875,18509929297,ETH
2022-05-18,2090.4599609375,2102.32666015625,1916.6561279296875,1916.6561279296875,17740965589,ETH
2022-05-19,1916.1495361328125,2028.38818359375,1907.0205078125,2018.336181640625,18734247914,ETH
2022-05-20,2018.0001220703125,2054.7958984375,1926.6767578125,1961.315673828125,15892482289,ETH
2022-05-21,1961.0179443359375,1985.39599609375,1944.26513671875,1974.518310546875,8546822406,ETH
2022-05-22,1974.670654296875,2047.19140625,1966.038818359375,2043.170166015625,10941123403,ETH
2022-05-23,2042.3447265625,2080.33349609375,1964.3865966796875,1972.181884765625,16434529708,ETH
2022-05-24,1972.390869140625,1991.5355224609375,1920.6881103515625,1978.9827880859375,13057109007,ETH
2022-05-25,1978.677001953125,2014.3695068359375,1943.9385986328125,1944.827880859375,13364545730,ETH
2022-05-26,1945.0333251953125,1962.171142578125,1759.1995849609375,1803.913330078125,23458681818,ETH
2022-05-27,1802.5438232421875,1814.656494140625,1721.2647705078125,1724.9228515625,25470760032,ETH
2022-05-28,1724.635986328125,1757.9417724609375,1724.635986328125,1757.9417724609375,23214777872,ETH
2022-05-29,1792.1844482421875,1818.776611328125,1765.9373779296875,1812.031005859375,10642556101,ETH
2022-05-30,1811.885986328125,2005.2108154296875,1804.4560546875,1996.4412841796875,19580808705,ETH
2022-05-31,1996.4080810546875,2005.490966796875,1932.35205078125,1942.3280029296875,18363115560,ETH
2022-06-01,1942.0506591796875,1965.1666259765625,1776.05322265625,1823.5693359375,21037797760,ETH
2022-06-02,1822.412109375,1845.31396484375,1789.6641845703125,1834.1505126953125,17065041354,ETH
2022-06-03,1834.135009765625,1840.058837890625,1746.509765625,1775.07861328125,14878001811,ETH
2022-06-04,1775.2208251953125,1810.2996826171875,1751.5333251953125,1801.6094970703125,8677951273,ETH
2022-06-05,1801.8189697265625,1825.859619140625,1777.13330078125,1805.2049560546875,8850385937,ETH
2022-06-06,1805.635986328125,1915.030517578125,1804.990234375,1859.2896728515625,16518471852,ETH
2022-06-07,1859.333740234375,1862.9149169921875,1729.41357421875,1814.04833984375,24020076750,ETH
2022-06-08,1814.1007080078125,1830.676025390625,1770.231201171875,1793.572265625,18041476023,ETH
2022-06-09,1793.5128173828125,1827.2930908203125,1779.8675537109375,1789.8260498046875,12013083393,ETH
2022-06-10,1789.68994140625,1797.6077880859375,1663.4339599609375,1665.042236328125,18504740451,ETH
2022-06-11,1665.2178955078125,1679.314208984375,1507.0389404296875,1529.6634521484375,21127089064,ETH
2022-06-12,1530.189697265625,1539.705078125,1436.1839599609375,1445.216552734375,23465074882,ETH
2022-06-13,1443.83544921875,1448.738037109375,1181.9482421875,1204.582763671875,45162788786,ETH
2022-06-14,1204.5552978515625,1252.4718017578125,1094.701904296875,1211.662841796875,33327826525,ETH
2022-06-15,1211.365966796875,1236.6275634765625,1025.6842041015625,1233.2064208984375,37539999450,ETH
2022-06-16,1233.603515625,1246.140625,1058.7845458984375,1067.730712890625,18907671369,ETH
2022-06-17,1067.9876708984375,1112.4715576171875,1060.86767578125,1086.519287109375,14591486540,ETH
2022-06-18,1086.3779296875,1095.1668701171875,896.1090087890625,993.6367797851562,21655406608,ETH
2022-06-19,993.400634765625,1142.3408203125,943.1163330078125,1127.656494140625,21795481981,ETH
2022-06-20,1127.65625,1159.9853515625,1066.1131591796875,1127.6424560546875,19739691429,ETH
2022-06-21,1127.5118408203125,1185.4324951171875,1112.5726318359375,1124.8245849609375,15632089439,ETH
2022-06-22,1125.3729248046875,1126.26171875,1049.7633056640625,1051.421875,15010593493,ETH
2022-06-23,1051.329345703125,1146.4942626953125,1050.2196044921875,1143.38671875,14657862919,ETH
2022-06-24,1143.2047119140625,1238.616943359375,1134.5140380859375,1226.8447265625,16981552654,ETH
2022-06-25,1226.7247314453125,1246.394287109375,1184.56201171875,1243.4468994140625,12481946184,ETH
2022-06-26,1242.987548828125,1272.1312255859375,1199.4063720703125,1199.8316650390625,12096607824,ETH
2022-06-27,1199.713134765625,1234.1807861328125,1179.79248046875,1193.6806640625,12492225250,ETH
2022-06-28,1193.2540283203125,1229.739013671875,1141.15966796875,1144.5792236328125,14023205651,ETH
2022-06-29,1144.5244140625,1152.684814453125,1092.09912109375,1098.94384765625,15386286815,ETH
2022-06-30,1099.3531494140625,1103.6904296875,1009.0948486328125,1067.298828125,16350755497,ETH
2022-07-01,1068.3167724609375,1100.223876953125,1040.1507568359375,1059.767333984375,17499453625,ETH
2022-07-02,1060.1212158203125,1073.0526123046875,1033.962158203125,1066.5128173828125,9935603640,ETH
2022-07-03,1066.4674072265625,1083.4189453125,1044.005615234375,1073.7669677734375,8557248150,ETH
2022-07-04,1073.7943115234375,1152.94384765625,1048.3963623046875,1151.05908203125,13670889311,ETH
2022-07-05,1150.509765625,1165.6827392578125,1086.8299560546875,1134.541015625,16195518291,ETH
2022-07-06,1134.822265625,1193.63671875,1116.24755859375,1186.9739990234375,15373536703,ETH
2022-07-07,1186.9609375,1246.8948974609375,1165.6231689453125,1237.5933837890625,14230795894,ETH
2022-07-08,1237.580322265625,1262.8857421875,1200.6322021484375,1222.5062255859375,16315929082,ETH
2022-07-09,1222.306884765625,1228.7679443359375,1209.3775634765625,1216.978271484375,8821353104,ETH
2022-07-10,1216.9044189453125,1216.9044189453125,1157.175537109375,1168.401611328125,10984558039,ETH
2022-07-11,1168.1390380859375,1169.19384765625,1095.0028076171875,1097.236572265625,12064180410,ETH
2022-07-12,1097.2591552734375,1097.2591552734375,1038.1356201171875,1038.191650390625,12583282453,ETH
2022-07-13,1038.1866455078125,1113.587158203125,1019.2203369140625,1113.587158203125,18302588147,ETH
2022-07-14,1113.5157470703125,1202.953369140625,1077.40576171875,1191.5262451171875,16688640823,ETH
2022-07-15,1191.6748046875,1275.7781982421875,1182.9031982421875,1233.129150390625,17411448225,ETH
2022-07-16,1232.7916259765625,1377.944580078125,1195.60595703125,1352.62646484375,18364013796,ETH
2022-07-17,1353.205078125,1378.41748046875,1329.7633056640625,1338.6357421875,16079711737,ETH
2022-07-18,1338.8060302734375,1578.7178955078125,1338.8060302734375,1578.7178955078125,27440420623,ETH
2022-07-19,1578.3839111328125,1607.0330810546875,1501.7974853515625,1542.9752197265625,27753529276,ETH
2022-07-20,1542.954345703125,1612.645751953125,1500.80322265625,1520.20068359375,22942708340,ETH
2022-07-21,1520.37451171875,1595.761962890625,1472.1854248046875,1576.74951171875,20009556587,ETH
2022-07-22,1576.745361328125,1641.209228515625,1523.6417236328125,1537.4051513671875,18926100582,ETH
2022-07-23,1536.4573974609375,1591.632568359375,1495.6781005859375,1549.2974853515625,14998811383,ETH
2022-07-24,1549.2225341796875,1654.4287109375,1548.671142578125,1599.4766845703125,17217849557,ETH
2022-07-25,1599.1572265625,1605.3369140625,1445.3834228515625,1445.3834228515625,20585056021,ETH
2022-07-26,1445.151123046875,1445.151123046875,1362.95166015625,1441.8067626953125,18238563509,ETH
2022-07-27,1443.726806640625,1636.7994384765625,1423.618896484375,1636.232666015625,23007524016,ETH
2022-07-28,1636.23193359375,1774.576416015625,1604.8909912109375,1725.4681396484375,27231399966,ETH
2022-07-29,1725.6239013671875,1759.884033203125,1662.7911376953125,1727.406982421875,23249531113,ETH
2022-07-30,1727.0618896484375,1738.016845703125,1678.1080322265625,1695.969482421875,15576977870,ETH
2022-07-31,1695.884765625,1745.8831787109375,1672.61279296875,1681.517333984375,14200735370,ETH
2022-08-01,1681.445556640625,1700.1708984375,1613.416015625,1635.19580078125,16191371176,ETH
2022-08-02,1634.6458740234375,1672.6297607421875,1567.85107421875,1632.9454345703125,20426082309,ETH
2022-08-03,1633.05126953125,1678.0982666015625,1595.634521484375,1618.87451171875,16786218830,ETH
2022-08-04,1618.88671875,1658.5115966796875,1585.3265380859375,1608.205810546875,14467440626,ETH
2022-08-05,1607.52392578125,1732.254638671875,1606.4970703125,1732.254638671875,18546491876,ETH
2022-08-06,1732.6611328125,1744.326416015625,1691.6580810546875,1691.6580810546875,11757911705,ETH
2022-08-07,1691.7779541015625,1724.7891845703125,1672.908447265625,1699.350830078125,10252090340,ETH
2022-08-08,1699.6934814453125,1806.886474609375,1697.407958984375,1775.51611328125,16841424404,ETH
2022-08-09,1776.0712890625,1786.12255859375,1675.849853515625,1703.0250244140625,16368619692,ETH
2022-08-10,1702.906494140625,1869.400634765625,1665.0904541015625,1851.74267578125,23512477984,ETH
2022-08-11,1851.828369140625,1927.939208984375,1851.828369140625,1881.22412109375,23826986482,ETH
2022-08-12,1880.899169921875,1957.552978515625,1860.08349609375,1957.2464599609375,17168141904,ETH
2022-08-13,1957.333984375,2013.7557373046875,1948.59521484375,1981.3365478515625,16038975216,ETH
2022-08-14,1981.782470703125,2022.79150390625,1919.0101318359375,1936.802001953125,14062754456,ETH
2022-08-15,1936.760498046875,2007.2103271484375,1881.8568115234375,1904.2281494140625,20349931313,ETH
2022-08-16,1902.8331298828125,1910.745361328125,1862.2734375,1878.139404296875,15637578930,ETH
2022-08-17,1877.934326171875,1951.6756591796875,1823.5322265625,1832.9996337890625,20308508124,ETH
2022-08-18,1833.715576171875,1876.376953125,1826.957763671875,1847.0078125,14999352229,ETH
2022-08-19,1847.0953369140625,1847.0953369140625,1611.3388671875,1612.9873046875,25906358731,ETH
2022-08-20,1612.650634765625,1652.21875,1534.298828125,1577.0037841796875,18334580263,ETH
2022-08-21,1576.5435791015625,1640.9365234375,1569.0465087890625,1619.3189697265625,15849221752,ETH
2022-08-22,1619.1668701171875,1622.77880859375,1535.0147705078125,1622.505859375,18557078599,ETH
2022-08-23,1622.9393310546875,1666.676513671875,1569.4285888671875,1662.7698974609375,18322041914,ETH
2022-08-24,1662.6954345703125,1686.5577392578125,1610.0992431640625,1657.0592041015625,16780932907,ETH
2022-08-25,1657.3365478515625,1718.1832275390625,1656.8560791015625,1696.45703125,14818795695,ETH
2022-08-26,1696.3245849609375,1698.56103515625,1498.771240234375,1507.7828369140625,26713710143,ETH
2022-08-27,1508.156982421875,1517.1500244140625,1454.282958984375,1491.39501953125,18120831899,ETH
2022-08-28,1491.206787109375,1505.7919921875,1430.54736328125,1430.54736328125,12823572918,ETH
2022-08-29,1430.439453125,1556.3095703125,1427.7283935546875,1553.037353515625,17965837488,ETH
2022-08-30,1553.18896484375,1600.461181640625,1480.831787109375,1523.8388671875,21835784470,ETH
2022-08-31,1524.2864990234375,1612.35888671875,1524.2864990234375,1553.6849365234375,20591680941,ETH
2022-09-01,1553.75634765625,1593.082763671875,1520.1883544921875,1586.1767578125,16434276817,ETH
2022-09-02,1586.0179443359375,1643.1832275390625,1551.8779296875,1577.220458984375,17708478709,ETH
2022-09-03,1577.2137451171875,1579.454345703125,1541.672119140625,1556.8726806640625,9516825994,ETH
2022-09-04,1556.8958740234375,1578.00927734375,1543.6988525390625,1577.6416015625,8884144998,ETH
2022-09-05,1577.884033203125,1621.661376953125,1559.7818603515625,1617.1832275390625,13060541168,ETH
2022-09-06,1617.240234375,1680.5953369140625,1561.74853515625,1561.74853515625,22946059125,ETH
2022-09-07,1560.90673828125,1651.0511474609375,1500.013671875,1629.9063720703125,19560363854,ETH
2022-09-08,1629.80517578125,1655.0640869140625,1603.0638427734375,1635.34765625,17621046717,ETH
2022-09-09,1635.187744140625,1735.809814453125,1632.8365478515625,1719.08544921875,20242323690,ETH
2022-09-10,1718.9613037109375,1784.497802734375,1710.2969970703125,1776.2037353515625,13130928217,ETH
2022-09-11,1775.97607421875,1782.7298583984375,1730.164794921875,1761.800048828125,12464301922,ETH
2022-09-12,1762.0848388671875,1778.1634521484375,1698.29345703125,1713.7652587890625,17688391310,ETH
2022-09-13,1713.9625244140625,1745.779052734375,1564.0318603515625,1580.7879638671875,23066821734,ETH
2022-09-14,1574.858154296875,1642.1572265625,1564.0318603515625,1634.7550048828125,17897150206,ETH
2022-09-15,1635.0830078125,1648.9456787109375,1466.139404296875,1471.6934814453125,26946275878,ETH
2022-09-16,1471.9283447265625,1480.564208984375,1415.581298828125,1432.44775390625,16764804299,ETH
2022-09-17,1432.87646484375,1473.0604248046875,1415.0423583984375,1469.74169921875,10798098671,ETH
2022-09-18,1469.7054443359375,1469.7054443359375,1331.4947509765625,1335.3291015625,15762284723,ETH
2022-09-19,1335.270751953125,1388.272216796875,1287.4208984375,1377.5413818359375,18712714223,ETH
2022-09-20,1377.6190185546875,1381.9656982421875,1319.201416015625,1324.38818359375,14722317220,ETH
2022-09-21,1324.215576171875,1384.4769287109375,1229.4267578125,1252.6077880859375,20643507800,ETH
2022-09-22,1251.5673828125,1336.1578369140625,1240.96826171875,1327.68017578125,18461527259,ETH
2022-09-23,1327.481201171875,1353.288330078125,1270.1983642578125,1328.259521484375,18771106339,ETH
2022-09-24,1328.24462890625,1346.2552490234375,1312.6402587890625,1317.9932861328125,12098209717,ETH
2022-09-25,1317.9384765625,1333.371337890625,1275.627685546875,1294.216796875,11802651633,ETH
2022-09-26,1294.3861083984375,1335.5263671875,1282.04931640625,1335.3201904296875,16034549271,ETH
2022-09-27,1335.3370361328125,1396.8914794921875,1308.991455078125,1330.127685546875,17870598937,ETH
2022-09-28,1329.5413818359375,1351.9644775390625,1267.8692626953125,1337.410888671875,18994979566,ETH
2022-09-29,1337.554443359375,1348.107666015625,1293.193359375,1335.65234375,13796915736,ETH
2022-09-30,1335.646484375,1368.743408203125,1320.3831787109375,1327.9786376953125,14250100093,ETH
2022-10-01,1328.1937255859375,1332.5164794921875,1306.1025390625,1311.6444091796875,6227961237,ETH
2022-10-02,1311.75341796875,1316.330078125,1275.3360595703125,1276.093505859375,7578351650,ETH
2022-10-03,1276.1634521484375,1326.554443359375,1271.15087890625,1323.439208984375,10153070907,ETH
2022-10-04,1323.2783203125,1364.970947265625,1320.07666015625,1362.1265869140625,10139774963,ETH
2022-10-05,1361.972900390625,1362.4517822265625,1320.8551025390625,1352.837158203125,9774451820,ETH
2022-10-06,1352.806640625,1380.4049072265625,1349.449951171875,1351.70947265625,12033514861,ETH
2022-10-07,1351.83642578125,1359.328125,1321.74609375,1332.5169677734375,10061619355,ETH
2022-10-08,1332.371337890625,1335.954833984375,1307.072998046875,1315.50048828125,5804676208,ETH
2022-10-09,1315.460205078125,1327.6688232421875,1309.3446044921875,1322.604248046875,5486230123,ETH
2022-10-10,1322.61865234375,1335.6627197265625,1291.337646484375,1291.337646484375,8794491050,ETH
2022-10-11,1291.109619140625,1296.27392578125,1272.7376708984375,1279.57568359375,9274845260,ETH
2022-10-12,1279.7322998046875,1303.0751953125,1277.5274658203125,1294.9063720703125,8355638578,ETH
2022-10-13,1294.9173583984375,1297.564208984375,1209.2781982421875,1288.1239013671875,17499038202,ETH
2022-10-14,1288.0487060546875,1339.7447509765625,1285.3782958984375,1297.422119140625,13113767755,ETH
2022-10-15,1297.305908203125,1300.7459716796875,1268.468505859375,1274.8717041015625,6798512624,ETH
2022-10-16,1275.0054931640625,1312.634521484375,1275.0054931640625,1306.296630859375,7491625206,ETH
2022-10-17,1306.3095703125,1335.6478271484375,1297.447265625,1331.713623046875,9401189650,ETH
2022-10-18,1331.669921875,1339.0859375,1291.66064453125,1310.447021484375,10416747806,ETH
2022-10-19,1310.5631103515625,1312.4423828125,1283.96533203125,1285.7442626953125,8350692785,ETH
2022-10-20,1285.6602783203125,1307.8551025390625,1275.323974609375,1283.200927734375,9009111996,ETH
2022-10-21,1283.1881103515625,1305.081298828125,1260.666748046875,1299.9464111328125,10412565245,ETH
2022-10-22,1299.90234375,1317.10107421875,1295.9468994140625,1314.2991943359375,7175324564,ETH
2022-10-23,1314.24951171875,1367.7607421875,1302.9088134765625,1363.447021484375,9909510925,ETH
2022-10-24,1363.4918212890625,1368.425537109375,1327.85400390625,1344.99853515625,13092820173,ETH
2022-10-25,1344.7113037109375,1509.9854736328125,1336.9788818359375,1461.6654052734375,25367291294,ETH
2022-10-26,1461.1331787109375,1584.63671875,1460.4287109375,1566.566650390625,32705548427,ETH
2022-10-27,1566.8414306640625,1574.4034423828125,1510.8167724609375,1514.3748779296875,22813499245,ETH
2022-10-28,1514.3231201171875,1568.6339111328125,1493.87109375,1555.4779052734375,19974623205,ETH
2022-10-29,1555.274658203125,1652.3822021484375,1549.983642578125,1619.698486328125,21618154775,ETH
2022-10-30,1619.6978759765625,1637.037841796875,1579.4852294921875,1590.7833251953125,13930073427,ETH
2022-10-31,1590.4813232421875,1630.452880859375,1555.9189453125,1572.7144775390625,19306919714,ETH
2022-11-01,1572.6453857421875,1606.605712890625,1568.0985107421875,1579.70458984375,14507311208,ETH
2022-11-02,1579.4979248046875,1613.41064453125,1507.2447509765625,1519.7117919921875,23254218281,ETH
2022-11-03,1519.724853515625,1556.7596435546875,1517.1016845703125,1531.541748046875,14248351007,ETH
2022-11-04,1531.3975830078125,1661.334716796875,1529.2684326171875,1645.0933837890625,20806964347,ETH
2022-11-05,1645.156494140625,1660.4864501953125,1625.9642333984375,1627.968017578125,11006973190,ETH
2022-11-06,1627.901123046875,1634.1324462890625,1572.2347412109375,1572.2347412109375,11632744705,ETH
2022-11-07,1572.0169677734375,1604.475341796875,1550.41552734375,1568.59130859375,15279963349,ETH
2022-11-08,1568.32958984375,1574.7998046875,1259.443115234375,1332.8355712890625,42048003440,ETH
2022-11-09,1333.1224365234375,1335.7435302734375,1083.28564453125,1100.1697998046875,38864492427,ETH
2022-11-10,1100.107177734375,1341.7911376953125,1093.12255859375,1299.464599609375,28581002122,ETH
2022-11-11,1298.8824462890625,1302.2952880859375,1211.32958984375,1287.2210693359375,20920539099,ETH
2022-11-12,1287.4383544921875,1288.15087890625,1242.1522216796875,1255.268310546875,10964962767,ETH
2022-11-13,1255.4412841796875,1271.7125244140625,1208.52099609375,1221.8192138671875,10717455214,ETH
2022-11-14,1221.8955078125,1284.2176513671875,1178.4290771484375,1241.604248046875,15028035663,ETH
2022-11-15,1241.677734375,1283.19873046875,1238.688232421875,1251.7362060546875,11798011594,ETH
2022-11-16,1251.808837890625,1264.486328125,1192.98779296875,1215.6025390625,11939561598,ETH
2022-11-17,1215.8486328125,1224.9656982421875,1189.1527099609375,1200.80859375,9723646871,ETH
2022-11-18,1200.8021240234375,1226.7374267578125,1200.8021240234375,1212.30029296875,7979913378,ETH
2022-11-19,1212.2154541015625,1227.8372802734375,1200.4755859375,1218.4267578125,5978745776,ETH
2022-11-20,1218.436279296875,1224.0777587890625,1137.9332275390625,1142.4666748046875,9651002684,ETH
2022-11-21,1142.395751953125,1142.395751953125,1084.8572998046875,1108.35302734375,14080099208,ETH
2022-11-22,1107.89599609375,1136.442626953125,1081.13818359375,1135.1734619140625,12040670755,ETH
2022-11-23,1135.4215087890625,1184.997314453125,1130.0228271484375,1183.1995849609375,11242676044,ETH
2022-11-24,1183.3450927734375,1211.62744140625,1180.3797607421875,1203.983154296875,9706372376,ETH
2022-11-25,1203.7994384765625,1203.7994384765625,1174.8233642578125,1198.9259033203125,5483308196,ETH
2022-11-26,1198.79052734375,1227.0380859375,1198.097900390625,1205.89794921875,5074160558,ETH
2022-11-27,1205.9052734375,1220.3494873046875,1195.0390625,1195.126953125,4486976868,ETH
2022-11-28,1194.9603271484375,1198.7376708984375,1156.0625,1170.086181640625,7275411870,ETH
2022-11-29,1169.8743896484375,1222.1641845703125,1163.4775390625,1216.9012451171875,7639405818,ETH
2022-11-30,1216.9287109375,1302.0386962890625,1215.4979248046875,1295.6885986328125,9836925304,ETH
2022-12-01,1295.76953125,1295.9998779296875,1267.70849609375,1276.27392578125,6857935276,ETH
2022-12-02,1276.32861328125,1294.3033447265625,1269.2431640625,1294.3033447265625,6213645709,ETH
2022-12-03,1294.45654296875,1299.84033203125,1241.431884765625,1243.3348388671875,5672609405,ETH
2022-12-04,1243.21923828125,1281.4923095703125,1242.9117431640625,1280.256591796875,5174128454,ETH
2022-12-05,1279.9989013671875,1302.237548828125,1252.472412109375,1259.6767578125,6120359523,ETH
2022-12-06,1259.854248046875,1271.9232177734375,1247.6298828125,1271.65380859375,5089212680,ETH
2022-12-07,1271.5531005859375,1272.694091796875,1224.447998046875,1232.4375,5752205180,ETH
2022-12-08,1232.4517822265625,1286.229736328125,1226.3585205078125,1281.1163330078125,6227269815,ETH
2022-12-09,1281.0772705078125,1290.055419921875,1260.8187255859375,1264.2847900390625,5706183865,ETH
2022-12-10,1264.37548828125,1279.5279541015625,1262.119873046875,1266.3841552734375,3282499999,ETH
2022-12-11,1266.4178466796875,1281.783203125,1260.6636962890625,1263.8685302734375,3362005848,ETH
2022-12-12,1263.573486328125,1275.6103515625,1243.477783203125,1274.6190185546875,5151109364,ETH
2022-12-13,1274.6624755859375,1341.4393310546875,1258.472412109375,1320.5491943359375,8812883119,ETH
2022-12-14,1320.6885986328125,1346.1744384765625,1305.8333740234375,1309.3287353515625,7830915428,ETH
2022-12-15,1309.1907958984375,1311.067138671875,1262.6893310546875,1266.3538818359375,6032859783,ETH
2022-12-16,1266.4605712890625,1278.156982421875,1162.1756591796875,1168.2593994140625,9297811507,ETH
2022-12-17,1168.0667724609375,1189.0450439453125,1165.4078369140625,1188.1495361328125,5077258586,ETH
2022-12-18,1188.1285400390625,1194.2144775390625,1176.185791015625,1184.7152099609375,3350092519,ETH
2022-12-19,1184.75830078125,1192.923828125,1160.377197265625,1167.60986328125,4943628091,ETH
2022-12-20,1167.8826904296875,1224.0926513671875,1165.5994873046875,1217.70361328125,6684951715,ETH
2022-12-21,1217.58642578125,1218.1922607421875,1206.4400634765625,1213.5999755859375,4217182733,ETH
2022-12-22,1213.672607421875,1221.98681640625,1187.1278076171875,1218.18212890625,5297471739,ETH
2022-12-23,1218.079345703125,1226.998779296875,1215.994873046875,1220.159423828125,4835831923,ETH
2022-12-24,1220.117919921875,1224.91162109375,1216.3387451171875,1221.1485595703125,2626153345,ETH
2022-12-25,1221.1715087890625,1223.517822265625,1203.7196044921875,1218.9620361328125,3942720070,ETH
2022-12-26,1218.920166015625,1226.974365234375,1214.3359375,1226.974365234375,3282098400,ETH
2022-12-27,1226.987060546875,1230.4180908203125,1205.8956298828125,1212.7916259765625,4091530737,ETH
2022-12-28,1212.736572265625,1213.12890625,1185.7021484375,1189.986083984375,4991669631,ETH
2022-12-29,1190.0101318359375,1204.1416015625,1188.3602294921875,1201.5953369140625,4132233940,ETH
2022-12-30,1201.569580078125,1202.03466796875,1187.4625244140625,1199.2327880859375,4055668253,ETH
2022-12-31,1199.360107421875,1205.088623046875,1194.2037353515625,1196.771240234375,3018513333,ETH
2023-01-01,1196.713623046875,1203.475341796875,1192.8853759765625,1200.96484375,2399674550,ETH
2023-01-02,1201.103271484375,1219.860595703125,1195.2149658203125,1214.6566162109375,3765758498,ETH
2023-01-03,1214.7440185546875,1219.0953369140625,1207.4915771484375,1214.77880859375,3392972131,ETH
2023-01-04,1214.7186279296875,1264.8074951171875,1213.1688232421875,1256.526611328125,6404416893,ETH
2023-01-05,1256.484619140625,1258.571533203125,1245.173095703125,1250.4385986328125,4001786456,ETH
2023-01-06,1250.458984375,1273.2203369140625,1240.947509765625,1269.3790283203125,4977252792,ETH
2023-01-07,1269.4197998046875,1270.5982666015625,1262.2711181640625,1264.2703857421875,2565213548,ETH
2023-01-08,1264.181884765625,1287.3594970703125,1260.226806640625,1287.3594970703125,3495088905,ETH
2023-01-09,1287.4508056640625,1342.1441650390625,1286.6807861328125,1321.5389404296875,7990438824,ETH
2023-01-10,1321.3955078125,1342.7572021484375,1318.5272216796875,1336.5860595703125,5830173253,ETH
2023-01-11,1336.48681640625,1387.9327392578125,1323.5831298828125,1387.9327392578125,6314904311,ETH
2023-01-12,1405.3514404296875,1432.28125,1378.422119140625,1417.9384765625,12230193038,ETH
2023-01-13,1417.9461669921875,1461.6727294921875,1404.02392578125,1451.6148681640625,7684148212,ETH
2023-01-14,1451.428466796875,1563.7391357421875,1450.9884033203125,1550.7069091796875,15444626014,ETH
2023-01-15,1550.7315673828125,1556.9508056640625,1520.893798828125,1552.4794921875,6774614499,ETH
2023-01-16,1552.519287109375,1594.039794921875,1529.5736083984375,1576.83349609375,8454485431,ETH
2023-01-17,1577.107421875,1594.0009765625,1553.3359375,1567.8460693359375,7599462786,ETH
2023-01-18,1567.698974609375,1602.106689453125,1509.4228515625,1515.5069580078125,10354880595,ETH
2023-01-19,1515.2496337890625,1557.9703369140625,1514.3800048828125,1552.5565185546875,6432638856,ETH
2023-01-20,1552.3736572265625,1659.8857421875,1544.9178466796875,1659.754150390625,8528894754,ETH
2023-01-21,1659.7060546875,1674.1793212890625,1626.81298828125,1627.1181640625,8859250310,ETH
2023-01-22,1627.365966796875,1658.0234375,1612.085693359375,1628.382080078125,7517988734,ETH
2023-01-23,1628.55078125,1641.2181396484375,1607.903076171875,1628.2510986328125,8264507375,ETH
2023-01-24,1627.8482666015625,1639.723876953125,1551.3897705078125,1556.604248046875,8180274691,ETH
2023-01-25,1556.8074951171875,1632.24169921875,1530.7978515625,1611.7110595703125,10598973448,ETH
2023-01-26,1611.0809326171875,1626.1982421875,1586.59814453125,1603.10595703125,8395315241,ETH
2023-01-27,1603.080078125,1617.0008544921875,1565.2449951171875,1598.156494140625,8124465373,ETH
2023-01-28,1598.1253662109375,1604.7041015625,1565.39013671875,1572.43505859375,5803653357,ETH
2023-01-29,1572.6295166015625,1653.7249755859375,1568.98486328125,1646.1556396484375,8801292300,ETH
2023-01-30,1646.147705078125,1646.651611328125,1546.6607666015625,1567.3265380859375,9180418120,ETH
2023-01-31,1567.419921875,1598.517578125,1563.8043212890625,1586.535400390625,6585191019,ETH
2023-02-01,1586.4881591796875,1644.7275390625,1566.8572998046875,1641.792724609375,8116969489,ETH
2023-02-02,1641.365966796875,1704.4581298828125,1641.3226318359375,1643.2415771484375,10558081069,ETH
2023-02-03,1642.9046630859375,1670.6968994140625,1634.223388671875,1664.74560546875,8169519805,ETH
2023-02-04,1664.4722900390625,1690.099609375,1648.189208984375,1667.0592041015625,5843302512,ETH
2023-02-05,1667.16650390625,1671.770263671875,1616.391845703125,1631.6458740234375,6926696531,ETH
2023-02-06,1631.645263671875,1653.7154541015625,1611.319091796875,1616.2470703125,6919871886,ETH
2023-02-07,1616.0096435546875,1673.7978515625,1614.863037109375,1672.0035400390625,8030277434,ETH
2023-02-08,1671.9052734375,1688.5272216796875,1635.2650146484375,1650.716796875,7806089579,ETH
2023-02-09,1651.082275390625,1655.23486328125,1537.1822509765625,1546.438232421875,10524969124,ETH
2023-02-10,1546.5965576171875,1553.32568359375,1504.83447265625,1514.869140625,8397387897,ETH
2023-02-11,1514.94189453125,1541.334716796875,1510.14697265625,1539.9267578125,5064007416,ETH
2023-02-12,1539.7760009765625,1545.55419921875,1501.4620361328125,1515.03369140625,5319698775,ETH
2023-02-13,1514.9169921875,1524.7314453125,1470.02392578125,1507.1658935546875,9363855114,ETH
2023-02-14,1506.9920654296875,1562.0343017578125,1497.1944580078125,1556.8751220703125,9249575045,ETH
2023-02-15,1556.76513671875,1674.289794921875,1545.689697265625,1673.7459716796875,10015035156,ETH
2023-02-16,1673.867431640625,1732.8011474609375,1638.1455078125,1640.067626953125,12704861676,ETH
2023-02-17,1640.2801513671875,1716.7818603515625,1636.173828125,1694.7833251953125,9802443159,ETH
2023-02-18,1694.7418212890625,1705.30908203125,1683.670166015625,1691.8194580078125,5491437195,ETH
2023-02-19,1691.68017578125,1718.9476318359375,1673.9066162109375,1681.4361572265625,6959144003,ETH
2023-02-20,1682.3370361328125,1716.4893798828125,1659.2950439453125,1702.6751708984375,7703604237,ETH
2023-02-21,1702.7978515625,1714.28564453125,1642.396728515625,1658.036376953125,8721608198,ETH
2023-02-22,1658.1409912109375,1663.996826171875,1604.8033447265625,1643.231689453125,9189387004,ETH
2023-02-23,1643.298583984375,1674.6015625,1632.566162109375,1651.0738525390625,9013236167,ETH
2023-02-24,1650.8951416015625,1661.09130859375,1583.1478271484375,1608.3731689453125,8909129423,ETH
2023-02-25,1608.6583251953125,1608.8651123046875,1567.6317138671875,1594.9149169921875,5657686235,ETH
2023-02-26,1594.7611083984375,1645.2734375,1590.39306640625,1640.817138671875,5727967432,ETH
2023-02-27,1640.763671875,1662.57568359375,1615.387939453125,1634.326416015625,7239824677,ETH
2023-02-28,1634.50244140625,1644.435791015625,1602.4281005859375,1605.8951416015625,6323676957,ETH
2023-03-01,1606.0404052734375,1663.4337158203125,1601.548583984375,1663.4337158203125,7701847224,ETH
2023-03-02,1663.549072265625,1672.0511474609375,1622.5999755859375,1647.3193359375,7080950926,ETH
2023-03-03,1647.5577392578125,1648.475341796875,1552.4515380859375,1569.1676025390625,9922240199,ETH
2023-03-04,1569.278076171875,1575.63720703125,1551.73681640625,1566.9239501953125,4389045367,ETH
2023-03-05,1567.1793212890625,1584.2088623046875,1559.9541015625,1564.46875,5020886238,ETH
2023-03-06,1564.3831787109375,1579.456298828125,1557.363525390625,1567.398681640625,5245153345,ETH
2023-03-07,1567.4246826171875,1579.1622314453125,1543.1275634765625,1561.93310546875,6854058349,ETH
2023-03-08,1561.9779052734375,1568.17529296875,1534.0882568359375,1534.0882568359375,7130327525,ETH
2023-03-09,1534.0316162109375,1544.1083984375,1423.2647705078125,1438.6607666015625,9457897583,ETH
2023-03-10,1438.7601318359375,1438.7601318359375,1378.525390625,1429.1580810546875,12665194936,ETH
2023-03-11,1429.100830078125,1484.136962890625,1428.72314453125,1482.61669921875,14917080154,ETH
2023-03-12,1482.431884765625,1607.152587890625,1461.6109619140625,1590.29296875,11480965122,ETH
2023-03-13,1590.8311767578125,1699.9117431640625,1572.07470703125,1680.3089599609375,15711468959,ETH
2023-03-14,1680.2952880859375,1779.9178466796875,1665.90234375,1703.507080078125,16159781303,ETH
2023-03-15,1705.18994140625,1721.0792236328125,1616.63037109375,1656.1805419921875,12715339905,ETH
2023-03-16,1656.33203125,1693.1392822265625,1639.26171875,1677.2154541015625,9364980166,ETH
2023-03-17,1677.2967529296875,1799.343994140625,1667.1318359375,1792.485107421875,12467445117,ETH
2023-03-18,1793.5924072265625,1840.3575439453125,1751.2628173828125,1761.65966796875,10317822213,ETH
2023-03-19,1762.9632568359375,1843.8441162109375,1762.9632568359375,1785.5765380859375,9170565472,ETH
2023-03-20,1785.416259765625,1807.7252197265625,1728.103759765625,1735.3212890625,10978325507,ETH
2023-03-21,1735.617919921875,1836.28857421875,1725.00732421875,1806.7607421875,10758627746,ETH
2023-03-22,1804.95703125,1821.458251953125,1717.76513671875,1737.717041015625,12484103560,ETH
2023-03-23,1737.140869140625,1853.8880615234375,1732.524658203125,1816.4051513671875,11012966854,ETH
2023-03-24,1815.81982421875,1819.935302734375,1730.3494873046875,1752.0447998046875,10913669383,ETH
2023-03-25,1751.469482421875,1762.674560546875,1716.6519775390625,1743.7647705078125,6614309912,ETH
2023-03-26,1743.8421630859375,1797.8802490234375,1741.182861328125,1775.6767578125,6990313307,ETH
2023-03-27,1775.4813232421875,1781.3792724609375,1690.5166015625,1715.4608154296875,8585750760,ETH
2023-03-28,1715.327392578125,1791.1109619140625,1702.564697265625,1772.78564453125,8346890042,ETH
2023-03-29,1772.89990234375,1825.6009521484375,1772.89990234375,1793.0018310546875,9136176952,ETH
2023-03-30,1793.345947265625,1827.2802734375,1766.2489013671875,1792.7371826171875,9724496987,ETH
2023-03-31,1793.6201171875,1844.6773681640625,1783.1422119140625,1822.0220947265625,9149379763,ETH
2023-04-01,1821.704345703125,1840.173095703125,1811.1185302734375,1813.860595703125,5556443606,ETH
2023-04-02,1821.192138671875,1824.328857421875,1774.8724365234375,1795.7081298828125,6199721188,ETH
2023-04-03,1794.9224853515625,1839.1578369140625,1765.5189208984375,1810.297119140625,9643826401,ETH
2023-04-04,1810.14208984375,1886.5946044921875,1802.9554443359375,1871.005126953125,10398322335,ETH
2023-04-05,1870.965087890625,1937.49755859375,1865.94189453125,1909.114013671875,10319231689,ETH
2023-04-06,1909.1435546875,1909.271728515625,1857.0850830078125,1872.922607421875,8263191830,ETH
2023-04-07,1872.734130859375,1882.2991943359375,1845.993896484375,1865.6361083984375,8356130492,ETH
2023-04-08,1864.6790771484375,1879.1077880859375,1848.87548828125,1849.4981689453125,5016362733,ETH
2023-04-09,1849.6722412109375,1873.057373046875,1828.7000732421875,1859.3878173828125,6361497715,ETH
2023-04-10,1859.7412109375,1917.3001708984375,1848.1641845703125,1911.20751953125,8380134275,ETH
2023-04-11,1911.3758544921875,1936.728271484375,1886.5341796875,1892.189697265625,8877222956,ETH
2023-04-12,1891.94970703125,1929.8812255859375,1860.036865234375,1920.68212890625,11010714187,ETH
2023-04-13,1917.6983642578125,2022.150146484375,1901.8603515625,2012.6346435546875,12546950499,ETH
2023-04-14,2013.9306640625,2126.316650390625,2011.5032958984375,2101.635498046875,16298099411,ETH
2023-04-15,2101.616455078125,2111.075439453125,2076.5107421875,2092.466796875,8036468153,ETH
2023-04-16,2092.281005859375,2137.445068359375,2076.83203125,2120.005859375,7898126856,ETH
2023-04-17,2120.001220703125,2120.113525390625,2063.03857421875,2076.242919921875,9648882546,ETH
2023-04-18,2075.855224609375,2121.531494140625,2057.65380859375,2104.537353515625,9134015143,ETH
2023-04-19,2103.9462890625,2104.857177734375,1928.5828857421875,1936.4034423828125,13779745451,ETH
2023-04-20,1936.41796875,1979.5733642578125,1918.1328125,1943.09765625,11324135406,ETH
2023-04-21,1943.409912109375,1955.649169921875,1827.7889404296875,1849.9998779296875,12044274581,ETH
2023-04-22,1849.2864990234375,1886.7816162109375,1845.8492431640625,1874.2286376953125,6970642726,ETH
2023-04-23,1874.1715087890625,1882.229736328125,1838.992431640625,1862.06201171875,6607451862,ETH
2023-04-24,1862.0853271484375,1888.1937255859375,1811.7921142578125,1842.7574462890625,8438191338,ETH
2023-04-25,1842.204345703125,1877.4849853515625,1805.3228759765625,1866.753662109375,8677255481,ETH
2023-04-26,1866.14892578125,1962.567626953125,1792.4638671875,1866.564208984375,14356524696,ETH
2023-04-27,1866.6932373046875,1936.9451904296875,1863.14794921875,1908.786376953125,14008145806,ETH
2023-04-28,1909.2730712890625,1923.19921875,1876.2918701171875,1892.5128173828125,7691759733,ETH
2023-04-29,1892.5650634765625,1916.9737548828125,1887.990478515625,1908.9169921875,4796651246,ETH
2023-04-30,1908.7413330078125,1938.41796875,1876.92431640625,1876.92431640625,6539641957,ETH
2023-05-01,1868.89111328125,1886.2064208984375,1809.1932373046875,1831.954833984375,8625783201,ETH
2023-05-02,1831.7265625,1879.759521484375,1824.3270263671875,1870.789306640625,7536785767,ETH
2023-05-03,1870.6871337890625,1915.504150390625,1845.871826171875,1904.65185546875,8306390869,ETH
2023-05-04,1905.1689453125,1915.8717041015625,1868.6297607421875,1877.7041015625,6578438233,ETH
2023-05-05,1877.8331298828125,1998.41357421875,1876.9466552734375,1995.0609130859375,9498261360,ETH
2023-05-06,1995.4791259765625,2017.5594482421875,1870.6055908203125,1900.2218017578125,9623243037,ETH
2023-05-07,1899.9176025390625,1933.9984130859375,1873.076416015625,1873.076416015625,6883942236,ETH
2023-05-08,1872.47509765625,1886.162109375,1818.4505615234375,1849.042724609375,9895102899,ETH
2023-05-09,1849.06103515625,1860.66748046875,1832.906982421875,1848.6031494140625,6129516088,ETH
2023-05-10,1848.2135009765625,1886.80029296875,1795.6688232421875,1842.4014892578125,9945549603,ETH
2023-05-11,1842.4920654296875,1842.4920654296875,1774.132568359375,1796.4906005859375,8353828312,ETH
2023-05-12,1795.1766357421875,1812.4249267578125,1742.40380859375,1808.019775390625,9047198660,ETH
2023-05-13,1808.375,1816.0584716796875,1788.4755859375,1796.1148681640625,4647630864,ETH
2023-05-14,1796.10791015625,1823.49072265625,1793.228759765625,1800.5009765625,4711210241,ETH
2023-05-15,1800.3712158203125,1845.6954345703125,1787.536376953125,1817.5499267578125,6748889346,ETH
2023-05-16,1816.82421875,1830.3515625,1797.84375,1824.1214599609375,5595959668,ETH
2023-05-17,1824.068359375,1835.5545654296875,1786.6719970703125,1821.859619140625,6352161579,ETH
2023-05-18,1822.0682373046875,1831.4503173828125,1774.195068359375,1801.728515625,5673124255,ETH
2023-05-19,1800.994384765625,1826.1942138671875,1797.4344482421875,1812.5894775390625,4796110259,ETH
2023-05-20,1812.76611328125,1829.0096435546875,1808.0467529296875,1820.47802734375,2951655969,ETH
2023-05-21,1820.1380615234375,1827.9219970703125,1799.9468994140625,1804.5313720703125,3386768865,ETH
2023-05-22,1804.8419189453125,1826.696533203125,1793.2239990234375,1817.5347900390625,4534841049,ETH
2023-05-23,1817.7811279296875,1869.343994140625,1816.2879638671875,1854.380615234375,6820047160,ETH
2023-05-24,1854.2996826171875,1854.2996826171875,1780.925537109375,1800.0999755859375,7101647419,ETH
2023-05-25,1799.84521484375,1815.9947509765625,1763.3651123046875,1805.9537353515625,6321689859,ETH
2023-05-26,1805.7254638671875,1837.8658447265625,1798.406005859375,1828.689697265625,5451414258,ETH
2023-05-27,1828.57568359375,1836.1845703125,1817.4920654296875,1831.1182861328125,3216737652,ETH
2023-05-28,1831.0986328125,1915.7232666015625,1825.46728515625,1910.9141845703125,6359610561,ETH
2023-05-29,1909.2974853515625,1926.4217529296875,1879.0775146484375,1893.078125,5884674572,ETH
2023-05-30,1893.0931396484375,1916.574951171875,1883.9346923828125,1901.026611328125,5363439784,ETH
2023-05-31,1901.0982666015625,1907.035400390625,1852.0947265625,1874.1304931640625,5984512548,ETH
2023-06-01,1873.9146728515625,1887.705322265625,1846.2274169921875,1862.201416015625,5640027197,ETH
2023-06-02,1862.4237060546875,1910.2784423828125,1851.9647216796875,1907.256591796875,6097746022,ETH
2023-06-03,1907.4207763671875,1908.822265625,1885.4854736328125,1892.4124755859375,3472274607,ETH
2023-06-04,1892.398193359375,1912.2056884765625,1885.65185546875,1890.5135498046875,3747042696,ETH
2023-06-05,1890.4176025390625,1890.6405029296875,1780.2115478515625,1811.828369140625,9246593033,ETH
2023-06-06,1810.5814208984375,1896.22265625,1801.4052734375,1884.494873046875,8704411776,ETH
2023-06-07,1884.3729248046875,1893.80908203125,1822.3031005859375,1832.39599609375,7919894455,ETH
2023-06-08,1832.5135498046875,1861.1361083984375,1830.1650390625,1846.3018798828125,4536041931,ETH
2023-06-09,1846.077880859375,1854.824951171875,1828.5445556640625,1840.2252197265625,4610831509,ETH
2023-06-10,1840.3919677734375,1844.78564453125,1721.443115234375,1752.384765625,10788500406,ETH
2023-06-11,1752.527587890625,1776.84716796875,1741.1104736328125,1753.415283203125,4559112981,ETH
2023-06-12,1753.075439453125,1757.6597900390625,1722.9063720703125,1742.5286865234375,6031384958,ETH
2023-06-13,1742.39013671875,1761.9554443359375,1727.7498779296875,1739.03759765625,6214125203,ETH
2023-06-14,1739.2501220703125,1749.1632080078125,1637.187744140625,1650.519287109375,7462905534,ETH
2023-06-15,1650.4981689453125,1676.4066162109375,1624.1383056640625,1665.519775390625,7328564880,ETH
2023-06-16,1665.41064453125,1727.28955078125,1653.1708984375,1716.6688232421875,6281023479,ETH
2023-06-17,1716.6717529296875,1766.76318359375,1714.15087890625,1727.2041015625,4875187477,ETH
2023-06-18,1727.1937255859375,1746.5091552734375,1718.1114501953125,1720.5775146484375,3820038842,ETH
2023-06-19,1720.50537109375,1745.1346435546875,1705.8134765625,1737.659423828125,5210480121,ETH
2023-06-20,1736.8797607421875,1793.31396484375,1715.342529296875,1792.1199951171875,7171072578,ETH
2023-06-21,1791.9949951171875,1898.6689453125,1788.4892578125,1891.0072021484375,11731457711,ETH
2023-06-22,1889.79443359375,1932.0655517578125,1867.8765869140625,1872.9429931640625,8477657143,ETH
2023-06-23,1872.540771484375,1932.5316162109375,1865.1920166015625,1892.862060546875,8290615074,ETH
2023-06-24,1893.77197265625,1905.2274169921875,1867.8115234375,1876.0596923828125,5026191704,ETH
2023-06-25,1875.84912109375,1929.0791015625,1870.85009765625,1900.506103515625,6937581709,ETH
2023-06-26,1900.05029296875,1905.3604736328125,1840.215087890625,1859.432861328125,8619702292,ETH
2023-06-27,1859.34619140625,1911.3111572265625,1856.83837890625,1889.703369140625,7686042202,ETH
2023-06-28,1889.906494140625,1890.208984375,1822.102783203125,1827.97119140625,7135265016,ETH
2023-06-29,1828.059326171875,1876.5302734375,1828.059326171875,1852.227294921875,5677228612,ETH
2023-06-30,1852.0084228515625,1945.2742919921875,1831.281005859375,1933.18896484375,12895131248,ETH
2023-07-01,1933.3238525390625,1942.7015380859375,1910.8486328125,1924.56591796875,5136809625,ETH
2023-07-02,1924.4481201171875,1958.1607666015625,1895.906982421875,1937.4383544921875,6343966490,ETH
2023-07-03,1937.8837890625,1974.7750244140625,1934.6888427734375,1955.38916015625,7858509087,ETH
2023-07-04,1955.524169921875,1966.3653564453125,1932.611328125,1936.633544921875,5683423776,ETH
2023-07-05,1936.7967529296875,1942.4324951171875,1897.124755859375,1910.5880126953125,6034088075,ETH
2023-07-06,1910.4171142578125,1956.0123291015625,1847.8507080078125,1848.636474609375,8905008384,ETH
2023-07-07,1847.5125732421875,1876.9632568359375,1832.025390625,1870.6025390625,6468885150,ETH
2023-07-08,1871.0020751953125,1872.5015869140625,1844.6417236328125,1865.53955078125,4299007854,ETH
2023-07-09,1865.594970703125,1878.6689453125,1857.748291015625,1863.009765625,4392863807,ETH
2023-07-10,1863.240234375,1905.4608154296875,1848.7772216796875,1880.556396484375,6336468234,ETH
2023-07-11,1880.6549072265625,1889.3817138671875,1863.2186279296875,1878.3360595703125,4905225892,ETH
2023-07-12,1878.322021484375,1901.1484375,1865.7100830078125,1872.11376953125,6379007000,ETH
2023-07-13,1872.040283203125,2011.88525390625,1864.49609375,2006.511474609375,11114853969,ETH
2023-07-14,2005.6861572265625,2026.2049560546875,1901.3612060546875,1939.3470458984375,10627449471,ETH
2023-07-15,1939.129638671875,1946.0191650390625,1928.1873779296875,1931.466552734375,4380084234,ETH
2023-07-16,1931.64501953125,1942.0308837890625,1917.2940673828125,1923.681884765625,4329306566,ETH
2023-07-17,1923.6943359375,1936.1776123046875,1875.120361328125,1911.6461181640625,6678090758,ETH
2023-07-18,1911.697021484375,1916.4683837890625,1878.718505859375,1897.5992431640625,5814708445,ETH
2023-07-19,1897.7972412109375,1919.264404296875,1883.067138671875,1889.0079345703125,6018487800,ETH
2023-07-20,1889.07373046875,1919.264404296875,1879.734375,1890.9691162109375,7366830684,ETH
2023-07-21,1891.581298828125,1905.38623046875,1885.2962646484375,1892.080078125,4668158260,ETH
2023-07-22,1891.955078125,1897.0880126953125,1855.0927734375,1864.912353515625,4101305643,ETH
2023-07-23,1866.09423828125,1904.4832763671875,1859.56884765625,1889.191650390625,4480604100,ETH
2023-07-24,1888.8095703125,1889.761962890625,1836.8524169921875,1850.0020751953125,6344373569,ETH
2023-07-25,1850.0279541015625,1867.3232421875,1845.9815673828125,1857.741943359375,4163381707,ETH
2023-07-26,1857.696533203125,1886.97412109375,1849.4368896484375,1872.159912109375,5781548155,ETH
2023-07-27,1872.0863037109375,1885.591552734375,1855.321533203125,1860.357177734375,4291339248,ETH
2023-07-28,1860.7025146484375,1881.457275390625,1857.0489501953125,1874.744873046875,3800973336,ETH
2023-07-29,1874.5604248046875,1885.529296875,1870.3338623046875,1881.06884765625,2497302218,ETH
2023-07-30,1880.87158203125,1884.1441650390625,1851.72802734375,1861.643798828125,4003005547,ETH
2023-07-31,1861.7552490234375,1875.62939453125,1851.9154052734375,1856.162353515625,4391613314,ETH
2023-08-01,1856.190185546875,1873.0299072265625,1817.9207763671875,1871.7921142578125,7634860636,ETH
2023-08-02,1873.4681396484375,1877.511474609375,1822.3482666015625,1839.0897216796875,6448512422,ETH
2023-08-03,1838.89794921875,1856.4075927734375,1825.3477783203125,1835.136474609375,4710581074,ETH
2023-08-04,1834.8905029296875,1847.9122314453125,1817.413818359375,1827.712890625,4861242484,ETH
2023-08-05,1827.798583984375,1836.46484375,1824.8079833984375,1834.9879150390625,2866049749,ETH
2023-08-06,1834.84521484375,1836.2489013671875,1824.9866943359375,1827.4620361328125,2963395076,ETH
2023-08-07,1827.239501953125,1842.5225830078125,1804.7166748046875,1826.9388427734375,5837881974,ETH
2023-08-08,1826.9310302734375,1873.84716796875,1824.4300537109375,1855.807373046875,5812855406,ETH
2023-08-09,1855.7794189453125,1869.736572265625,1845.48974609375,1854.297607421875,5870081833,ETH
2023-08-10,1854.3482666015625,1863.3109130859375,1845.4422607421875,1850.75341796875,3760304518,ETH
2023-08-11,1850.74169921875,1855.0660400390625,1839.5692138671875,1847.1243896484375,3353025102,ETH
2023-08-12,1847.1719970703125,1852.281005859375,1845.71923828125,1848.889892578125,2291124840,ETH
2023-08-13,1849.0538330078125,1859.9163818359375,1834.8043212890625,1839.2801513671875,3054625661,ETH
2023-08-14,1839.323486328125,1853.8363037109375,1834.8004150390625,1844.185791015625,4083364724,ETH
2023-08-15,1844.1641845703125,1845.547607421875,1816.3250732421875,1826.9327392578125,4483923893,ETH
2023-08-16,1827.036376953125,1829.3612060546875,1798.9666748046875,1805.6590576171875,4976573383,ETH
2023-08-17,1805.5673828125,1807.71484375,1551.7132568359375,1684.9334716796875,14208462072,ETH
2023-08-18,1682.0384521484375,1698.124267578125,1644.930908203125,1660.945068359375,9645084584,ETH
2023-08-19,1660.8443603515625,1693.2281494140625,1654.0758056640625,1669.471923828125,4871231360,ETH
2023-08-20,1669.5877685546875,1692.3287353515625,1662.9014892578125,1684.85205078125,4105056995,ETH
2023-08-21,1685.0223388671875,1685.0826416015625,1651.9598388671875,1667.26904296875,5077248383,ETH
2023-08-22,1667.279296875,1668.638671875,1596.384033203125,1633.892578125,7244623133,ETH
2023-08-23,1634.4017333984375,1696.593994140625,1629.5810546875,1679.2744140625,7191868448,ETH
2023-08-24,1679.248291015625,1682.48974609375,1641.6270751953125,1659.944580078125,5104531920,ETH
2023-08-25,1660.2698974609375,1671.970703125,1635.9674072265625,1652.93505859375,5396997823,ETH
2023-08-26,1652.92724609375,1654.7777099609375,1643.712646484375,1646.3067626953125,2423247747,ETH
2023-08-27,1646.27197265625,1659.26708984375,1645.90283203125,1657.5130615234375,2624065031,ETH
2023-08-28,1657.4398193359375,1659.3287353515625,1627.44677734375,1652.4573974609375,4855588534,ETH
2023-08-29,1652.274169921875,1742.6373291015625,1639.576171875,1729.7257080078125,11304916729,ETH
2023-08-30,1729.6766357421875,1730.564697265625,1697.147216796875,1705.1121826171875,5023904190,ETH
2023-08-31,1705.364501953125,1720.011962890625,1634.8509521484375,1645.63916015625,6593153505,ETH
2023-09-01,1645.581298828125,1653.53173828125,1603.0341796875,1628.4912109375,6104510092,ETH
2023-09-02,1628.5596923828125,1644.0306396484375,1627.97607421875,1637.025390625,2943590996,ETH
2023-09-03,1637.0435791015625,1645.6451416015625,1626.0892333984375,1636.11767578125,3151878318,ETH
2023-09-04,1635.7247314453125,1642.6531982421875,1618.523681640625,1629.6552734375,3887968912,ETH
2023-09-05,1629.9110107421875,1645.9483642578125,1610.1412353515625,1633.62939453125,4417491902,ETH
2023-09-06,1633.912109375,1656.9327392578125,1611.147705078125,1632.2523193359375,4987397046,ETH
2023-09-07,1632.2628173828125,1657.3037109375,1623.220458984375,1647.5982666015625,4907290296,ETH
2023-09-08,1647.8076171875,1657.1363525390625,1617.7965087890625,1636.1378173828125,4598495496,ETH
2023-09-09,1636.0504150390625,1636.8707275390625,1629.660888671875,1635.162353515625,2081625742,ETH
2023-09-10,1635.211669921875,1635.43310546875,1604.04052734375,1616.828857421875,4339499949,ETH
2023-09-11,1616.769775390625,1618.3057861328125,1533.4267578125,1551.6376953125,7693700923,ETH
2023-09-12,1551.497802734375,1619.114013671875,1549.4937744140625,1592.429443359375,6813819740,ETH
2023-09-13,1592.892333984375,1615.05029296875,1582.217529296875,1607.988525390625,4979469106,ETH
2023-09-14,1608.0316162109375,1640.522705078125,1607.7353515625,1626.974365234375,5538958553,ETH
2023-09-15,1626.8701171875,1652.1131591796875,1613.2486572265625,1641.640380859375,4348584771,ETH
2023-09-16,1641.4464111328125,1649.9886474609375,1632.577880859375,1635.2216796875,2819575929,ETH
2023-09-17,1635.2010498046875,1635.512939453125,1616.779296875,1622.896728515625,3032716258,ETH
2023-09-18,1623.0819091796875,1669.015380859375,1609.9573974609375,1637.3470458984375,5916674789,ETH
2023-09-19,1637.31201171875,1659.53173828125,1628.4132080078125,1643.544677734375,4405868861,ETH
2023-09-20,1643.495361328125,1649.619140625,1610.4207763671875,1622.890625,5156431986,ETH
2023-09-21,1622.591796875,1625.20458984375,1573.3057861328125,1584.3070068359375,5191732312,ETH
2023-09-22,1584.0025634765625,1601.5377197265625,1579.101318359375,1593.268310546875,3460791634,ETH
2023-09-23,1593.213134765625,1598.001708984375,1588.3289794921875,1593.8577880859375,2101436678,ETH
2023-09-24,1593.82568359375,1600.207275390625,1576.7833251953125,1580.8533935546875,3086456944,ETH
2023-09-25,1580.7474365234375,1595.8441162109375,1565.0255126953125,1588.3228759765625,4394930984,ETH
2023-09-26,1588.023193359375,1598.0977783203125,1580.16552734375,1593.417236328125,3544861160,ETH
2023-09-27,1593.1082763671875,1631.9107666015625,1585.368896484375,1597.4912109375,5533036096,ETH
2023-09-28,1597.6719970703125,1666.024169921875,1597.294677734375,1652.8826904296875,6658092168,ETH
2023-09-29,1652.9998779296875,1687.28125,1648.656494140625,1667.94384765625,5529687537,ETH
2023-09-30,1667.83447265625,1692.5311279296875,1666.5638427734375,1671.161865234375,3155292192,ETH
2023-10-01,1671.1614990234375,1750.595703125,1670.0821533203125,1733.8104248046875,5054880180,ETH
2023-10-02,1732.9840087890625,1743.5635986328125,1646.07763671875,1663.6275634765625,8420552922,ETH
2023-10-03,1662.88720703125,1670.3563232421875,1644.4964599609375,1656.6856689453125,4742827302,ETH
2023-10-04,1656.7359619140625,1657.2535400390625,1629.4266357421875,1647.838134765625,5127524863,ETH
2023-10-05,1647.7882080078125,1654.3790283203125,1609.8499755859375,1611.4764404296875,5403759057,ETH
2023-10-06,1611.36572265625,1659.60986328125,1611.36572265625,1645.83154296875,4941208729,ETH
2023-10-07,1645.8109130859375,1648.1837158203125,1631.158203125,1634.51123046875,2578994988,ETH
2023-10-08,1634.6573486328125,1641.182373046875,1618.189208984375,1633.548583984375,3315554175,ETH
2023-10-09,1633.454833984375,1635.4478759765625,1553.0069580078125,1579.806640625,7020801716,ETH
2023-10-10,1580.112060546875,1593.7413330078125,1553.03173828125,1567.7130126953125,5254966125,ETH
2023-10-11,1567.6807861328125,1578.2235107421875,1548.98046875,1566.2547607421875,5416504273,ETH
2023-10-12,1566.35595703125,1566.878173828125,1523.237548828125,1539.6124267578125,5003930677,ETH
2023-10-13,1539.432861328125,1571.7506103515625,1537.921142578125,1552.0894775390625,4575141511,ETH
2023-10-14,1552.2637939453125,1560.3250732421875,1545.73876953125,1555.2568359375,2429214718,ETH
2023-10-15,1555.0760498046875,1565.7608642578125,1550.5545654296875,1558.06982421875,2923337883,ETH
2023-10-16,1558.3134765625,1628.15625,1555.9896240234375,1600.5343017578125,8846928526,ETH
2023-10-17,1600.6356201171875,1601.294677734375,1554.4029541015625,1565.4395751953125,5032686973,ETH
2023-10-18,1565.3828125,1584.7269287109375,1556.736328125,1563.7498779296875,4354138855,ETH
2023-10-19,1563.9581298828125,1573.7376708984375,1543.5850830078125,1567.45703125,5035110867,ETH
2023-10-20,1567.5709228515625,1628.6090087890625,1562.3028564453125,1604.6668701171875,6747486127,ETH
2023-10-21,1604.822265625,1641.2418212890625,1593.447998046875,1629.304443359375,4212179634,ETH
2023-10-22,1629.2977294921875,1667.6666259765625,1623.9847412109375,1663.429931640625,5248406817,ETH
2023-10-23,1674.8492431640625,1794.0704345703125,1663.447998046875,1765.3826904296875,14362295879,ETH
2023-10-24,1766.0146484375,1852.6844482421875,1758.6900634765625,1784.4375,15888690475,ETH
2023-10-25,1784.905029296875,1814.4847412109375,1762.1470947265625,1787.3975830078125,9439066475,ETH
2023-10-26,1787.48193359375,1865.09521484375,1764.0130615234375,1804.039306640625,11196672635,ETH
2023-10-27,1803.794921875,1804.1358642578125,1751.4400634765625,1780.0452880859375,7493399771,ETH
2023-10-28,1780.084228515625,1800.6053466796875,1773.4366455078125,1776.6181640625,4226112731,ETH
2023-10-29,1776.56396484375,1810.4886474609375,1766.052978515625,1795.5460205078125,4358528382,ETH
2023-10-30,1795.589111328125,1829.24951171875,1779.364501953125,1810.088623046875,7534051038,ETH
2023-10-31,1810.131591796875,1819.97265625,1784.567626953125,1816.458984375,6477922747,ETH
2023-11-01,1815.8720703125,1858.3128662109375,1786.4095458984375,1847.0897216796875,10628825648,ETH
2023-11-02,1847.2598876953125,1873.885009765625,1790.11474609375,1800.6209716796875,9004197724,ETH
2023-11-03,1800.91650390625,1835.072509765625,1779.635498046875,1832.795166015625,7622864055,ETH
2023-11-04,1833.368896484375,1867.2613525390625,1825.736572265625,1857.6986083984375,4845080427,ETH
2023-11-05,1857.3956298828125,1911.608642578125,1848.6201171875,1894.15771484375,8867152645,ETH
2023-11-06,1894.027099609375,1914.5826416015625,1871.9730224609375,1899.83740234375,8104122602,ETH
2023-11-07,1900.5997314453125,1907.5614013671875,1852.7908935546875,1888.124267578125,9203228152,ETH
2023-11-08,1887.1190185546875,1904.5462646484375,1874.545654296875,1889.3223876953125,6751627017,ETH
2023-11-09,1888.9403076171875,2130.88525390625,1884.204345703125,2120.56103515625,24709695029,ETH
2023-11-10,2121.0673828125,2134.69140625,2068.13427734375,2078.289794921875,14740624457,ETH
2023-11-11,2078.058349609375,2089.530517578125,2035.0821533203125,2052.7138671875,10228351203,ETH
2023-11-12,2053.11865234375,2066.00341796875,2019.028076171875,2045.18701171875,7951011698,ETH
2023-11-13,2045.3544921875,2116.0107421875,2031.9542236328125,2055.265380859375,14322027970,ETH
2023-11-14,2054.765380859375,2065.06689453125,1939.2803955078125,1979.0526123046875,13087862495,ETH
2023-11-15,1979.47265625,2061.99169921875,1968.774658203125,2060.408447265625,12626326991,ETH
2023-11-16,2059.9658203125,2088.662353515625,1940.57421875,1960.881591796875,14651619483,ETH
2023-11-17,1961.8675537109375,1990.050537109375,1910.4454345703125,1961.28076171875,11881648738,ETH
2023-11-18,1961.6712646484375,1971.4622802734375,1921.0623779296875,1963.2850341796875,8064677046,ETH
2023-11-19,1963.1800537109375,2015.6339111328125,1944.90087890625,2013.2044677734375,7716048818,ETH
2023-11-20,2011.8533935546875,2066.409912109375,1996.0443115234375,2022.2391357421875,12866464824,ETH
2023-11-21,2022.21728515625,2035.035888671875,1937.0667724609375,1937.0667724609375,13653500841,ETH
2023-11-22,1933.5831298828125,2089.51416015625,1933.1629638671875,2064.42529296875,13372200584,ETH
2023-11-23,2063.905517578125,2088.031982421875,2041.4642333984375,2062.210693359375,7828437946,ETH
2023-11-24,2062.411865234375,2132.481201171875,2060.9990234375,2081.152099609375,12141148820,ETH
2023-11-25,2081.296142578125,2091.3427734375,2067.917236328125,2084.4130859375,5362623390,ETH
2023-11-26,2084.177490234375,2094.095947265625,2038.6004638671875,2063.2861328125,8054814154,ETH
2023-11-27,2062.390869140625,2070.606201171875,1988.120361328125,2027.4173583984375,10574810069,ETH
2023-11-28,2027.5172119140625,2074.9541015625,1996.814697265625,2049.338134765625,9910633038,ETH
2023-11-29,2049.186767578125,2071.994384765625,2020.756591796875,2029.92919921875,8945151861,ETH
2023-11-30,2029.3583984375,2054.4443359375,2022.4617919921875,2052.55615234375,8107789163,ETH
2023-12-01,2052.0966796875,2109.319091796875,2046.5570068359375,2087.139892578125,10866891430,ETH
2023-12-02,2087.66357421875,2182.81787109375,2087.407958984375,2165.7041015625,9130124831,ETH
2023-12-03,2165.895751953125,2213.17578125,2151.720947265625,2193.691650390625,8278465782,ETH
2023-12-04,2193.663330078125,2273.06982421875,2193.00732421875,2243.2158203125,16149367134,ETH
2023-12-05,2243.092529296875,2306.5703125,2191.17626953125,2293.841796875,15383072559,ETH
2023-12-06,2293.628173828125,2310.713134765625,2225.0810546875,2231.661376953125,12790612571,ETH
2023-12-07,2233.2177734375,2380.729736328125,2225.050537109375,2357.57958984375,14766891042,ETH
2023-12-08,2357.169189453125,2387.514404296875,2340.92041015625,2358.73193359375,12543458699,ETH
2023-12-09,2358.68603515625,2401.760498046875,2331.666015625,2341.17529296875,10613312823,ETH
2023-12-10,2341.440185546875,2376.749755859375,2323.40576171875,2352.462646484375,7369608905,ETH
2023-12-11,2352.49658203125,2354.9140625,2160.358154296875,2224.578857421875,17989249470,ETH
2023-12-12,2224.39111328125,2242.55126953125,2166.77001953125,2202.0380859375,11391132228,ETH
2023-12-13,2202.600341796875,2283.09912109375,2150.75439453125,2260.648681640625,12576395493,ETH
2023-12-14,2260.736083984375,2331.6015625,2239.3662109375,2316.5791015625,12608711052,ETH
2023-12-15,2316.1103515625,2316.892822265625,2214.26318359375,2219.33740234375,10259157898,ETH
2023-12-16,2220.41552734375,2260.809814453125,2213.55078125,2226.926513671875,6866555430,ETH
2023-12-17,2226.892578125,2244.366455078125,2195.76171875,2196.481201171875,7410453853,ETH
2023-12-18,2195.341796875,2222.019287109375,2120.12744140625,2217.2734375,10366536490,ETH
2023-12-19,2218.240966796875,2253.348876953125,2139.723388671875,2177.87255859375,10619179629,ETH
2023-12-20,2177.239501953125,2263.3291015625,2161.21875,2201.911376953125,12652290807,ETH
2023-12-21,2201.7900390625,2278.12158203125,2184.856689453125,2239.54248046875,12616530536,ETH
2023-12-22,2239.59814453125,2341.947509765625,2233.53271484375,2326.52490234375,16137246310,ETH
2023-12-23,2326.7158203125,2332.072021484375,2270.428955078125,2309.04638671875,7995772945,ETH
2023-12-24,2309.626708984375,2325.705078125,2249.984375,2265.692138671875,9450799236,ETH
2023-12-25,2265.340576171875,2303.551025390625,2254.574462890625,2272.561767578125,8036302656,ETH
2023-12-26,2272.21875,2274.557373046875,2180.225341796875,2231.46533203125,10668581464,ETH
2023-12-27,2231.39306640625,2392.608642578125,2215.140380859375,2378.739990234375,14161342927,ETH
2023-12-28,2380.20068359375,2445.017578125,2338.703857421875,2347.566162109375,15660799060,ETH
2023-12-29,2346.84375,2386.004638671875,2262.975830078125,2300.690673828125,12536968996,ETH
2023-12-30,2300.399658203125,2322.021484375,2270.011962890625,2292.0654296875,6888195427,ETH
2023-12-31,2291.9453125,2318.512939453125,2261.394287109375,2281.47119140625,6871481744,ETH
2024-01-01,2282.870361328125,2352.327880859375,2267.01806640625,2352.327880859375,6906765990,ETH
2024-01-02,2352.593505859375,2431.21240234375,2348.892333984375,2355.83642578125,12910543630,ETH
2024-01-03,2355.9814453125,2385.11767578125,2113.92529296875,2210.761962890625,19332933581,ETH
2024-01-04,2210.529052734375,2294.608154296875,2204.86572265625,2269.0380859375,11044564896,ETH
2024-01-05,2269.409423828125,2276.7646484375,2209.537109375,2268.647216796875,10860953290,ETH
2024-01-06,2269.5400390625,2271.359375,2219.781982421875,2241.624755859375,5970741680,ETH
2024-01-07,2242.0126953125,2257.1279296875,2211.5625,2222.865966796875,6490053615,ETH
2024-01-08,2222.857666015625,2358.815673828125,2171.99365234375,2333.03271484375,13830287095,ETH
2024-01-09,2332.8681640625,2369.6416015625,2243.21923828125,2344.8271484375,14891130716,ETH
2024-01-10,2344.923583984375,2626.976806640625,2341.943115234375,2582.103515625,29042100476,ETH
2024-01-11,2584.171630859375,2687.779052734375,2567.99365234375,2619.619140625,22575246883,ETH
2024-01-12,2619.177001953125,2710.421875,2460.925537109375,2524.460205078125,23623839263,ETH
2024-01-13,2522.933837890625,2589.079833984375,2498.594482421875,2576.597900390625,12250316867,ETH
2024-01-14,2578.003662109375,2578.332275390625,2470.42431640625,2472.2412109375,9405587417,ETH
2024-01-15,2471.6669921875,2550.76904296875,2470.82080078125,2511.36376953125,9700630000,ETH
2024-01-16,2510.627197265625,2613.56689453125,2500.00390625,2587.691162109375,11063317095,ETH
2024-01-17,2587.044677734375,2592.737060546875,2508.432861328125,2528.369384765625,10441017520,ETH
2024-01-18,2528.59326171875,2546.263916015625,2426.135498046875,2467.018798828125,11900028080,ETH
2024-01-19,2468.68896484375,2501.30517578125,2414.7109375,2489.49853515625,11405278376,ETH
2024-01-20,2489.84765625,2489.84765625,2456.095703125,2469.589111328125,5297826161,ETH
2024-01-21,2469.798583984375,2479.760498046875,2452.377685546875,2453.9130859375,4578471955,ETH
2024-01-22,2454.9873046875,2463.447265625,2303.502685546875,2310.826416015625,13923771728,ETH
2024-01-23,2310.95166015625,2348.03125,2167.282470703125,2240.68603515625,16182147521,ETH
2024-01-24,2241.749755859375,2261.384521484375,2197.65673828125,2233.561767578125,10134722960,ETH
2024-01-25,2233.969970703125,2240.380859375,2173.6865234375,2217.710205078125,9302247037,ETH
2024-01-26,2217.44189453125,2280.3837890625,2196.14013671875,2267.19970703125,9975117607,ETH
2024-01-27,2267.3193359375,2282.54443359375,2252.38525390625,2267.885986328125,5144367230,ETH
2024-01-28,2268.19287109375,2306.898681640625,2242.683837890625,2257.208740234375,7296214994,ETH
2024-01-29,2256.995361328125,2320.02734375,2237.711669921875,2317.064208984375,8948195551,ETH
2024-01-30,2317.435791015625,2388.87060546875,2298.281982421875,2344.49365234375,10173440062,ETH
2024-01-31,2343.558837890625,2349.611328125,2264.443603515625,2282.54443359375,10807883277,ETH
2024-02-01,2282.17529296875,2309.842529296875,2243.57177734375,2303.82470703125,8895583113,ETH
2024-02-02,2303.7060546875,2323.053466796875,2282.230224609375,2308.0380859375,7186143091,ETH
2024-02-03,2307.980224609375,2327.346923828125,2293.5380859375,2296.038330078125,4647754021,ETH
2024-02-04,2296.116943359375,2309.01123046875,2272.304931640625,2289.546142578125,5438100035,ETH
2024-02-05,2289.20556640625,2334.6767578125,2270.06787109375,2298.888916015625,7277068110,ETH
2024-02-06,2298.955078125,2389.826171875,2296.78857421875,2372.201904296875,9520885493,ETH
2024-02-07,2372.2626953125,2442.63623046875,2353.7060546875,2423.7451171875,9660628536,ETH
2024-02-08,2424.080078125,2459.556640625,2414.74951171875,2419.906494140625,9941841732,ETH
2024-02-09,2419.773681640625,2522.724609375,2419.36279296875,2487.515625,13634203177,ETH
2024-02-10,2487.650390625,2516.7197265625,2475.857666015625,2501.228271484375,6474444159,ETH
2024-02-11,2501.1298828125,2537.67919921875,2495.21435546875,2507.570556640625,7347245813,ETH
2024-02-12,2507.578857421875,2663.8427734375,2473.81201171875,2658.115966796875,13022696866,ETH
2024-02-13,2659.586181640625,2686.455078125,2599.16943359375,2642.185302734375,18271237044,ETH
2024-02-14,2641.685302734375,2786.8935546875,2621.025390625,2777.90234375,21448973822,ETH
2024-02-15,2777.601318359375,2865.845458984375,2764.010498046875,2824.37890625,23734481937,ETH
2024-02-16,2825.480712890625,2858.450439453125,2760.3310546875,2803.69140625,17057114638,ETH
2024-02-17,2803.73583984375,2805.128662109375,2724.386962890625,2786.672607421875,17932379943,ETH
2024-02-18,2786.709716796875,2892.843505859375,2767.9130859375,2878.998046875,23355830478,ETH
2024-02-19,2881.296875,2983.37060546875,2860.263671875,2943.57470703125,15163110589,ETH
2024-02-20,2944.1064453125,3031.5244140625,2879.9033203125,3013.503662109375,20341598470,ETH
2024-02-21,3015.6533203125,3017.1904296875,2875.41845703125,2970.35546875,18897136867,ETH
2024-02-22,2969.599853515625,3030.666015625,2907.109375,2971.00732421875,18058908246,ETH
2024-02-23,2970.1396484375,2991.32958984375,2906.583740234375,2921.658203125,12822717059,ETH
2024-02-24,2921.962890625,3003.195068359375,2907.70068359375,2992.385986328125,10701688842,ETH
2024-02-25,2992.36669921875,3117.428955078125,2984.39306640625,3112.697265625,14620450464,ETH
2024-02-26,3112.529052734375,3197.375,3037.95458984375,3178.99365234375,17504464351,ETH
2024-02-27,3178.405029296875,3287.9580078125,3167.83056640625,3244.519287109375,21090315368,ETH
2024-02-28,3243.893310546875,3485.450927734375,3201.575927734375,3385.703857421875,32885894265,ETH
2024-02-29,3386.802734375,3518.96923828125,3303.9052734375,3341.919677734375,28469171094,ETH
2024-03-01,3341.9658203125,3452.626220703125,3341.85107421875,3435.053955078125,16880101987,ETH
2024-03-02,3436.1591796875,3459.747314453125,3398.89892578125,3422.0498046875,12024340617,ETH
2024-03-03,3422.875244140625,3491.16845703125,3372.214111328125,3490.99365234375,13643324467,ETH
2024-03-04,3489.340087890625,3641.459228515625,3446.017578125,3630.433837890625,26772963830,ETH
2024-03-05,3631.928955078125,3828.15966796875,3224.119384765625,3554.964599609375,47706899137,ETH
2024-03-06,3554.06787109375,3901.434326171875,3502.802490234375,3819.226318359375,34938642613,ETH
2024-03-07,3818.31103515625,3939.593994140625,3738.685302734375,3874.34765625,22457177587,ETH
2024-03-08,3874.830810546875,3998.826416015625,3828.36328125,3892.06103515625,26135487051,ETH
2024-03-09,3892.119140625,3950.396484375,3880.658935546875,3915.4189453125,11926623780,ETH
2024-03-10,3915.590576171875,3968.7236328125,3800.564453125,3881.193115234375,15783924355,ETH
2024-03-11,3881.23779296875,4087.050048828125,3745.125244140625,4066.445068359375,28806262507,ETH
2024-03-12,4066.6904296875,4092.2841796875,3831.889892578125,3980.273193359375,26917010932,ETH
2024-03-13,3980.26513671875,4083.00732421875,3936.627197265625,4006.45703125,22028114691,ETH
2024-03-14,4005.7451171875,4011.102783203125,3721.78857421875,3883.140380859375,25434810823,ETH
2024-03-15,3882.85693359375,3928.775634765625,3571.774658203125,3735.22021484375,33505075433,ETH
2024-03-16,3736.10498046875,3780.89453125,3468.079345703125,3522.860107421875,20199855932,ETH
2024-03-17,3523.02978515625,3676.263427734375,3414.17236328125,3642.4130859375,19938757095,ETH
2024-03-18,3642.298828125,3642.4970703125,3456.09130859375,3517.985107421875,21162220224,ETH
2024-03-19,3518.34765625,3546.582275390625,3149.286865234375,3157.6181640625,34166976701,ETH
2024-03-20,3158.396728515625,3534.826416015625,3059.65478515625,3513.39306640625,36605316331,ETH
2024-03-21,3514.017578125,3586.905029296875,3412.22265625,3492.9912109375,22213647922,ETH
2024-03-22,3492.89794921875,3541.898193359375,3254.96923828125,3333.68798828125,20574952329,ETH
2024-03-23,3335.592529296875,3433.758056640625,3273.115478515625,3336.593994140625,13242137554,ETH
2024-03-24,3336.666015625,3470.344482421875,3301.27734375,3454.636474609375,12156660941,ETH
2024-03-25,3454.8857421875,3657.118896484375,3421.79052734375,3590.8837890625,18603921705,ETH
2024-03-26,3591.085205078125,3678.789794921875,3545.4287109375,3587.5048828125,18505553577,ETH
2024-03-27,3587.313720703125,3664.383056640625,3460.3935546875,3500.115234375,18753082145,ETH
2024-03-28,3500.216064453125,3609.705322265625,3465.332275390625,3561.2939453125,16419674157,ETH
2024-03-29,3561.01171875,3583.701416015625,3475.7255859375,3511.80615234375,12712701619,ETH
2024-03-30,3511.82763671875,3566.08447265625,3489.902099609375,3507.9443359375,9389066783,ETH
2024-03-31,3507.95166015625,3655.218994140625,3507.24267578125,3647.8564453125,10499881424,ETH
2024-04-01,3647.819580078125,3648.129150390625,3418.6953125,3505.030029296875,16002098681,ETH
2024-04-02,3504.818359375,3506.962890625,3215.985107421875,3277.234619140625,22076539151,ETH
2024-04-03,3277.32421875,3368.111572265625,3205.649169921875,3311.44189453125,16010734587,ETH
2024-04-04,3311.495361328125,3443.20751953125,3253.3193359375,3330.04052734375,14476330517,ETH
2024-04-05,3330.005859375,3345.66650390625,3214.244140625,3318.88525390625,15214447092,ETH
2024-04-06,3318.86474609375,3397.592529296875,3308.9833984375,3354.183837890625,8956926798,ETH
2024-04-07,3354.2138671875,3458.50830078125,3346.11474609375,3453.49462890625,9931108526,ETH
2024-04-08,3453.498779296875,3727.616455078125,3409.51171875,3695.292724609375,19055143129,ETH
2024-04-09,3695.341796875,3724.92236328125,3455.107666015625,3505.163330078125,18279773833,ETH
2024-04-10,3505.156005859375,3561.516357421875,3415.180419921875,3543.737060546875,16872482726,ETH
2024-04-11,3543.4521484375,3616.1943359375,3477.171142578125,3505.247802734375,14076734489,ETH
2024-04-12,3505.329833984375,3552.589111328125,3103.43017578125,3243.034912109375,22104869556,ETH
2024-04-13,3242.94091796875,3299.663818359375,2862.3935546875,3004.900390625,29930408174,ETH
2024-04-14,3005.547607421875,3174.66650390625,2914.4228515625,3156.94189453125,25486284994,ETH
2024-04-15,3156.830078125,3277.5615234375,3026.538818359375,3101.600341796875,21925843181,ETH
2024-04-16,3101.140625,3127.160888671875,2997.754638671875,3084.920166015625,19441391169,ETH
2024-04-17,3084.923583984375,3123.669677734375,2918.5537109375,2984.7275390625,17711869375,ETH
2024-04-18,2984.705322265625,3094.842041015625,2956.12744140625,3066.027587890625,15183777035,ETH
2024-04-19,3065.953125,3127.114990234375,2868.7958984375,3059.278564453125,20399982867,ETH
2024-04-20,3059.47802734375,3170.6728515625,3021.784912109375,3157.627197265625,9918642130,ETH
2024-04-21,3157.571044921875,3197.50634765625,3119.552001953125,3147.28857421875,9394387894,ETH
2024-04-22,3147.66357421875,3236.6591796875,3131.367431640625,3201.652099609375,12063858733,ETH
2024-04-23,3201.588623046875,3264.41943359375,3154.58984375,3219.91162109375,11054442653,ETH
2024-04-24,3219.95703125,3292.921630859375,3105.982177734375,3139.80517578125,14000234760,ETH
2024-04-25,3139.624267578125,3190.976318359375,3074.8046875,3156.509521484375,13989030260,ETH
2024-04-26,3156.384033203125,3166.188720703125,3103.10400390625,3130.164794921875,10622333862,ETH
2024-04-27,3129.72705078125,3279.451171875,3071.340087890625,3252.168212890625,11820785577,ETH
2024-04-28,3252.24560546875,3351.176513671875,3249.149169921875,3262.774658203125,11379192678,ETH
2024-04-29,3262.3408203125,3285.46875,3116.199951171875,3215.428955078125,15032246816,ETH
2024-04-30,3215.381103515625,3249.37841796875,2918.228759765625,3012.286865234375,18266894653,ETH
2024-05-01,3011.015625,3020.17333984375,2815.92333984375,2969.78466796875,20005057445,ETH
2024-05-02,2969.79443359375,3015.05029296875,2894.329833984375,2988.16845703125,13163903903,ETH
2024-05-03,2988.134521484375,3127.1552734375,2960.18212890625,3103.5419921875,12862183229,ETH
2024-05-04,3103.61962890625,3167.541259765625,3096.267578125,3117.576416015625,8283229638,ETH
2024-05-05,3117.636962890625,3170.05517578125,3075.586181640625,3137.2490234375,8783447639,ETH
2024-05-06,3137.51025390625,3220.15234375,3048.238525390625,3062.728759765625,13008587255,ETH
2024-05-07,3062.7509765625,3129.081298828125,3003.013671875,3006.5771484375,11743187337,ETH
2024-05-08,3006.315673828125,3037.196044921875,2938.47265625,2973.6572265625,11791662158,ETH
2024-05-09,2973.9716796875,3057.958251953125,2951.223876953125,3036.0205078125,10861947179,ETH
2024-05-10,3036.231201171875,3052.7294921875,2881.000732421875,2909.791259765625,12278653601,ETH
2024-05-11,2909.845458984375,2942.1787109375,2888.083251953125,2911.60205078125,6795916454,ETH
2024-05-12,2911.658203125,2953.04736328125,2902.201904296875,2928.701904296875,5908941395,ETH
2024-05-13,2928.81396484375,2994.869140625,2865.134521484375,2949.359619140625,13352264795,ETH
2024-05-14,2949.213134765625,2959.546630859375,2863.5458984375,2881.157958984375,12444516140,ETH
2024-05-15,2881.224609375,3041.602294921875,2864.7353515625,3037.056640625,14666902956,ETH
2024-05-16,3036.01416015625,3041.80712890625,2925.08740234375,2945.131103515625,13035465176,ETH
2024-05-17,2945.136962890625,3120.3017578125,2934.112548828125,3094.11865234375,14449438097,ETH
2024-05-18,3094.553466796875,3146.79052734375,3087.704345703125,3122.948974609375,9407051320,ETH
2024-05-19,3122.82470703125,3137.1484375,3056.75439453125,3071.843017578125,8747800800,ETH
2024-05-20,3071.85888671875,3690.805908203125,3050.2978515625,3663.85546875,31228143948,ETH
2024-05-21,3663.01123046875,3837.372802734375,3628.096435546875,3789.312744140625,37643853967,ETH
2024-05-22,3789.372802734375,3810.948486328125,3655.0751953125,3737.2177734375,25155809461,ETH
2024-05-23,3737.178466796875,3943.553955078125,3552.642578125,3776.92724609375,45623656317,ETH
2024-05-24,3776.992431640625,3825.12255859375,3631.990234375,3726.9345703125,22257061429,ETH
2024-05-25,3726.9755859375,3776.006591796875,3710.5283203125,3749.236572265625,10000027764,ETH
2024-05-26,3749.179931640625,3879.470703125,3732.02294921875,3825.8974609375,14650794791,ETH
2024-05-27,3826.127197265625,3973.556396484375,3821.930419921875,3892.0068359375,18949181813,ETH
2024-05-28,3892.096923828125,3924.895751953125,3771.2138671875,3840.25634765625,19846044324,ETH
2024-05-29,3840.235107421875,3880.6484375,3742.041259765625,3763.196533203125,17411416736,ETH
2024-05-30,3763.357666015625,3823.643310546875,3702.263671875,3746.849609375,15065849797,ETH
2024-05-31,3746.861572265625,3843.857666015625,3723.835205078125,3760.026611328125,15290700646,ETH
2024-06-01,3759.88427734375,3829.294677734375,3749.840087890625,3813.198974609375,8661024535,ETH
2024-06-02,3813.275634765625,3834.911865234375,3752.41455078125,3780.89599609375,11126903059,ETH
2024-06-03,3780.854248046875,3848.60302734375,3758.919921875,3766.38916015625,14082454300,ETH
2024-06-04,3766.476318359375,3831.364990234375,3738.13427734375,3812.515869140625,13331489271,ETH
2024-06-05,3812.560791015625,3887.48583984375,3778.65576171875,3864.260986328125,15480034434,ETH
2024-06-06,3864.263427734375,3878.05224609375,3761.775390625,3811.60595703125,13606583873,ETH
2024-06-07,3811.666015625,3838.4521484375,3615.2802734375,3678.629150390625,18220286186,ETH
2024-06-08,3677.400390625,3707.497314453125,3669.637939453125,3680.949951171875,9096091805,ETH
2024-06-09,3680.93603515625,3719.36767578125,3668.12353515625,3705.90380859375,7910768788,ETH
2024-06-10,3705.877197265625,3711.4287109375,3648.16455078125,3666.717529296875,10377300126,ETH
2024-06-11,3666.35888671875,3669.890869140625,3434.7490234375,3498.33056640625,19184721538,ETH
2024-06-12,3497.89697265625,3652.4921875,3463.784912109375,3559.61767578125,17142905351,ETH
2024-06-13,3559.725341796875,3559.725341796875,3431.33349609375,3469.28125,14472382154,ETH
2024-06-14,3467.969970703125,3528.602294921875,3366.223876953125,3480.27197265625,15793876596,ETH
2024-06-15,3479.78564453125,3589.887451171875,3473.45263671875,3565.549560546875,12733651076,ETH
2024-06-16,3566.761962890625,3648.093017578125,3541.534423828125,3620.5634765625,9878388158,ETH
2024-06-17,3622.383544921875,3634.285400390625,3468.14892578125,3511.37890625,17838856988,ETH
2024-06-18,3510.565185546875,3514.17724609375,3371.59033203125,3483.681396484375,21022514455,ETH
2024-06-19,3482.350830078125,3583.320068359375,3466.48095703125,3559.347412109375,15275373778,ETH
2024-06-20,3559.347412109375,3623.886474609375,3485.4599609375,3511.0869140625,16115123753,ETH
2024-06-21,3511.268310546875,3542.957275390625,3447.935546875,3516.07568359375,15933353456,ETH
2024-06-22,3516.55126953125,3519.49755859375,3477.169921875,3494.8134765625,7423703673,ETH
2024-06-23,3494.953857421875,3519.324951171875,3408.5830078125,3418.61181640625,9418141333,ETH
2024-06-24,3418.783203125,3430.698974609375,3244.241455078125,3350.25634765625,23137744903,ETH
2024-06-25,3350.5556640625,3422.21337890625,3335.556884765625,3395.029052734375,13235546063,ETH
2024-06-26,3394.373291015625,3421.509521484375,3328.390625,3369.477294921875,11694054195,ETH
2024-06-27,3368.88623046875,3470.923095703125,3362.2646484375,3444.800537109375,11771834016,ETH
2024-06-28,3445.498779296875,3482.95751953125,3363.4375,3373.635986328125,12861158844,ETH
2024-06-29,3373.68994140625,3401.730224609375,3369.552734375,3372.9677734375,6584792001,ETH
2024-06-30,3373.07568359375,3453.21142578125,3352.284423828125,3432.88916015625,8396416013,ETH
2024-07-01,3432.607421875,3513.310791015625,3425.3232421875,3440.341552734375,12281551839,ETH
2024-07-02,3439.38134765625,3459.761474609375,3399.026123046875,3416.354736328125,9421757718,ETH
2024-07-03,3416.2548828125,3426.332275390625,3254.521240234375,3292.916748046875,16121324440,ETH
2024-07-04,3291.81787109375,3309.20361328125,3054.52197265625,3054.52197265625,20252514386,ETH
2024-07-05,3057.833251953125,3106.152587890625,2826.014404296875,2981.5986328125,31131942647,ETH
2024-07-06,2981.988037109375,3080.107421875,2957.395751953125,3069.3779296875,11586293705,ETH
2024-07-07,3067.405029296875,3072.814453125,2923.959228515625,2929.38720703125,10857947538,ETH
2024-07-08,2929.861572265625,3090.66455078125,2826.481689453125,3018.73193359375,22627377457,ETH
2024-07-09,3018.80322265625,3105.800537109375,3005.522216796875,3064.032958984375,15269945822,ETH
2024-07-10,3066.13720703125,3148.407470703125,3026.6083984375,3102.21875,14578679176,ETH
2024-07-11,3101.335205078125,3208.9384765625,3057.21923828125,3100.330810546875,15230095766,ETH
2024-07-12,3099.989990234375,3154.6015625,3048.508056640625,3134.15869140625,12751638331,ETH
2024-07-13,3134.550537109375,3199.989501953125,3115.080322265625,3177.19873046875,8565105946,ETH
2024-07-14,3176.741455078125,3266.487548828125,3166.43115234375,3244.0791015625,10517709666,ETH
2024-07-15,3246.131591796875,3494.098388671875,3235.776123046875,3489.552734375,18305490390,ETH
2024-07-16,3486.14404296875,3498.218994140625,3351.77978515625,3443.513427734375,20446664416,ETH
2024-07-17,3446.73681640625,3516.104248046875,3379.099609375,3388.75244140625,16739123962,ETH
2024-07-18,3388.030029296875,3488.715576171875,3374.990478515625,3426.258544921875,15035622003,ETH
2024-07-19,3425.90869140625,3540.58837890625,3377.877685546875,3505.73486328125,17705629736,ETH
2024-07-20,3505.721435546875,3539.904296875,3482.489013671875,3519.29541015625,10360198325,ETH
2024-07-21,3519.426513671875,3546.619140625,3415.44384765625,3536.60546875,13845913681,ETH
2024-07-22,3536.627197265625,3560.075439453125,3425.795654296875,3440.419921875,18723199034,ETH
2024-07-23,3440.768310546875,3539.53173828125,3395.4208984375,3481.995849609375,24468405650,ETH
2024-07-24,3482.15185546875,3487.653076171875,3304.039306640625,3336.33935546875,16040945448,ETH
2024-07-25,3336.3623046875,3341.4384765625,3088.764404296875,3174.42724609375,25293745810,ETH
2024-07-26,3174.051025390625,3285.760986328125,3172.777099609375,3275.951416015625,15993893521,ETH
2024-07-27,3275.8916015625,3327.426513671875,3195.356689453125,3247.60791015625,15198233287,ETH
2024-07-28,3247.50732421875,3283.152099609375,3201.76318359375,3271.464599609375,8959236446,ETH
2024-07-29,3271.453369140625,3396.625732421875,3257.715576171875,3320.539306640625,18334852719,ETH
2024-07-30,3320.63525390625,3365.322509765625,3235.760009765625,3278.667724609375,14045773047,ETH
2024-07-31,3278.6865234375,3347.636474609375,3216.07177734375,3231.295654296875,16135380637,ETH
2024-08-01,3231.248779296875,3241.77734375,3078.5439453125,3201.564453125,20217639556,ETH
2024-08-02,3201.599365234375,3214.527099609375,2965.73388671875,2986.01318359375,21400241741,ETH
2024-08-03,2985.950927734375,3015.296142578125,2861.177490234375,2903.3857421875,17844091431,ETH
2024-08-04,2903.088623046875,2931.4716796875,2639.566650390625,2686.39892578125,21139601426,ETH
2024-08-05,2686.027587890625,2695.88671875,2122.546142578125,2417.206298828125,67668132244,ETH
2024-08-06,2417.269775390625,2553.5810546875,2416.527099609375,2458.723876953125,26041995921,ETH
2024-08-07,2458.989013671875,2551.560791015625,2312.168701171875,2336.58935546875,24264218606,ETH
2024-08-08,2336.9150390625,2721.95458984375,2322.529541015625,2683.352783203125,23468291180,ETH
2024-08-09,2683.719970703125,2706.451171875,2555.2294921875,2599.5986328125,17907141655,ETH
2024-08-10,2599.582275390625,2642.92578125,2580.661865234375,2610.02294921875,9361014219,ETH
2024-08-11,2609.9697265625,2718.797607421875,2544.1748046875,2553.252197265625,13595441987,ETH
2024-08-12,2553.49658203125,2749.135009765625,2513.39404296875,2724.431884765625,21653090666,ETH
2024-08-13,2724.303466796875,2737.990478515625,2613.80126953125,2703.671875,16383053029,ETH
2024-08-14,2703.5869140625,2775.281005859375,2636.705322265625,2662.914794921875,15825365408,ETH
2024-08-15,2662.885498046875,2675.314453125,2518.670654296875,2570.087646484375,16345801912,ETH
2024-08-16,2570.085205078125,2629.383544921875,2553.071533203125,2593.1865234375,13275561555,ETH
2024-08-17,2593.1669921875,2626.6728515625,2588.78515625,2614.546875,6676568717,ETH
2024-08-18,2614.109619140625,2684.031005859375,2596.735107421875,2613.357177734375,9207267415,ETH
2024-08-19,2612.718505859375,2648.284423828125,2566.401123046875,2637.306396484375,11968963282,ETH
2024-08-20,2637.306396484375,2695.913818359375,2556.74755859375,2573.10693359375,13249483464,ETH
2024-08-21,2573.10888671875,2662.953369140625,2538.65771484375,2631.3955078125,12766015263,ETH
2024-08-22,2630.8642578125,2644.82373046875,2587.110595703125,2622.951416015625,10723280428,ETH
2024-08-23,2622.916015625,2799.329833984375,2622.5810546875,2764.447021484375,16857181970,ETH
2024-08-24,2765.4814453125,2820.0205078125,2737.776611328125,2769.3896484375,11765811307,ETH
2024-08-25,2769.09814453125,2793.012939453125,2736.0888671875,2749.15771484375,9375535539,ETH
2024-08-26,2749.24755859375,2763.004150390625,2668.88671875,2681.340576171875,12282035835,ETH
2024-08-27,2681.622802734375,2700.15283203125,2401.175048828125,2458.7265625,18028996056,ETH
2024-08-28,2458.90478515625,2553.820068359375,2422.293701171875,2528.41552734375,20359545410,ETH
2024-08-29,2528.3623046875,2595.97705078125,2507.50244140625,2528.792724609375,13946434277,ETH
2024-08-30,2528.732177734375,2539.915283203125,2432.83447265625,2525.822021484375,15526218255,ETH
2024-08-31,2525.859130859375,2532.389892578125,2493.70556640625,2513.393798828125,6646876013,ETH
2024-09-01,2513.42431640625,2515.46728515625,2401.88916015625,2427.90234375,11800443265,ETH
2024-09-02,2427.973388671875,2563.0859375,2426.095947265625,2538.187255859375,12520444224,ETH
2024-09-03,2538.16064453125,2552.802734375,2419.875244140625,2420.603759765625,11406800197,ETH
2024-09-04,2420.1923828125,2488.91650390625,2313.26513671875,2448.97705078125,16709600747,ETH
2024-09-05,2448.98681640625,2465.38525390625,2348.86328125,2367.737548828125,13632325040,ETH
2024-09-06,2367.700927734375,2406.511962890625,2150.86328125,2223.87646484375,25825618367,ETH
2024-09-07,2223.92919921875,2310.19482421875,2222.100830078125,2274.107177734375,11124608320,ETH
2024-09-08,2274.437744140625,2332.359375,2243.911376953125,2297.29296875,10718443487,ETH
2024-09-09,2297.896240234375,2379.78662109375,2274.115478515625,2358.482177734375,15887712451,ETH
2024-09-10,2358.497802734375,2398.50390625,2323.07177734375,2389.5810546875,12795818970,ETH
2024-09-11,2389.603759765625,2389.71826171875,2279.0537109375,2339.841552734375,15355180967,ETH
2024-09-12,2339.8408203125,2390.186767578125,2316.15771484375,2361.78173828125,12162634681,ETH
2024-09-13,2361.740966796875,2462.802978515625,2338.14404296875,2441.607177734375,13759640866,ETH
2024-09-14,2441.580810546875,2442.632080078125,2386.979736328125,2418.595703125,8170291680,ETH
2024-09-15,2418.26611328125,2430.38330078125,2286.628173828125,2320.897216796875,10155470375,ETH
2024-09-16,2320.89453125,2334.789794921875,2253.715087890625,2295.28369140625,16819033263,ETH
2024-09-17,2295.284423828125,2392.149169921875,2263.79296875,2341.707763671875,15356783863,ETH
2024-09-18,2341.73291015625,2369.72900390625,2278.66455078125,2369.72900390625,18159056422,ETH
2024-09-19,2369.374755859375,2492.20458984375,2369.374755859375,2464.752197265625,18437147349,ETH
2024-09-20,2464.7822265625,2571.99267578125,2439.3779296875,2561.072021484375,19112788620,ETH
2024-09-21,2560.879638671875,2621.62255859375,2530.837890625,2615.857177734375,10797825021,ETH
2024-09-22,2615.84814453125,2632.039306640625,2528.522216796875,2582.862548828125,13180663011,ETH
2024-09-23,2582.77490234375,2701.677734375,2541.910400390625,2648.54638671875,19912841456,ETH
2024-09-24,2648.482177734375,2671.27587890625,2593.152099609375,2654.35498046875,16658812503,ETH
2024-09-25,2654.361572265625,2672.4619140625,2557.724365234375,2579.388671875,14119729962,ETH
2024-09-26,2579.217529296875,2665.99267578125,2559.954345703125,2632.199951171875,17336033595,ETH
2024-09-27,2632.241943359375,2728.067626953125,2616.950927734375,2695.900634765625,17023020294,ETH
2024-09-28,2695.81591796875,2704.9287109375,2652.25048828125,2677.5390625,10252590559,ETH
2024-09-29,2677.628662109375,2683.44580078125,2635.5849609375,2659.346923828125,11126215671,ETH
2024-09-30,2659.292724609375,2662.489013671875,2576.97607421875,2603.062744140625,17826446789,ETH
2024-10-01,2603.26416015625,2657.615478515625,2415.07861328125,2448.921142578125,25482371785,ETH
2024-10-02,2448.877197265625,2498.121337890625,2354.539306640625,2365.231689453125,20148256472,ETH
2024-10-03,2365.213623046875,2402.862548828125,2311.02783203125,2349.791259765625,18051447791,ETH
2024-10-04,2349.73291015625,2440.242431640625,2339.870849609375,2414.7939453125,14879264082,ETH
2024-10-05,2414.84716796875,2427.517578125,2390.844482421875,2415.6318359375,8152969183,ETH
2024-10-06,2415.53173828125,2456.630615234375,2407.099365234375,2439.957763671875,8458690205,ETH
2024-10-07,2439.94482421875,2520.40625,2405.13427734375,2421.796630859375,17414044416,ETH
2024-10-08,2421.98095703125,2464.12744140625,2400.5107421875,2439.8408203125,14067361080,ETH
2024-10-09,2439.840087890625,2470.9130859375,2350.946533203125,2368.283447265625,14954047093,ETH
2024-10-10,2368.273193359375,2417.2880859375,2329.78466796875,2383.85791015625,15327769940,ETH
2024-10-11,2383.940185546875,2470.395751953125,2380.504638671875,2436.513427734375,13489061564,ETH
2024-10-12,2436.515625,2488.23779296875,2434.202880859375,2476.523193359375,9372169184,ETH
2024-10-13,2476.520263671875,2484.12939453125,2436.9697265625,2467.677001953125,9189490605,ETH
2024-10-14,2467.6474609375,2652.8818359375,2443.552978515625,2628.89990234375,21434687898,ETH
2024-10-15,2629.017578125,2685.166748046875,2537.94091796875,2606.02197265625,22003780898,ETH
2024-10-16,2606.01953125,2644.854248046875,2589.60693359375,2611.10205078125,17012396419,ETH
2024-10-17,2611.192138671875,2646.8740234375,2577.305908203125,2604.2734375,15150712321,ETH
2024-10-18,2604.814453125,2674.371826171875,2595.958984375,2641.55224609375,17043738652,ETH
2024-10-19,2641.48828125,2661.872802734375,2631.656982421875,2648.656982421875,8557834553,ETH
2024-10-20,2648.665771484375,2756.436767578125,2635.94580078125,2746.364013671875,14559296242,ETH
2024-10-21,2746.3056640625,2765.549560546875,2655.29443359375,2665.712158203125,17328615363,ETH
2024-10-22,2665.65673828125,2669.7900390625,2605.61865234375,2620.197509765625,15541911074,ETH
2024-10-23,2620.088623046875,2624.450439453125,2457.169921875,2509.098876953125,17876984551,ETH
2024-10-24,2523.60693359375,2559.1513671875,2506.722900390625,2534.49853515625,16128627601,ETH
2024-10-25,2534.454833984375,2563.734130859375,2381.45068359375,2435.93408203125,22560233078,ETH
2024-10-26,2436.050048828125,2503.23046875,2427.46142578125,2479.603271484375,13597102184,ETH
2024-10-27,2479.93701171875,2523.17138671875,2462.27197265625,2505.940673828125,9801434566,ETH
2024-10-28,2505.590576171875,2587.43017578125,2470.268310546875,2565.34814453125,18971841402,ETH
2024-10-29,2565.41796875,2680.054443359375,2560.15380859375,2637.95751953125,22185845095,ETH
2024-10-30,2637.64013671875,2720.271484375,2600.609619140625,2657.37255859375,22382690746,ETH
2024-10-31,2657.213134765625,2667.5595703125,2501.572265625,2515.79931640625,19760409505,ETH
2024-11-01,2515.870361328125,2583.777099609375,2467.8193359375,2511.885498046875,20215438328,ETH
2024-11-02,2512.208251953125,2522.360595703125,2471.95556640625,2491.068603515625,9639457439,ETH
2024-11-03,2491.094482421875,2495.4365234375,2411.3984375,2456.42529296875,15667779706,ETH
2024-11-04,2456.09521484375,2488.350341796875,2359.578125,2397.0263671875,17110200696,ETH
2024-11-05,2397.036376953125,2478.618896484375,2380.601318359375,2422.650634765625,17894057485,ETH
2024-11-06,2422.539306640625,2743.964111328125,2421.81298828125,2724.169189453125,41887574364,ETH
2024-11-07,2724.005859375,2918.744384765625,2701.5908203125,2895.58544921875,35352318438,ETH
2024-11-08,2895.597900390625,2983.744873046875,2889.484375,2962.296630859375,32303261101,ETH
2024-11-09,2962.791015625,3156.3662109375,2957.182373046875,3131.14453125,29210133088,ETH
2024-11-10,3130.729248046875,3249.9140625,3073.248779296875,3191.331298828125,47418730187,ETH
2024-11-11,3191.656982421875,3389.529296875,3109.76953125,3374.81298828125,55417771668,ETH
2024-11-12,3375.15478515625,3444.154052734375,3211.198486328125,3246.25732421875,56686078066,ETH
2024-11-13,3244.543212890625,3337.877197265625,3121.666015625,3192.595947265625,52010205682,ETH
2024-11-14,3192.5205078125,3240.270751953125,3032.971923828125,3058.94873046875,35743352141,ETH
2024-11-15,3059.526123046875,3130.703857421875,3016.14404296875,3103.04052734375,32701369872,ETH
2024-11-16,3089.739990234375,3218.089599609375,3073.286376953125,3133.27392578125,26650658846,ETH
2024-11-17,3133.306640625,3160.152587890625,3039.246826171875,3075.66162109375,28348163224,ETH
2024-11-18,3075.722900390625,3225.130615234375,3052.4912109375,3207.8564453125,35445557613,ETH
2024-11-19,3208.25048828125,3222.00439453125,3070.36279296875,3111.384033203125,29823634432,ETH
2024-11-20,3111.116943359375,3159.949462890625,3032.603271484375,3072.18798828125,29785491216,ETH
2024-11-21,3072.05517578125,3388.54296875,3035.8466796875,3361.053955078125,51619069348,ETH
2024-11-22,3360.654296875,3428.46044921875,3262.808837890625,3331.600830078125,36775716442,ETH
2024-11-23,3331.6455078125,3499.370849609375,3317.65478515625,3396.223388671875,38835184688,ETH
2024-11-24,3396.99951171875,3451.80224609375,3288.430908203125,3363.659912109375,27901454185,ETH
2024-11-25,3364.6015625,3545.27880859375,3304.093994140625,3413.5439453125,51544793988,ETH
2024-11-26,3412.950927734375,3461.29296875,3255.54296875,3326.517333984375,39902959158,ETH
2024-11-27,3326.029052734375,3687.009033203125,3303.56787109375,3657.249267578125,43383987191,ETH
2024-11-28,3656.609619140625,3664.878173828125,3531.87060546875,3579.8115234375,32362724276,ETH
2024-11-29,3579.91064453125,3647.264404296875,3538.44677734375,3593.494384765625,27622629486,ETH
2024-11-30,3593.59814453125,3739.934814453125,3572.254150390625,3705.705322265625,30670867436,ETH
2024-12-01,3706.619873046875,3747.455322265625,3663.234130859375,3711.1650390625,28018113530,ETH
2024-12-02,3710.495361328125,3761.343017578125,3557.252197265625,3644.198486328125,47284967570,ETH
2024-12-03,3643.7421875,3670.2197265625,3504.226318359375,3620.711669921875,36839829742,ETH
2024-12-04,3620.03759765625,3895.17431640625,3617.74462890625,3841.3310546875,56799745752,ETH
2024-12-05,3840.844482421875,3956.54150390625,3683.4208984375,3811.00830078125,60568296606,ETH
2024-12-06,3792.20849609375,4093.172119140625,3782.681396484375,4005.810546875,52853668566,ETH
2024-12-07,4006.02880859375,4029.452880859375,3974.17626953125,4002.692626953125,22574636761,ETH
2024-12-08,4007.690673828125,4018.0,3927.85400390625,4005.70458984375,20943378971,ETH
2024-12-09,4006.101806640625,4008.77783203125,3525.23291015625,3718.6904296875,57029832059,ETH
2024-12-10,3719.00048828125,3780.75341796875,3520.365234375,3631.833740234375,58416417599,ETH
2024-12-11,3631.276123046875,3850.765380859375,3567.56640625,3832.822021484375,35968053196,ETH
2024-12-12,3833.172119140625,3987.005859375,3800.0908203125,3883.1015625,42971675764,ETH
2024-12-13,3883.030029296875,3967.395263671875,3855.023681640625,3911.205322265625,34895127659,ETH
2024-12-14,3910.847900390625,3943.278076171875,3826.761962890625,3868.4052734375,28756190559,ETH
2024-12-15,3868.441162109375,3971.498046875,3832.0966796875,3951.941162109375,25069616984,ETH
2024-12-16,3951.65283203125,4106.95556640625,3882.705322265625,3987.48095703125,46536359669,ETH
2024-12-17,3987.333984375,4040.337890625,3849.28662109375,3886.76611328125,35418700472,ETH
2024-12-18,3886.886962890625,3902.715576171875,3617.840576171875,3618.791259765625,48946681636,ETH
2024-12-19,3619.58203125,3717.662353515625,3330.87255859375,3417.927978515625,58879190250,ETH
2024-12-20,3417.93017578125,3496.327392578125,3098.20361328125,3472.553466796875,66383827229,ETH
2024-12-21,3472.589111328125,3552.921630859375,3293.505615234375,3337.222412109375,31579389836,ETH
2024-12-22,3336.998779296875,3398.657470703125,3219.294921875,3277.53515625,24780768375,ETH
2024-12-23,3277.51416015625,3461.52783203125,3217.36865234375,3415.785400390625,34496081389,ETH
2024-12-24,3415.738037109375,3535.857666015625,3355.609130859375,3492.0498046875,23083678195,ETH
2024-12-25,3491.95751953125,3542.833740234375,3440.09716796875,3493.2353515625,17651873225,ETH
2024-12-26,3493.30419921875,3512.6044921875,3302.306396484375,3331.225830078125,22247726776,ETH
2024-12-27,3331.0537109375,3436.710693359375,3302.57568359375,3328.9169921875,24091627403,ETH
2024-12-28,3328.774658203125,3419.920166015625,3318.033935546875,3397.90234375,14305648523,ETH
2024-12-29,3397.862548828125,3406.6484375,3321.664794921875,3349.513427734375,13440907792,ETH
2024-12-30,3349.5859375,3428.52734375,3298.804443359375,3356.392578125,26981583962,ETH
2020-04-10,0.8320050239562988,1.3134870529174805,0.6941869854927063,0.9510539770126343,87364276,SOL
2020-04-11,0.9510539770126343,1.0490729808807373,0.7650200128555298,0.7768189907073975,43862444,SOL
2020-04-12,0.7854480147361755,0.9566699862480164,0.7624260187149048,0.8825070261955261,38736897,SOL
2020-04-13,0.8907600045204163,0.8916029930114746,0.7739760279655457,0.7778319716453552,18211285,SOL
2020-04-14,0.7778319716453552,0.7964720129966736,0.6281690001487732,0.6619250178337097,16747614,SOL
2020-04-15,0.6692889928817749,0.7049639821052551,0.6215310096740723,0.646651029586792,13075275,SOL
2020-04-16,0.6308789849281311,0.7741919755935669,0.6251069903373718,0.6908159852027893,21346031,SOL
2020-04-17,0.6893119812011719,0.7196140289306641,0.6607279777526855,0.6607279777526855,9870810,SOL
2020-04-18,0.6607279777526855,0.7176179885864258,0.6594269871711731,0.6810960173606873,9782112,SOL
2020-04-19,0.6815159916877747,0.6846410036087036,0.5984870195388794,0.6069689989089966,9289670,SOL
2020-04-20,0.6129480004310608,0.6392539739608765,0.5205780267715454,0.538811981678009,8342616,SOL
2020-04-21,0.5413870215415955,0.6045860052108765,0.5085489749908447,0.5876590013504028,9711507,SOL
2020-04-22,0.5811660289764404,0.7069640159606934,0.5696210265159607,0.6916009783744812,18828400,SOL
2020-04-23,0.6853470206260681,0.6980770230293274,0.6003220081329346,0.6274570226669312,13485271,SOL
2020-04-24,0.6240209937095642,0.671019971370697,0.6139410138130188,0.6342419981956482,9064190,SOL
2020-04-25,0.6305279731750488,0.6709480285644531,0.6215469837188721,0.6433290243148804,7311905,SOL
2020-04-26,0.6532149910926819,0.6914989948272705,0.6311709880828857,0.6355059742927551,8320760,SOL
2020-04-27,0.6357139945030212,0.6602830290794373,0.561028003692627,0.5723720192909241,7406934,SOL
2020-04-28,0.5782529711723328,0.692147970199585,0.5684840083122253,0.6612930297851562,7470201,SOL
2020-04-29,0.6622859835624695,0.77777099609375,0.655273973941803,0.7458400130271912,8801144,SOL
2020-04-30,0.7471950054168701,0.800815999507904,0.6878809928894043,0.6910449862480164,5016892,SOL
2020-05-01,0.6910449862480164,0.7370709776878357,0.685903012752533,0.7287939786911011,4164272,SOL
2020-05-02,0.7272679805755615,0.7489809989929199,0.7079039812088013,0.7158759832382202,3441356,SOL
2020-05-03,0.7147960066795349,0.7298009991645813,0.6566159725189209,0.6795349717140198,3328344,SOL
2020-05-04,0.6796249747276306,0.7058119773864746,0.6184340119361877,0.6674910187721252,3443698,SOL
2020-05-05,0.6734399795532227,0.686214029788971,0.6264989972114563,0.6418370008468628,2847469,SOL
2020-05-06,0.6424540281295776,0.673891007900238,0.6225839853286743,0.6225839853286743,2677563,SOL
2020-05-07,0.6225839853286743,0.6322680115699768,0.5733759999275208,0.6129779815673828,3355830,SOL
2020-05-08,0.6129779815673828,0.6366180181503296,0.589851975440979,0.6049219965934753,2488195,SOL
2020-05-09,0.6040419936180115,0.6254289746284485,0.5884479880332947,0.6045269966125488,2128503,SOL
2020-05-10,0.6044610142707825,0.6123030185699463,0.5130810141563416,0.5370339751243591,2327581,SOL
2020-05-11,0.5362550020217896,0.5718600153923035,0.5051940083503723,0.5152729749679565,2098481,SOL
2020-05-12,0.5133910179138184,0.5597590208053589,0.5052509903907776,0.5385760068893433,2198625,SOL
2020-05-13,0.5383719801902771,0.564873993396759,0.5180379748344421,0.5505319833755493,2326446,SOL
2020-05-14,0.5505319833755493,0.5809460282325745,0.5501099824905396,0.5691180229187012,2047897,SOL
2020-05-15,0.5691930055618286,0.5746200084686279,0.5470929741859436,0.5597519874572754,1850070,SOL
2020-05-16,0.5589810013771057,0.6065340042114258,0.5543609857559204,0.599120020866394,2300409,SOL
2020-05-17,0.5952280163764954,0.6401960253715515,0.5891749858856201,0.6129890084266663,2936428,SOL
2020-05-18,0.6126819849014282,0.6743929982185364,0.6096490025520325,0.6526700258255005,3314359,SOL
2020-05-19,0.6509739756584167,0.65447998046875,0.6112480163574219,0.6244540214538574,2380263,SOL
2020-05-20,0.6224750280380249,0.6266559958457947,0.5752829909324646,0.5791559815406799,2302926,SOL
2020-05-21,0.579692006111145,0.6137890219688416,0.5433459877967834,0.6089149713516235,2863017,SOL
2020-05-22,0.6052389740943909,0.6764320135116577,0.582830011844635,0.6388750076293945,3411419,SOL
2020-05-23,0.6374149918556213,0.6388490200042725,0.5882470011711121,0.6130310297012329,2638524,SOL
2020-05-24,0.6132889986038208,0.6132889986038208,0.5484319925308228,0.5490530133247375,2786816,SOL
2020-05-25,0.5485699772834778,0.6501380205154419,0.5380640029907227,0.6008570194244385,4509580,SOL
2020-05-26,0.5991039872169495,0.6123530268669128,0.5664629936218262,0.5733069777488708,2689697,SOL
2020-05-27,0.5733069777488708,0.6110870242118835,0.5714430212974548,0.5909850001335144,2536916,SOL
2020-05-28,0.5908839702606201,0.5923979878425598,0.5669479966163635,0.5751550197601318,2662788,SOL
2020-05-29,0.5746989846229553,0.59340500831604,0.5668579936027527,0.5794150233268738,2066857,SOL
2020-05-30,0.5813549757003784,0.6024889945983887,0.5670499801635742,0.5879330039024353,2449095,SOL
2020-05-31,0.5879030227661133,0.5939970016479492,0.5692449808120728,0.5700219869613647,1892967,SOL
2020-06-01,0.5734720230102539,0.5878390073776245,0.5673480033874512,0.5774949789047241,2159877,SOL
2020-06-02,0.5771420001983643,0.5897250175476074,0.5522940158843994,0.5646690130233765,1295757,SOL
2020-06-03,0.5646690130233765,0.5910249948501587,0.5644609928131104,0.5866209864616394,877446,SOL
2020-06-04,0.5868669748306274,0.5916399955749512,0.5645179748535156,0.5872989892959595,901641,SOL
2020-06-05,0.5872989892959595,0.6982790231704712,0.5779250264167786,0.6611549854278564,4322092,SOL
2020-06-06,0.6610710024833679,0.6616190075874329,0.6117810010910034,0.6224430203437805,1604055,SOL
2020-06-07,0.6224430203437805,0.6244440078735352,0.5933979749679565,0.6165779829025269,716785,SOL
2020-06-08,0.6150779724121094,0.679000973701477,0.6133099794387817,0.6683130264282227,1440234,SOL
2020-06-09,0.6677839756011963,0.6680880188941956,0.6272420287132263,0.6580020189285278,988327,SOL
2020-06-10,0.6580380201339722,0.6700429916381836,0.633404016494751,0.6448670029640198,1096203,SOL
2020-06-11,0.6448879837989807,0.650534987449646,0.5700820088386536,0.5737419724464417,1122221,SOL
2020-06-12,0.574059009552002,0.604653000831604,0.569920003414154,0.5938689708709717,940323,SOL
2020-06-13,0.5939480066299438,0.6114389896392822,0.5854849815368652,0.608942985534668,764757,SOL
2020-06-14,0.6109269857406616,0.618257999420166,0.5808990001678467,0.5870770215988159,873416,SOL
2020-06-15,0.5883730053901672,0.5918970108032227,0.5472869873046875,0.5706390142440796,942666,SOL
2020-06-16,0.5705789923667908,0.5898280143737793,0.5686889886856079,0.5855759978294373,652020,SOL
2020-06-17,0.5854970216751099,0.590129017829895,0.5651170015335083,0.5815619826316833,673274,SOL
2020-06-18,0.5815820097923279,0.6503090262413025,0.5792850255966187,0.6209560036659241,1349341,SOL
2020-06-19,0.6224070191383362,0.8363980054855347,0.6203839778900146,0.684332013130188,6577471,SOL
2020-06-20,0.6825230121612549,0.6885830163955688,0.6256260275840759,0.6435909867286682,1714405,SOL
2020-06-21,0.6461349725723267,0.7485420107841492,0.6368799805641174,0.6731489896774292,2238347,SOL
2020-06-22,0.6725770235061646,0.7431129813194275,0.6458770036697388,0.7268480062484741,1620388,SOL
2020-06-23,0.7267730236053467,0.7606329917907715,0.7007120251655579,0.7082970142364502,1327340,SOL
2020-06-24,0.7085300087928772,0.8006920218467712,0.6935009956359863,0.7369940280914307,2769054,SOL
2020-06-25,0.7371000051498413,0.7567049860954285,0.6992400288581848,0.7131940126419067,1751581,SOL
2020-06-26,0.7125309705734253,0.7519919872283936,0.6815320253372192,0.7411440014839172,1664662,SOL
2020-06-27,0.7395970225334167,0.7522109746932983,0.6758379936218262,0.7135480046272278,1681428,SOL
2020-06-28,0.7135480046272278,0.8439769744873047,0.6870949864387512,0.7984949946403503,3412582,SOL
2020-06-29,0.7984949946403503,0.8853390216827393,0.7700089812278748,0.8524540066719055,2147791,SOL
2020-06-30,0.8530219793319702,1.0291759967803955,0.8501039743423462,0.8600940108299255,3887548,SOL
2020-07-01,0.8633639812469482,0.9017149806022644,0.8209270238876343,0.8326420187950134,1772560,SOL
2020-07-02,0.8321160078048706,0.8371269702911377,0.7536680102348328,0.7802190184593201,1749581,SOL
2020-07-03,0.7820360064506531,0.7860350012779236,0.7551130056381226,0.7680929899215698,1144958,SOL
2020-07-04,0.7679409980773926,0.8231549859046936,0.761451005935669,0.7803720235824585,1644301,SOL
2020-07-05,0.7801010012626648,0.7855470180511475,0.6426349878311157,0.6916639804840088,3799016,SOL
2020-07-06,0.6916639804840088,0.721045970916748,0.6865800023078918,0.7079079747200012,1120773,SOL
2020-07-07,0.7078580260276794,0.7808930277824402,0.7019219994544983,0.7530480027198792,1700041,SOL
2020-07-08,0.7530480027198792,0.8275229930877686,0.7434110045433044,0.7967129945755005,2220223,SOL
2020-07-09,0.7940179705619812,0.8823580145835876,0.759905993938446,0.8534529805183411,2668724,SOL
2020-07-10,0.8533040285110474,0.9396290183067322,0.8428500294685364,0.9135599732398987,1856095,SOL
2020-07-11,0.9135599732398987,0.926347017288208,0.8590949773788452,0.9246240258216858,1788814,SOL
2020-07-12,0.9238560199737549,1.130977988243103,0.9141169786453247,1.0167160034179688,4693371,SOL
2020-07-13,1.0167160034179688,1.2876629829406738,1.0088839530944824,1.175734043121338,4062069,SOL
2020-07-14,1.172476053237915,1.2460060119628906,1.1191660165786743,1.148074984550476,2213135,SOL
2020-07-15,1.147523045539856,1.3968349695205688,1.1414580345153809,1.289597988128662,3355229,SOL
2020-07-16,1.28403902053833,1.3749669790267944,0.8550440073013306,0.8724409937858582,7486568,SOL
2020-07-17,0.870760977268219,1.0468419790267944,0.8018839955329895,0.9778370261192322,8973774,SOL
2020-07-18,0.9775149822235107,1.000715970993042,0.9317259788513184,0.9665830135345459,2923007,SOL
2020-07-19,0.9680039882659912,0.9703540205955505,0.8995149731636047,0.9203490018844604,2206671,SOL
2020-07-20,0.9205150008201599,0.9215840101242065,0.8518779873847961,0.8730890154838562,3036871,SOL
2020-07-21,0.8729280233383179,1.008254051208496,0.8603159785270691,0.9771659970283508,4299502,SOL
2020-07-22,0.9771980047225952,1.1047040224075317,0.9724850058555603,1.0440870523452759,5295002,SOL
2020-07-23,1.0461549758911133,1.1012179851531982,0.9973940253257751,1.0498440265655518,2970423,SOL
2020-07-24,1.0498440265655518,1.053954005241394,0.9747800230979919,0.9953460097312927,1991763,SOL
2020-07-25,0.9954400062561035,1.4327399730682373,0.9953969717025757,1.252223014831543,9978279,SOL
2020-07-26,1.2447279691696167,1.6246479749679565,1.2382830381393433,1.5651099681854248,10463130,SOL
2020-07-27,1.5650980472564697,2.0427401065826416,1.5610870122909546,1.7786359786987305,32838355,SOL
2020-07-28,1.7841110229492188,1.858672022819519,1.6117689609527588,1.7840670347213745,9692632,SOL
2020-07-29,1.785662055015564,2.0956220626831055,1.5931659936904907,1.6582889556884766,10348945,SOL
2020-07-30,1.6582889556884766,1.7964489459991455,1.6357120275497437,1.6868070363998413,5222980,SOL
2020-07-31,1.6868070363998413,1.6884880065917969,1.5104049444198608,1.5381779670715332,4822046,SOL
2020-08-01,1.5327589511871338,1.6622289419174194,1.4988720417022705,1.526610016822815,4589882,SOL
2020-08-02,1.5299099683761597,1.7468229532241821,1.411972999572754,1.7428100109100342,7216576,SOL
2020-08-03,1.7322900295257568,1.8300340175628662,1.6687259674072266,1.802610993385315,5836036,SOL
2020-08-04,1.8000119924545288,1.949874997138977,1.794983983039856,1.8716390132904053,5495665,SOL
2020-08-05,1.870736002922058,1.8881219625473022,1.709509015083313,1.7545499801635742,5405764,SOL
2020-08-06,1.7545499801635742,2.2280030250549316,1.7467830181121826,2.206347942352295,11143557,SOL
2020-08-07,2.2031660079956055,2.2031660079956055,1.8855719566345215,2.0859029293060303,8068102,SOL
2020-08-08,2.0838890075683594,2.5695900917053223,2.0265378952026367,2.4736249446868896,10919229,SOL
2020-08-09,2.4715559482574463,2.7068231105804443,2.3025009632110596,2.6652278900146484,12107837,SOL
2020-08-10,2.6652278900146484,3.3979289531707764,2.525897979736328,3.1317930221557617,22863251,SOL
2020-08-11,3.131042003631592,3.48653507232666,2.753633975982666,3.3034191131591797,36356155,SOL
2020-08-12,3.307957887649536,3.916167974472046,3.1039791107177734,3.7697510719299316,28461707,SOL
2020-08-13,3.770703077316284,4.155814170837402,3.528520107269287,3.7559709548950195,28236179,SOL
2020-08-14,3.7601680755615234,3.789997100830078,3.3326539993286133,3.4093880653381348,18427950,SOL
2020-08-15,3.412554979324341,3.719944953918457,3.1654651165008545,3.1837949752807617,13155762,SOL
2020-08-16,3.185405969619751,3.4706881046295166,3.138688087463379,3.385653018951416,10395313,SOL
2020-08-17,3.385653018951416,3.3859989643096924,3.087985038757324,3.0986080169677734,10723919,SOL
2020-08-18,3.104469060897827,3.7099111080169678,2.894413948059082,3.3299760818481445,30350145,SOL
2020-08-19,3.3286960124969482,3.483863115310669,2.8381080627441406,2.899040937423706,14838389,SOL
2020-08-20,2.899040937423706,3.4318430423736572,2.896235942840576,3.2082669734954834,13756478,SOL
2020-08-21,3.2097179889678955,3.223289966583252,2.913770914077759,2.9436678886413574,11796736,SOL
2020-08-22,2.945307970046997,3.1948649883270264,2.757327079772949,3.020885944366455,10296805,SOL
2020-08-23,3.0208630561828613,3.4034149646759033,3.0188379287719727,3.3224310874938965,11991402,SOL
2020-08-24,3.3122220039367676,3.607538938522339,3.224431037902832,3.3449859619140625,15785208,SOL
2020-08-25,3.3496639728546143,3.3582470417022705,3.027719020843506,3.264849901199341,13444308,SOL
2020-08-26,3.2660410404205322,3.7953240871429443,3.1943109035491943,3.5583748817443848,22147431,SOL
2020-08-27,3.5578439235687256,3.854706048965454,3.2922139167785645,3.4450600147247314,21031356,SOL
2020-08-28,3.4524950981140137,4.309593200683594,3.4472808837890625,4.011393070220947,27212888,SOL
2020-08-29,4.01421594619751,4.105240821838379,3.78711199760437,3.968808889389038,14585964,SOL
2020-08-30,3.970010995864868,4.705005168914795,3.9191319942474365,4.4358229637146,22220239,SOL
2020-08-31,4.4216790199279785,4.872941017150879,4.109681129455566,4.782045841217041,20950150,SOL
2020-09-01,4.781050205230713,4.94473123550415,4.344515800476074,4.344515800476074,16944927,SOL
2020-09-02,4.3526930809021,4.355938911437988,3.7051639556884766,4.1644721031188965,23655802,SOL
2020-09-03,4.168772220611572,4.440814018249512,3.5273399353027344,3.5273399353027344,26473634,SOL
2020-09-04,3.523390054702759,3.834104061126709,3.1988940238952637,3.5457940101623535,17729340,SOL
2020-09-05,3.5509839057922363,3.6602439880371094,2.1916749477386475,2.5979158878326416,25062205,SOL
2020-09-06,2.6003170013427734,3.1756370067596436,2.288191080093384,3.086042881011963,20375890,SOL
2020-09-07,3.0860838890075684,3.1895599365234375,2.391493082046509,2.928528070449829,17135013,SOL
2020-09-08,2.927628993988037,2.9397358894348145,2.3986411094665527,2.4689769744873047,10163725,SOL
2020-09-09,2.4711780548095703,3.751715898513794,2.389806032180786,3.636378049850464,52354542,SOL
2020-09-10,3.636378049850464,3.851309061050415,3.3208088874816895,3.469836950302124,31177875,SOL
2020-09-11,3.4673349857330322,3.5010130405426025,3.040170907974243,3.4274280071258545,17090627,SOL
2020-09-12,3.4191019535064697,3.4670519828796387,3.1507270336151123,3.332659959793091,10368518,SOL
2020-09-13,3.336380958557129,3.4667820930480957,3.005402088165283,3.2258388996124268,15316353,SOL
2020-09-14,3.2315258979797363,3.5249340534210205,3.0941739082336426,3.2691330909729004,21301450,SOL
2020-09-15,3.2691330909729004,3.3200669288635254,2.9184730052948,2.9391210079193115,11992538,SOL
2020-09-16,2.9393069744110107,2.9393069744110107,2.453839063644409,2.5453989505767822,24199804,SOL
2020-09-17,2.5453989505767822,2.9341020584106445,2.3700339794158936,2.891874074935913,23792220,SOL
2020-09-18,2.891874074935913,3.1593170166015625,2.741676092147827,3.1079399585723877,23510207,SOL
2020-09-19,3.1117470264434814,3.253420114517212,2.9717040061950684,3.028891086578369,10763973,SOL
2020-09-20,3.0310280323028564,3.032876968383789,2.7201380729675293,2.8709030151367188,9217295,SOL
2020-09-21,2.8709030151367188,3.026940107345581,2.5004189014434814,2.7825090885162354,19492894,SOL
2020-09-22,2.7736880779266357,2.9943699836730957,2.66860294342041,2.9155189990997314,18556523,SOL
2020-09-23,2.9303550720214844,3.065337896347046,2.746303081512451,2.836756944656372,16096650,SOL
2020-09-24,2.838120937347412,3.25156307220459,2.795646905899048,3.1327149868011475,18993326,SOL
2020-09-25,3.1455440521240234,3.265165090560913,2.9117720127105713,3.1886119842529297,15935143,SOL
2020-09-26,3.1880300045013428,3.2039060592651367,3.041266918182373,3.1347029209136963,11018475,SOL
2020-09-27,3.133837938308716,3.17349910736084,3.0105509757995605,3.152946949005127,9734368,SOL
2020-09-28,3.152704954147339,3.204190969467163,2.9359540939331055,2.9566779136657715,10950201,SOL
2020-09-29,2.9583609104156494,3.0100948810577393,2.901789903640747,2.9464330673217773,8821253,SOL
2020-09-30,2.9490740299224854,2.9793479442596436,2.835669994354248,2.897876024246216,7767702,SOL
2020-10-01,2.8981618881225586,2.9858338832855225,2.657397985458374,2.861027956008911,10825966,SOL
2020-10-02,2.864197015762329,2.8766350746154785,2.4577910900115967,2.6260828971862793,15856539,SOL
2020-10-03,2.6273350715637207,2.669495105743408,2.5473029613494873,2.5473029613494873,6155891,SOL
2020-10-04,2.5430119037628174,2.588036060333252,2.428889036178589,2.5159950256347656,7075729,SOL
2020-10-05,2.519134998321533,2.662623882293701,2.467319965362549,2.657644033432007,8105684,SOL
2020-10-06,2.6552000045776367,2.6552000045776367,2.1476919651031494,2.1762499809265137,9739071,SOL
2020-10-07,2.175808906555176,2.391937017440796,2.0957601070404053,2.2917959690093994,11759752,SOL
2020-10-08,2.2999820709228516,2.430609941482544,2.0285260677337646,2.365220069885254,14931922,SOL
2020-10-09,2.3677420616149902,2.62526798248291,2.3170900344848633,2.5398590564727783,12002959,SOL
2020-10-10,2.536932945251465,2.59409499168396,2.403172016143799,2.406090021133423,8842884,SOL
2020-10-11,2.407366991043091,2.457566022872925,2.344921112060547,2.4265780448913574,7170647,SOL
2020-10-12,2.426115036010742,2.698638916015625,2.4158620834350586,2.5870718955993652,12289969,SOL
2020-10-13,2.5848910808563232,2.5848910808563232,2.3481709957122803,2.404910087585449,11415737,SOL
2020-10-14,2.408195972442627,2.4366140365600586,2.2462570667266846,2.3146350383758545,9436239,SOL
2020-10-15,2.3148000240325928,2.3357961177825928,2.203418016433716,2.2664361000061035,8332483,SOL
2020-10-16,2.265199899673462,2.2656710147857666,2.1279211044311523,2.149385929107666,13637728,SOL
2020-10-17,2.1456360816955566,2.23830509185791,2.13240909576416,2.201843023300171,6612612,SOL
2020-10-18,2.2027499675750732,2.2488460540771484,2.1783270835876465,2.2142670154571533,6294162,SOL
2020-10-19,2.213371992111206,2.2135119438171387,2.053210973739624,2.058079957962036,8248860,SOL
2020-10-20,2.0581018924713135,2.0978610515594482,1.8541539907455444,1.8886719942092896,13129043,SOL
2020-10-21,1.8886120319366455,2.0662059783935547,1.8612350225448608,1.8903779983520508,19275509,SOL
2020-10-22,1.8903720378875732,2.0824339389801025,1.8898169994354248,1.9556529521942139,11445663,SOL
2020-10-23,1.9570679664611816,1.9847710132598877,1.853309988975525,1.960034966468811,11497445,SOL
2020-10-24,1.960034966468811,1.961650013923645,1.8823440074920654,1.9118280410766602,7581827,SOL
2020-10-25,1.9118280410766602,1.922942042350769,1.7686439752578735,1.7874590158462524,9092334,SOL
2020-10-26,1.7874590158462524,1.8629900217056274,1.6293649673461914,1.6854660511016846,13396736,SOL
2020-10-27,1.6854660511016846,1.7454030513763428,1.605286955833435,1.7102320194244385,14384427,SOL
2020-10-28,1.7102320194244385,1.719027042388916,1.3945720195770264,1.4900530576705933,17089719,SOL
2020-10-29,1.4900530576705933,1.5668920278549194,1.4124259948730469,1.4289360046386719,8024138,SOL
2020-10-30,1.4289360046386719,1.4673190116882324,1.3422130346298218,1.4413360357284546,8528336,SOL
2020-10-31,1.4413360357284546,1.54932701587677,1.429893970489502,1.5406999588012695,6449388,SOL
2020-11-01,1.5406999588012695,1.6379029750823975,1.5135430097579956,1.5998400449752808,6877557,SOL
2020-11-02,1.5998400449752808,1.63018000125885,1.4676949977874756,1.474071979522705,6366346,SOL
2020-11-03,1.474071979522705,1.4805010557174683,1.4121860265731812,1.4122339487075806,6536977,SOL
2020-11-04,1.4122339487075806,1.4128979444503784,1.2818679809570312,1.3922549486160278,11406316,SOL
2020-11-05,1.3922549486160278,1.4861700534820557,1.3038250207901,1.4052180051803589,8924132,SOL
2020-11-06,1.4052180051803589,1.9407069683074951,1.4000109434127808,1.9137400388717651,22547497,SOL
2020-11-07,1.9137400388717651,2.4813690185546875,1.8448309898376465,2.031964063644409,51426100,SOL
2020-11-08,2.031964063644409,2.2647790908813477,1.9744019508361816,2.1565980911254883,25931043,SOL
2020-11-09,2.1565980911254883,2.1893129348754883,1.958752989768982,2.0286519527435303,18210626,SOL
2020-11-10,2.0286519527435303,2.307987928390503,2.0123209953308105,2.2479870319366455,16170833,SOL
2020-11-11,2.2479870319366455,2.2841410636901855,1.9741649627685547,2.0021250247955322,13877949,SOL
2020-11-12,2.0021250247955322,2.050297975540161,1.8317279815673828,1.8991379737854004,11506048,SOL
2020-11-13,1.8991379737854004,2.0611159801483154,1.8991379737854004,2.020792007446289,11621744,SOL
2020-11-14,2.020792007446289,2.0334908962249756,1.8752789497375488,1.9170160293579102,8134593,SOL
2020-11-15,1.9170160293579102,2.209059000015259,1.9168479442596436,2.04323410987854,18621333,SOL
2020-11-16,2.04323410987854,2.36021089553833,1.9948530197143555,2.255354881286621,22156135,SOL
2020-11-17,2.2810800075531006,2.318186044692993,2.1325900554656982,2.202181100845337,17074175,SOL
2020-11-18,2.202181100845337,2.2059218883514404,2.012692928314209,2.1150290966033936,14629648,SOL
2020-11-19,2.1150290966033936,2.1750218868255615,2.0181660652160645,2.0767691135406494,10155987,SOL
2020-11-20,2.0767691135406494,2.230391025543213,2.056972026824951,2.0953919887542725,11113990,SOL
2020-11-21,2.0953919887542725,2.4988279342651367,2.0485239028930664,2.382205009460449,20288343,SOL
2020-11-22,2.382205009460449,2.4038209915161133,2.0539379119873047,2.1448450088500977,16416065,SOL
2020-11-23,2.1448450088500977,2.3515989780426025,2.1203150749206543,2.276376962661743,15487339,SOL
2020-11-24,2.2772409915924072,2.466383934020996,2.1437950134277344,2.2679669857025146,25036626,SOL
2020-11-25,2.2694849967956543,2.4775869846343994,2.182776927947998,2.270034074783325,24870951,SOL
2020-11-26,2.2665340900421143,2.2917020320892334,1.7414929866790771,1.9030369520187378,33038223,SOL
2020-11-27,1.9033349752426147,1.9706530570983887,1.7803629636764526,1.8579490184783936,13307808,SOL
2020-11-28,1.8598250150680542,1.939715027809143,1.8107099533081055,1.8889349699020386,11661883,SOL
2020-11-29,1.8879129886627197,1.9438849687576294,1.8572269678115845,1.915155053138733,6139511,SOL
2020-11-30,1.9151420593261719,2.0135910511016846,1.911929965019226,1.9668910503387451,8716571,SOL
2020-12-01,1.9683209657669067,2.130341053009033,1.932263970375061,1.976307988166809,12847022,SOL
2020-12-02,1.9772659540176392,2.187437057495117,1.9566999673843384,2.115401029586792,15849828,SOL
2020-12-03,2.117116928100586,2.2213099002838135,2.0850300788879395,2.1003708839416504,18106122,SOL
2020-12-04,2.098602056503296,2.1120710372924805,1.847344994544983,1.8559529781341553,9019864,SOL
2020-12-05,1.8559679985046387,1.9807219505310059,1.8254940509796143,1.9787739515304565,7750781,SOL
2020-12-06,1.9786579608917236,1.9838980436325073,1.8158539533615112,1.8542490005493164,7167230,SOL
2020-12-07,1.8534510135650635,1.8956880569458008,1.8094849586486816,1.8311729431152344,6425070,SOL
2020-12-08,1.8312220573425293,1.8315809965133667,1.6451059579849243,1.6653519868850708,11304051,SOL
2020-12-09,1.6646219491958618,1.6742769479751587,1.5036760568618774,1.6623040437698364,10461119,SOL
2020-12-10,1.6624139547348022,1.6651350259780884,1.545240044593811,1.5741510391235352,6167983,SOL
2020-12-11,1.5723659992218018,1.5767090320587158,1.4406019449234009,1.4445849657058716,8273918,SOL
2020-12-12,1.4415899515151978,1.5374289751052856,1.4407060146331787,1.4909119606018066,7085231,SOL
2020-12-13,1.4907150268554688,1.642915964126587,1.458117961883545,1.5654560327529907,8389349,SOL
2020-12-14,1.5679680109024048,1.6228690147399902,1.5236979722976685,1.5916459560394287,8672052,SOL
2020-12-15,1.5910300016403198,1.7994129657745361,1.5892629623413086,1.7606710195541382,19470080,SOL
2020-12-16,1.76009202003479,1.7875839471817017,1.610018014907837,1.7835979461669922,18277631,SOL
2020-12-17,1.783892035484314,1.8031200170516968,1.6552170515060425,1.6786340475082397,15461477,SOL
2020-12-18,1.6790239810943604,1.706326961517334,1.6369869709014893,1.698799967765808,7879397,SOL
2020-12-19,1.699267029762268,1.7642539739608765,1.6642630100250244,1.6686509847640991,9095045,SOL
2020-12-20,1.670714020729065,1.6844300031661987,1.5277140140533447,1.5635759830474854,9093229,SOL
2020-12-21,1.5637749433517456,1.61832594871521,1.4951510429382324,1.5419150590896606,8333991,SOL
2020-12-22,1.5396089553833008,1.574079990386963,1.4744850397109985,1.4902859926223755,11066565,SOL
2020-12-23,1.4902199506759644,1.5105849504470825,1.0901609659194946,1.2056920528411865,16776307,SOL
2020-12-24,1.207705020904541,1.3836679458618164,1.1730070114135742,1.3624080419540405,9236939,SOL
2020-12-25,1.3614959716796875,1.4529240131378174,1.3472360372543335,1.445402979850769,9359549,SOL
2020-12-26,1.4460140466690063,1.4475170373916626,1.313423991203308,1.3242379426956177,6798656,SOL
2020-12-27,1.3250739574432373,1.4087450504302979,1.2682499885559082,1.3030420541763306,12286531,SOL
2020-12-28,1.3039929866790771,1.5170379877090454,1.294348955154419,1.515684962272644,12668150,SOL
2020-12-29,1.515462040901184,1.7275819778442383,1.4397200345993042,1.6743450164794922,26355259,SOL
2020-12-30,1.669693946838379,1.6807910203933716,1.5298329591751099,1.5354570150375366,12663616,SOL
2020-12-31,1.535606026649475,1.5506099462509155,1.4302630424499512,1.5108979940414429,12763260,SOL
2021-01-01,1.5097750425338745,1.8596559762954712,1.5020380020141602,1.8420840501785278,25722549,SOL
2021-01-02,1.8455859422683716,1.9892950057983398,1.7214820384979248,1.7992750406265259,31671064,SOL
2021-01-03,1.7999019622802734,2.364980936050415,1.7999019622802734,2.1617519855499268,55073422,SOL
2021-01-04,2.16241192817688,2.4850969314575195,1.8763420581817627,2.4850969314575195,59955405,SOL
2021-01-05,2.4909820556640625,2.5026159286499023,2.077742099761963,2.157217025756836,50555207,SOL
2021-01-06,2.159626007080078,2.185892105102539,1.9075850248336792,1.929216980934143,50263975,SOL
2021-01-07,1.9365860223770142,2.611830949783325,1.9330430030822754,2.3727450370788574,159870278,SOL
2021-01-08,2.3687400817871094,3.779320001602173,2.180928945541382,3.2198870182037354,206412154,SOL
2021-01-09,3.223541021347046,3.662787914276123,2.938307046890259,3.3853819370269775,91906875,SOL
2021-01-10,3.390026092529297,3.733551025390625,3.196234941482544,3.466110944747925,62766977,SOL
2021-01-11,3.4610650539398193,3.51357102394104,2.5971240997314453,3.1080899238586426,82877500,SOL
2021-01-12,3.1036880016326904,3.8444159030914307,3.0800349712371826,3.6133980751037598,73484689,SOL
2021-01-13,3.628382921218872,3.6288249492645264,3.27492094039917,3.513782024383545,57994893,SOL
2021-01-14,3.516036033630371,3.5428659915924072,3.181973934173584,3.2781639099121094,59283112,SOL
2021-01-15,3.2803990840911865,3.4359219074249268,2.9851911067962646,3.2501609325408936,45331739,SOL
2021-01-16,3.248934030532837,3.7032320499420166,3.248934030532837,3.4470551013946533,68035606,SOL
2021-01-17,3.4348700046539307,3.965372085571289,3.3197460174560547,3.81813907623291,85407766,SOL
2021-01-18,3.8221309185028076,4.14792013168335,3.6557610034942627,3.7955150604248047,70601713,SOL
2021-01-19,3.7920429706573486,4.031448841094971,3.609023094177246,3.6418659687042236,44547768,SOL
2021-01-20,3.63557505607605,3.7370030879974365,3.3440840244293213,3.7235779762268066,46698656,SOL
2021-01-21,3.721669912338257,3.734325885772705,2.982696056365967,2.9905359745025635,43834765,SOL
2021-01-22,2.989919900894165,3.497145891189575,2.5409860610961914,3.346229076385498,63361382,SOL
2021-01-23,3.3410348892211914,3.597301959991455,3.3157620429992676,3.5041120052337646,27904470,SOL
2021-01-24,3.507110118865967,3.7930490970611572,3.4894940853118896,3.634411096572876,32747555,SOL
2021-01-25,3.6346449851989746,3.9743568897247314,3.4513099193573,3.6999809741973877,80055958,SOL
2021-01-26,3.6989591121673584,4.096916198730469,3.6826319694519043,4.04734992980957,78823456,SOL
2021-01-27,4.048630237579346,4.048630237579346,3.531601905822754,3.690587043762207,35195110,SOL
2021-01-28,3.6863698959350586,3.943490982055664,3.6098809242248535,3.8220720291137695,31410527,SOL
2021-01-29,3.8615810871124268,3.89260196685791,3.639385938644409,3.8346760272979736,44053151,SOL
2021-01-30,3.837682008743286,4.311975955963135,3.774104118347168,4.224276065826416,53378198,SOL
2021-01-31,4.237314224243164,4.787010192871094,4.170497894287109,4.264143943786621,78376267,SOL
2021-02-01,4.261250972747803,4.611601829528809,4.118255138397217,4.611601829528809,39361629,SOL
2021-02-02,4.613740921020508,5.403642177581787,4.480119228363037,5.267508029937744,98755962,SOL
2021-02-03,5.246592044830322,5.780780792236328,5.072738170623779,5.71599006652832,49386327,SOL
2021-02-04,5.731748104095459,6.53101110458374,5.603236198425293,6.426064968109131,108249482,SOL
2021-02-05,6.435369968414307,7.127117156982422,6.426446914672852,6.681719779968262,92892157,SOL
2021-02-06,6.687301158905029,6.799130916595459,5.713828086853027,6.110806941986084,102365494,SOL
2021-02-07,6.117644786834717,6.871513843536377,5.76859188079834,6.700462818145752,105451103,SOL
2021-02-08,6.702446937561035,8.055932998657227,6.488927841186523,7.8832502365112305,155254261,SOL
2021-02-09,7.869794845581055,8.46778392791748,7.570215225219727,7.816792964935303,121037873,SOL
2021-02-10,7.818552017211914,9.072604179382324,7.613846778869629,9.072214126586914,120679902,SOL
2021-02-11,9.08035659790039,9.707003593444824,8.761316299438477,9.215352058410645,53600048,SOL
2021-02-12,9.214790344238281,9.92445182800293,9.079011917114258,9.2470121383667,91484664,SOL
2021-02-13,9.23603343963623,9.499038696289062,8.683009147644043,8.732455253601074,91417968,SOL
2021-02-14,8.742988586425781,9.22029972076416,8.559715270996094,8.738896369934082,93500423,SOL
2021-02-15,8.724266052246094,9.310638427734375,7.840470790863037,8.861739158630371,109854635,SOL
2021-02-16,8.860748291015625,8.980367660522461,7.983557224273682,8.297866821289062,71625205,SOL
2021-02-17,8.298688888549805,8.433298110961914,7.544398784637451,8.222577095031738,89948578,SOL
2021-02-18,8.232871055603027,9.2791748046875,8.232871055603027,8.980451583862305,77306770,SOL
2021-02-19,8.97996997833252,11.680577278137207,8.556981086730957,11.465653419494629,261175711,SOL
2021-02-20,11.478087425231934,11.786737442016602,9.8158540725708,10.002663612365723,140264810,SOL
2021-02-21,9.987549781799316,11.640289306640625,9.887046813964844,11.0855131149292,137742366,SOL
2021-02-22,11.073036193847656,14.54564094543457,9.255904197692871,14.454785346984863,574136241,SOL
2021-02-23,14.421626091003418,15.74337100982666,11.599893569946289,15.2015380859375,485252846,SOL
2021-02-24,15.213842391967773,18.146621704101562,14.861799240112305,17.30270767211914,375439707,SOL
2021-02-25,17.230182647705078,17.695444107055664,13.795912742614746,13.816014289855957,364505276,SOL
2021-02-26,13.865891456604004,15.483704566955566,13.12014102935791,13.58794116973877,289687328,SOL
2021-02-27,13.601573944091797,14.612065315246582,13.057272911071777,13.201168060302734,247640940,SOL
2021-02-28,13.20776653289795,13.77901554107666,11.489982604980469,13.08924674987793,300493226,SOL
2021-03-01,13.108434677124023,15.516057014465332,13.057385444641113,14.955588340759277,306451693,SOL
2021-03-02,14.96684455871582,15.224124908447266,13.460748672485352,13.958921432495117,178549852,SOL
2021-03-03,13.963540077209473,14.729358673095703,13.767048835754395,14.115591049194336,153830742,SOL
2021-03-04,14.094866752624512,14.260360717773438,12.771269798278809,13.097983360290527,116364466,SOL
2021-03-05,13.066306114196777,13.079861640930176,12.184608459472656,12.610443115234375,90978408,SOL
2021-03-06,12.569936752319336,13.27048110961914,11.901227951049805,13.036458015441895,118851546,SOL
2021-03-07,13.043927192687988,13.996903419494629,12.726385116577148,13.877732276916504,117548176,SOL
2021-03-08,13.826814651489258,13.87082576751709,13.08228874206543,13.602188110351562,115525659,SOL
2021-03-09,13.615290641784668,14.986444473266602,13.320186614990234,14.84631061553955,134867044,SOL
2021-03-10,14.850929260253906,15.18793773651123,14.07906436920166,14.231083869934082,103150901,SOL
2021-03-11,14.219837188720703,16.239398956298828,13.704225540161133,15.992279052734375,229272516,SOL
2021-03-12,16.020919799804688,16.485795974731445,14.111228942871094,14.552142143249512,185287457,SOL
2021-03-13,14.563802719116211,15.394397735595703,13.920056343078613,15.308802604675293,145102757,SOL
2021-03-14,15.301581382751465,15.349831581115723,14.378764152526855,14.50826644897461,90232804,SOL
2021-03-15,14.477127075195312,14.790472984313965,13.698057174682617,14.186661720275879,102600692,SOL
2021-03-16,14.163911819458008,14.282896041870117,13.229814529418945,13.622773170471191,112303590,SOL
2021-03-17,13.634963989257812,14.266797065734863,13.130529403686523,14.220203399658203,94696339,SOL
2021-03-18,14.210677146911621,14.745476722717285,13.82728385925293,14.230025291442871,79074263,SOL
2021-03-19,14.232649803161621,14.488219261169434,13.93245792388916,14.204795837402344,68715211,SOL
2021-03-20,14.195825576782227,14.978218078613281,14.152045249938965,14.211980819702148,68049683,SOL
2021-03-21,14.218328475952148,14.36572265625,13.668253898620605,14.332205772399902,64229338,SOL
2021-03-22,14.3502779006958,16.599872589111328,14.202885627746582,14.919293403625488,260995136,SOL
2021-03-23,14.84861946105957,15.243708610534668,14.097057342529297,14.20483112335205,106780662,SOL
2021-03-24,14.190396308898926,15.371431350708008,13.661297798156738,13.661297798156738,118813690,SOL
2021-03-25,13.650586128234863,13.705249786376953,12.614725112915039,13.02508544921875,116277943,SOL
2021-03-26,13.01952838897705,14.804293632507324,12.370457649230957,14.779420852661133,149987319,SOL
2021-03-27,14.786246299743652,16.80416488647461,14.75804615020752,16.50832176208496,223872587,SOL
2021-03-28,16.47942352294922,19.386005401611328,16.345008850097656,18.016233444213867,426120062,SOL
2021-03-29,18.083303451538086,18.987842559814453,17.700363159179688,18.854808807373047,216748601,SOL
2021-03-30,18.891403198242188,20.869474411010742,18.891403198242188,19.233924865722656,264028427,SOL
2021-03-31,19.1016845703125,19.795801162719727,18.1562557220459,19.465229034423828,206011018,SOL
2021-04-01,19.415681838989258,20.361539840698242,18.84424591064453,19.084901809692383,173731886,SOL
2021-04-02,19.084630966186523,19.824573516845703,18.568418502807617,19.810222625732422,131061660,SOL
2021-04-03,19.796451568603516,23.82718849182129,19.78944969177246,22.552276611328125,483057740,SOL
2021-04-04,22.52737045288086,25.56953239440918,22.212968826293945,24.061323165893555,426557980,SOL
2021-04-05,23.9288387298584,24.777637481689453,22.80645179748535,22.984283447265625,264085329,SOL
2021-04-06,22.977840423583984,25.346525192260742,21.87661361694336,24.95714569091797,320886935,SOL
2021-04-07,25.145559310913086,27.48761558532715,23.089359283447266,26.47808074951172,676846221,SOL
2021-04-08,26.51459312438965,27.97001075744629,25.72493553161621,27.033987045288086,377988327,SOL
2021-04-09,26.985803604125977,29.014734268188477,26.903825759887695,27.778274536132812,282477938,SOL
2021-04-10,27.64971160888672,28.257970809936523,25.963226318359375,26.84140396118164,270235258,SOL
2021-04-11,26.80805015563965,28.687227249145508,25.578319549560547,27.9318904876709,232938762,SOL
2021-04-12,27.918367385864258,29.862302780151367,26.842742919921875,28.512123107910156,308804546,SOL
2021-04-13,28.541011810302734,28.797941207885742,26.4176025390625,27.4355525970459,258183912,SOL
2021-04-14,27.400005340576172,27.48269271850586,24.792020797729492,26.47511100769043,342565805,SOL
2021-04-15,26.436843872070312,28.249399185180664,25.53941535949707,27.818313598632812,221346739,SOL
2021-04-16,27.820323944091797,28.226879119873047,24.972917556762695,25.39736557006836,240665351,SOL
2021-04-17,25.369205474853516,26.819766998291016,25.09987449645996,25.09987449645996,201720376,SOL
2021-04-18,25.135501861572266,32.90256881713867,21.539209365844727,32.30291748046875,1155150688,SOL
2021-04-19,32.33952331542969,36.080257415771484,29.925907135009766,31.67589569091797,1219130981,SOL
2021-04-20,31.476289749145508,32.69721984863281,28.932571411132812,31.77005386352539,793008154,SOL
2021-04-21,31.681537628173828,35.004302978515625,30.167491912841797,32.51304244995117,729130141,SOL
2021-04-22,32.68342971801758,40.97186279296875,31.600690841674805,38.8797607421875,1638622971,SOL
2021-04-23,38.8991813659668,41.463260650634766,31.664270401000977,36.97842025756836,1612232268,SOL
2021-04-24,37.25749588012695,43.532222747802734,34.683292388916016,40.7373161315918,1101380795,SOL
2021-04-25,40.8454704284668,48.43426513671875,40.51201629638672,47.36762619018555,1583800800,SOL
2021-04-26,47.54185485839844,48.31078338623047,43.371726989746094,43.97651672363281,1357487872,SOL
2021-04-27,43.89356994628906,46.54861068725586,42.55732727050781,43.2390022277832,904891996,SOL
2021-04-28,43.161441802978516,46.91656494140625,40.67207336425781,44.825984954833984,1021154320,SOL
2021-04-29,44.84994888305664,46.07149124145508,40.950984954833984,42.460540771484375,772259307,SOL
2021-04-30,42.50004577636719,44.2701530456543,41.24350357055664,42.95600128173828,534976437,SOL
2021-05-01,42.89333724975586,49.84457778930664,42.03086471557617,49.50802230834961,859524423,SOL
2021-05-02,49.50080490112305,49.896671295166016,45.9818229675293,46.890987396240234,571072187,SOL
2021-05-03,46.90397644042969,49.00945281982422,45.04447555541992,45.93368911743164,609194252,SOL
2021-05-04,45.983360290527344,47.75715637207031,42.31310272216797,42.729557037353516,682976428,SOL
2021-05-05,42.637237548828125,45.927791595458984,42.31573486328125,44.92357635498047,503781975,SOL
2021-05-06,44.97405242919922,44.97405242919922,42.591583251953125,43.4556770324707,391497018,SOL
2021-05-07,43.502655029296875,46.05956268310547,41.43837356567383,43.1550178527832,514344601,SOL
2021-05-08,43.15206527709961,46.6390266418457,42.29801940917969,45.56153106689453,451056655,SOL
2021-05-09,45.61763000488281,47.1212158203125,43.29694366455078,44.330196380615234,510603312,SOL
2021-05-10,44.34209442138672,45.87750244140625,39.5588493347168,42.90963363647461,499528076,SOL
2021-05-11,42.87227249145508,45.15120315551758,39.762969970703125,44.57746887207031,473731333,SOL
2021-05-12,44.59152603149414,48.979034423828125,42.45730972290039,42.45730972290039,1151668076,SOL
2021-05-13,43.235084533691406,45.41709899902344,37.526893615722656,40.99785232543945,1016860656,SOL
2021-05-14,41.03451919555664,44.79143524169922,39.986053466796875,42.717864990234375,504167711,SOL
2021-05-15,42.699947357177734,45.391788482666016,39.37460708618164,43.461307525634766,500445722,SOL
2021-05-16,43.40169143676758,52.50135040283203,41.915496826171875,47.200828552246094,1990976771,SOL
2021-05-17,46.89802169799805,51.87602996826172,43.30291748046875,46.86320495605469,1951921366,SOL
2021-05-18,46.66041946411133,58.30292510986328,46.187557220458984,55.91096115112305,2025388219,SOL
2021-05-19,56.089256286621094,57.52577209472656,29.429859161376953,35.107181549072266,2772224999,SOL
2021-05-20,35.04304504394531,51.25844955444336,32.31814193725586,44.74274826049805,2487748626,SOL
2021-05-21,44.4472541809082,47.645591735839844,33.83739471435547,38.81285095214844,1769762028,SOL
2021-05-22,38.988380432128906,40.009578704833984,31.25486183166504,31.315582275390625,1078751751,SOL
2021-05-23,31.225767135620117,32.4362678527832,19.13983917236328,24.68874740600586,1925832341,SOL
2021-05-24,24.498319625854492,32.094451904296875,24.498319625854492,31.283571243286133,1346786023,SOL
2021-05-25,31.396347045898438,33.130126953125,26.100074768066406,29.99707794189453,909470305,SOL
2021-05-26,30.047990798950195,37.23763656616211,29.008554458618164,35.539817810058594,1069991365,SOL
2021-05-27,35.48244857788086,35.52705001831055,31.12712860107422,33.584590911865234,649389058,SOL
2021-05-28,33.6755256652832,34.502506256103516,28.0671443939209,29.039276123046875,600255582,SOL
2021-05-29,29.003129959106445,30.0223388671875,25.750940322875977,27.376420974731445,376859866,SOL
2021-05-30,27.408315658569336,29.74925422668457,25.650293350219727,28.602659225463867,359661704,SOL
2021-05-31,28.60424041748047,32.98358917236328,27.52474594116211,32.816246032714844,534826504,SOL
2021-06-01,32.7708854675293,33.2899169921875,29.880172729492188,30.985260009765625,432053117,SOL
2021-06-02,30.935237884521484,35.03815460205078,30.432857513427734,33.95631790161133,497567418,SOL
2021-06-03,34.018714904785156,41.14537811279297,33.792232513427734,39.47090530395508,960056106,SOL
2021-06-04,39.581302642822266,39.60986328125,34.3109016418457,37.415069580078125,1056279506,SOL
2021-06-05,37.41737747192383,42.82267379760742,37.0991096496582,39.58539962768555,1112426664,SOL
2021-06-06,39.74912643432617,43.377193450927734,38.96399688720703,42.30837631225586,794387364,SOL
2021-06-07,42.25367736816406,44.10055923461914,38.09083938598633,38.262332916259766,923157614,SOL
2021-06-08,38.25127029418945,42.47829055786133,33.68545913696289,41.51781463623047,1786996802,SOL
2021-06-09,41.27979278564453,43.99756622314453,39.36863327026367,42.031776428222656,1218831041,SOL
2021-06-10,42.0240364074707,43.00490951538086,39.59678268432617,41.09867477416992,595246689,SOL
2021-06-11,41.11015319824219,41.31248474121094,35.31117248535156,36.046085357666016,518666603,SOL
2021-06-12,36.16435241699219,37.61422348022461,34.31815719604492,36.441688537597656,549070417,SOL
2021-06-13,36.51470947265625,39.3599739074707,34.782989501953125,38.77043533325195,452988674,SOL
2021-06-14,38.70452117919922,40.47652053833008,36.81413269042969,38.71305465698242,477871463,SOL
2021-06-15,40.53583908081055,41.75867462158203,39.435813903808594,41.153648376464844,605285143,SOL
2021-06-16,39.54534912109375,41.496307373046875,37.50349807739258,39.703617095947266,576016902,SOL
2021-06-17,39.68927001953125,41.237430572509766,38.28608322143555,39.264591217041016,417775600,SOL
2021-06-18,39.26678466796875,39.427127838134766,35.0040168762207,36.64879608154297,424163369,SOL
2021-06-19,36.81910705566406,37.35458755493164,34.981605529785156,35.35343551635742,264640750,SOL
2021-06-20,35.23702621459961,35.92838668823242,31.36209487915039,35.32201385498047,452587531,SOL
2021-06-21,35.261436462402344,35.497615814208984,25.949079513549805,26.657400131225586,760344541,SOL
2021-06-22,26.592830657958984,28.712968826293945,20.380443572998047,26.7718563079834,1258580061,SOL
2021-06-23,26.91294288635254,32.7729606628418,25.69648551940918,30.048887252807617,1111302687,SOL
2021-06-24,30.846078872680664,32.991310119628906,28.548385620117188,31.181034088134766,641150364,SOL
2021-06-25,31.16853141784668,32.90251541137695,28.035079956054688,28.698862075805664,632052177,SOL
2021-06-26,28.607898712158203,30.007036209106445,26.710813522338867,29.712854385375977,560342710,SOL
2021-06-27,29.752639770507812,31.929391860961914,29.271196365356445,31.929391860961914,497353288,SOL
2021-06-28,31.880830764770508,34.24322509765625,31.035127639770508,32.92778015136719,473612135,SOL
2021-06-29,33.00978469848633,35.788578033447266,32.7266845703125,33.86680221557617,471854279,SOL
2021-06-30,33.96297073364258,35.9547233581543,31.601350784301758,35.55640411376953,570984168,SOL
2021-07-01,35.505653381347656,35.53819274902344,32.38627243041992,33.40403366088867,474665321,SOL
2021-07-02,33.30630874633789,34.03178787231445,31.479923248291016,34.02048110961914,440298780,SOL
2021-07-03,34.01557540893555,35.40476989746094,33.2984733581543,34.478816986083984,327019964,SOL
2021-07-04,34.4951171875,35.50237274169922,33.55573654174805,34.31060028076172,303420520,SOL
2021-07-05,34.28255081176758,34.461822509765625,32.48269271850586,32.984588623046875,313839322,SOL
2021-07-06,32.93030548095703,34.97831726074219,32.93030548095703,34.26913833618164,365336040,SOL
2021-07-07,34.23280715942383,38.01170349121094,33.8420295715332,36.59136962890625,519252659,SOL
2021-07-08,36.71971893310547,36.915283203125,32.80227279663086,33.20372772216797,498201257,SOL
2021-07-09,33.13433074951172,34.38794708251953,31.99104881286621,33.2646484375,327170629,SOL
2021-07-10,33.31843948364258,34.14048767089844,31.186784744262695,31.788644790649414,296566657,SOL
2021-07-11,31.693038940429688,32.53633499145508,31.41175651550293,32.17784118652344,211679810,SOL
2021-07-12,32.17338943481445,32.6440544128418,30.074201583862305,30.848087310791016,221058993,SOL
2021-07-13,30.78640365600586,31.093704223632812,28.918607711791992,29.12118911743164,197825362,SOL
2021-07-14,29.14269256591797,31.435338973999023,27.515703201293945,31.2810001373291,331866434,SOL
2021-07-15,31.360700607299805,31.4834041595459,28.008403778076172,28.45210075378418,329918376,SOL
2021-07-16,28.5490665435791,29.442203521728516,26.228809356689453,26.37000846862793,374718328,SOL
2021-07-17,26.25412368774414,27.69698715209961,26.04067039489746,26.721668243408203,289689475,SOL
2021-07-18,26.784170150756836,27.733564376831055,26.360977172851562,26.751909255981445,230336396,SOL
2021-07-19,26.671239852905273,26.72174644470215,24.012245178222656,24.44757652282715,361915410,SOL
2021-07-20,24.51030158996582,24.975603103637695,22.177541732788086,23.48955535888672,413439963,SOL
2021-07-21,23.443456649780273,27.4164981842041,22.86536979675293,26.623079299926758,555770206,SOL
2021-07-22,26.66532325744629,28.135990142822266,25.95220947265625,27.70208168029785,364666998,SOL
2021-07-23,27.70650863647461,28.690610885620117,26.425710678100586,28.513879776000977,407955237,SOL
2021-07-24,28.517900466918945,29.50779914855957,28.06863784790039,28.702619552612305,353750758,SOL
2021-07-25,28.64940071105957,28.87297821044922,26.528553009033203,28.168773651123047,309208018,SOL
2021-07-26,28.227025985717773,31.05401611328125,27.903797149658203,28.306642532348633,743673802,SOL
2021-07-27,28.210498809814453,28.95267105102539,27.005430221557617,28.065326690673828,375599550,SOL
2021-07-28,28.145641326904297,28.7469539642334,27.41233253479004,27.815410614013672,315682626,SOL
2021-07-29,27.877975463867188,31.88614845275879,27.372438430786133,31.281137466430664,448009571,SOL
2021-07-30,31.275415420532227,33.05512619018555,30.067672729492188,32.393943786621094,617830199,SOL
2021-07-31,32.35328674316406,36.86825942993164,31.68321990966797,36.82731246948242,587168181,SOL
2021-08-01,36.67912673950195,36.719913482666016,33.28300476074219,34.25436019897461,490639931,SOL
2021-08-02,34.1905632019043,35.91239547729492,33.06065368652344,33.22241973876953,407399691,SOL
2021-08-03,33.19142532348633,35.833091735839844,32.40266036987305,33.99644088745117,474629269,SOL
2021-08-04,34.10835647583008,36.6524772644043,33.2731819152832,35.76362609863281,413657602,SOL
2021-08-05,35.771976470947266,38.208866119384766,35.53385543823242,37.35513687133789,595137193,SOL
2021-08-06,37.3553581237793,40.388084411621094,35.68829345703125,39.446102142333984,589190671,SOL
2021-08-07,39.49230194091797,40.50587844848633,37.62660217285156,39.403472900390625,534979916,SOL
2021-08-08,39.465904235839844,39.53329086303711,36.935577392578125,37.673824310302734,358570315,SOL
2021-08-09,37.66049575805664,40.00484085083008,36.481170654296875,38.767784118652344,377034585,SOL
2021-08-10,38.678810119628906,41.66090774536133,38.22317123413086,40.63979721069336,452480699,SOL
2021-08-11,40.64894104003906,43.739139556884766,40.628238677978516,41.74411392211914,507980107,SOL
2021-08-12,41.70451354980469,43.40190887451172,39.38155746459961,41.099361419677734,527833804,SOL
2021-08-13,41.1143684387207,44.9005241394043,40.72161865234375,44.894500732421875,541894525,SOL
2021-08-14,44.85142517089844,44.871238708496094,42.937660217285156,44.112850189208984,363834257,SOL
2021-08-15,44.14995574951172,54.62955093383789,43.450008392333984,53.74515914916992,1448656564,SOL
2021-08-16,53.5411491394043,68.82237243652344,52.465850830078125,62.432464599609375,3799339365,SOL
2021-08-17,62.11532974243164,74.8892593383789,58.9813346862793,64.21070861816406,4043742154,SOL
2021-08-18,64.16835021972656,80.11990356445312,60.26971435546875,72.5433120727539,4507409622,SOL
2021-08-19,72.83856201171875,75.09242248535156,68.6104965209961,72.75760650634766,2467398203,SOL
2021-08-20,72.7489013671875,79.99000549316406,70.93728637695312,78.72461700439453,1844455899,SOL
2021-08-21,78.69892883300781,81.81377410888672,72.69692993164062,73.75621032714844,1513097171,SOL
2021-08-22,73.86833953857422,77.48115539550781,71.55394744873047,72.80391693115234,968933849,SOL
2021-08-23,72.7694091796875,76.70532989501953,71.68074798583984,75.70803833007812,1372134245,SOL
2021-08-24,75.7801742553711,79.3709487915039,68.61978912353516,70.67090606689453,2153611667,SOL
2021-08-25,70.67996215820312,72.70286560058594,66.22276306152344,71.95156860351562,1551240766,SOL
2021-08-26,71.97343444824219,78.05520629882812,66.26455688476562,75.31620788574219,2713050538,SOL
2021-08-27,74.81178283691406,88.85427856445312,72.71512603759766,88.08698272705078,3263988286,SOL
2021-08-28,88.00001525878906,97.84294891357422,85.79064178466797,96.70317077636719,2580080503,SOL
2021-08-29,96.56397247314453,97.77787780761719,90.99362182617188,94.46967315673828,1830344091,SOL
2021-08-30,94.3448715209961,116.85022735595703,94.0377197265625,110.54480743408203,5274104165,SOL
2021-08-31,109.75614929199219,130.01461791992188,103.35130310058594,108.48377227783203,7590894022,SOL
2021-09-01,107.4444808959961,119.53011322021484,106.27082061767578,111.03300476074219,3974443896,SOL
2021-09-02,110.73123931884766,131.96188354492188,109.65261840820312,128.10238647460938,5074399603,SOL
2021-09-03,128.3890838623047,148.8341827392578,128.3890838623047,146.5830535888672,7526373837,SOL
2021-09-04,146.4184112548828,150.42855834960938,136.44955444335938,139.11306762695312,3970422964,SOL
2021-09-05,138.99014282226562,144.99786376953125,135.07997131347656,142.0708770751953,2996918105,SOL
2021-09-06,142.0628204345703,165.8787384033203,138.0382080078125,164.38092041015625,5774090688,SOL
2021-09-07,164.18368530273438,194.8197021484375,133.10025024414062,173.14892578125,17068643416,SOL
2021-09-08,173.278564453125,197.989013671875,147.99118041992188,191.04139709472656,13187213606,SOL
2021-09-09,209.47079467773438,214.95718383789062,181.4458770751953,188.19580078125,12676272744,SOL
2021-09-10,187.61280822753906,196.9451904296875,168.69082641601562,179.865234375,7087524572,SOL
2021-09-11,179.36622619628906,193.40560913085938,175.56541442871094,178.8678741455078,5367389010,SOL
2021-09-12,179.23016357421875,181.56825256347656,170.5845947265625,174.53762817382812,3012633094,SOL
2021-09-13,174.41845703125,174.93186950683594,150.9744110107422,169.26954650878906,6437530449,SOL
2021-09-14,169.77452087402344,171.30116271972656,143.55311584472656,158.09481811523438,5799758794,SOL
2021-09-15,158.41543579101562,166.17529296875,154.2395477294922,159.1173858642578,3908939772,SOL
2021-09-16,158.80728149414062,163.12283325195312,147.6532745361328,152.47406005859375,3215168472,SOL
2021-09-17,152.3514404296875,153.44493103027344,135.24522399902344,147.5930633544922,4675731485,SOL
2021-09-18,147.44876098632812,171.1427764892578,144.3922576904297,169.18421936035156,5415012910,SOL
2021-09-19,169.22633361816406,170.65211486816406,151.2509765625,152.51669311523438,3350530308,SOL
2021-09-20,152.7944793701172,153.38766479492188,131.2610321044922,132.13446044921875,5623667250,SOL
2021-09-21,132.76231384277344,144.46844482421875,116.34320068359375,123.95039367675781,5243953819,SOL
2021-09-22,124.17745208740234,150.94151306152344,122.34915924072266,147.92425537109375,4952222859,SOL
2021-09-23,148.05516052246094,152.364990234375,143.20126342773438,149.75357055664062,3389212044,SOL
2021-09-24,149.9354705810547,151.201904296875,128.8013153076172,139.39564514160156,3852350632,SOL
2021-09-25,139.2965545654297,144.0725555419922,134.10775756835938,136.17892456054688,2037106949,SOL
2021-09-26,136.21615600585938,140.7817840576172,125.11542510986328,135.69937133789062,2674182809,SOL
2021-09-27,135.93136596679688,148.49783325195312,133.98428344726562,136.72842407226562,2867246888,SOL
2021-09-28,136.5089111328125,139.2943572998047,128.2448272705078,131.53721618652344,2422542861,SOL
2021-09-29,132.33853149414062,140.03817749023438,131.2336883544922,135.35145568847656,2428105040,SOL
2021-09-30,135.41290283203125,142.85316467285156,134.31326293945312,141.0690460205078,2244376110,SOL
2021-10-01,141.38291931152344,164.737548828125,138.4369354248047,161.682373046875,4387488320,SOL
2021-10-02,161.59439086914062,174.90069580078125,156.3223419189453,169.093017578125,3471658582,SOL
2021-10-03,169.11370849609375,176.9703369140625,166.07000732421875,172.5891571044922,3149579954,SOL
2021-10-04,172.9616241455078,172.9616241455078,162.77333068847656,166.73191833496094,3109040100,SOL
2021-10-05,166.99496459960938,169.9793701171875,160.59315490722656,164.11582946777344,2541087419,SOL
2021-10-06,164.60519409179688,165.3619842529297,150.76837158203125,154.1077423095703,3259712887,SOL
2021-10-07,153.96115112304688,161.3629913330078,150.5420379638672,154.28118896484375,2579187256,SOL
2021-10-08,154.2565460205078,168.84637451171875,152.75576782226562,158.94920349121094,2781848650,SOL
2021-10-09,158.70469665527344,161.40731811523438,154.8697967529297,156.82583618164062,1522023824,SOL
2021-10-10,156.75192260742188,158.361572265625,146.8982391357422,148.0487060546875,1556965341,SOL
2021-10-11,147.80044555664062,153.921142578125,140.3639678955078,144.85813903808594,1851795187,SOL
2021-10-12,145.00765991210938,153.26397705078125,137.8115692138672,152.73712158203125,2853992440,SOL
2021-10-13,152.52392578125,155.34799194335938,144.40786743164062,148.17604064941406,2105226551,SOL
2021-10-14,148.01727294921875,155.32974243164062,147.3309326171875,149.75680541992188,1948101208,SOL
2021-10-15,150.04660034179688,165.12220764160156,146.98483276367188,162.59620666503906,3970589003,SOL
2021-10-16,163.0070343017578,164.71371459960938,156.73756408691406,157.538818359375,1531502795,SOL
2021-10-17,157.46356201171875,167.42599487304688,154.09034729003906,159.74380493164062,2168838138,SOL
2021-10-18,159.9974822998047,162.8562774658203,155.0302276611328,157.2312774658203,1698878759,SOL
2021-10-19,157.210205078125,159.40586853027344,153.22100830078125,156.01702880859375,1400902548,SOL
2021-10-20,155.88339233398438,176.440673828125,155.19984436035156,175.94686889648438,3315306825,SOL
2021-10-21,176.7655487060547,193.59915161132812,176.7655487060547,190.3184356689453,6865815461,SOL
2021-10-22,190.45489501953125,214.04444885253906,188.27362060546875,196.43153381347656,7486821306,SOL
2021-10-23,196.30047607421875,205.6698760986328,192.56275939941406,197.703857421875,3253670286,SOL
2021-10-24,197.97311401367188,204.71910095214844,185.5724334716797,202.3619842529297,3413057378,SOL
2021-10-25,202.3164825439453,218.7318878173828,198.2024383544922,210.1042938232422,4837376169,SOL
2021-10-26,209.53164672851562,213.9828643798828,197.4866485595703,199.8072509765625,3194205752,SOL
2021-10-27,199.87448120117188,205.4047393798828,178.73086547851562,183.77459716796875,4552692842,SOL
2021-10-28,184.5157012939453,201.0453643798828,182.217529296875,194.86398315429688,3463958628,SOL
2021-10-29,194.90643310546875,204.8966064453125,194.90643310546875,200.18275451660156,2468703579,SOL
2021-10-30,200.22572326660156,200.38623046875,187.8165740966797,195.4160614013672,1732207667,SOL
2021-10-31,195.77377319335938,205.1633758544922,186.06298828125,202.4210205078125,2577364486,SOL
2021-11-01,202.62921142578125,211.36083984375,198.2389678955078,203.5450897216797,3157612663,SOL
2021-11-02,203.51791381835938,222.2330322265625,201.18038940429688,220.23959350585938,3020087232,SOL
2021-11-03,221.07675170898438,246.321533203125,216.19619750976562,242.89881896972656,6024951132,SOL
2021-11-04,243.09780883789062,250.46633911132812,235.15087890625,247.3877716064453,4440296290,SOL
2021-11-05,247.27093505859375,248.3839111328125,231.1608123779297,236.47433471679688,2752870913,SOL
2021-11-06,236.4927520751953,260.0621032714844,235.2899627685547,258.934326171875,3869779683,SOL
2021-11-07,258.78155517578125,258.85009765625,246.12242126464844,249.823486328125,2624869522,SOL
2021-11-08,249.97926330566406,253.25418090820312,241.14013671875,248.46717834472656,3344410176,SOL
2021-11-09,248.35684204101562,253.17982482910156,237.89529418945312,239.213134765625,2819309492,SOL
2021-11-10,239.1337432861328,247.94703674316406,218.3885498046875,233.77952575683594,3873202098,SOL
2021-11-11,233.9139862060547,246.4471893310547,229.74851989746094,234.24075317382812,2693456862,SOL
2021-11-12,233.7212677001953,238.6956787109375,221.25294494628906,228.50209045410156,3022054714,SOL
2021-11-13,228.59625244140625,241.8250274658203,225.075927734375,241.8250274658203,2322796265,SOL
2021-11-14,241.8621063232422,242.04489135742188,230.6894073486328,238.42552185058594,1705211600,SOL
2021-11-15,238.7313995361328,245.97610473632812,235.09910583496094,237.55360412597656,2414551003,SOL
2021-11-16,238.4971466064453,238.4971466064453,215.4420928955078,219.23902893066406,3557977024,SOL
2021-11-17,219.29563903808594,222.02883911132812,210.02694702148438,218.71524047851562,2982505239,SOL
2021-11-18,218.87557983398438,222.87693786621094,187.67312622070312,195.48741149902344,3911214658,SOL
2021-11-19,195.0662841796875,219.3670654296875,189.7501678466797,215.28001403808594,3431624914,SOL
2021-11-20,215.4069061279297,221.44534301757812,206.28587341308594,218.01527404785156,2003638941,SOL
2021-11-21,217.78402709960938,235.2309112548828,210.8097381591797,231.28262329101562,2636480460,SOL
2021-11-22,230.98963928222656,231.90481567382812,212.03009033203125,215.73727416992188,3254258844,SOL
2021-11-23,215.84295654296875,226.06173706054688,211.31222534179688,221.83689880371094,2328763768,SOL
2021-11-24,221.86061096191406,222.4592742919922,200.5026092529297,214.92153930664062,2293934142,SOL
2021-11-25,205.88616943359375,216.4005126953125,202.3234100341797,206.25299072265625,2586718627,SOL
2021-11-26,210.04827880859375,210.50457763671875,184.32827758789062,191.51174926757812,3380122748,SOL
2021-11-27,192.2835693359375,199.364990234375,191.04054260253906,193.10215759277344,1443178833,SOL
2021-11-28,193.27560424804688,201.6287078857422,182.37245178222656,200.67665100097656,2033215941,SOL
2021-11-29,200.82127380371094,212.44580078125,199.9542999267578,204.31936645507812,2110532147,SOL
2021-11-30,204.23294067382812,218.33938598632812,200.08433532714844,208.67098999023438,2888387657,SOL
2021-12-01,208.39315795898438,232.38621520996094,208.1522674560547,229.7992401123047,3532771294,SOL
2021-12-02,229.85470581054688,243.11166381835938,220.38717651367188,233.9930419921875,4074103518,SOL
2021-12-03,233.60189819335938,239.12210083007812,207.32977294921875,211.22439575195312,4061060881,SOL
2021-12-04,212.1123809814453,212.8075408935547,171.55357360839844,201.1248321533203,5949505665,SOL
2021-12-05,200.78060913085938,204.6174774169922,182.01681518554688,196.1682586669922,3402591975,SOL
2021-12-06,196.5474853515625,197.66302490234375,176.8880615234375,194.19921875,3693853028,SOL
2021-12-07,194.27659606933594,204.11849975585938,188.2808074951172,190.59690856933594,2556849839,SOL
2021-12-08,190.5050048828125,196.37411499023438,184.13270568847656,194.6217041015625,2277446203,SOL
2021-12-09,194.48329162597656,196.6897430419922,178.79214477539062,181.17808532714844,1968182104,SOL
2021-12-10,181.46755981445312,184.68942260742188,167.954833984375,167.954833984375,2118266396,SOL
2021-12-11,167.9166259765625,173.8984832763672,161.86000061035156,171.94949340820312,1877844189,SOL
2021-12-12,171.9483184814453,176.6494140625,167.8612518310547,173.43167114257812,1196808540,SOL
2021-12-13,173.0999298095703,173.0999298095703,148.5718231201172,155.2130584716797,2547597256,SOL
2021-12-14,155.14166259765625,161.61827087402344,150.11798095703125,153.34144592285156,2604045117,SOL
2021-12-15,161.35890197753906,182.51316833496094,157.65321350097656,178.34078979492188,3783787658,SOL
2021-12-16,178.59153747558594,188.8787078857422,174.4509735107422,176.9546661376953,2766320569,SOL
2021-12-17,176.8949737548828,182.3936309814453,168.51873779296875,175.5032958984375,2711688386,SOL
2021-12-18,175.65635681152344,184.37518310546875,171.19656372070312,182.8351287841797,1690397976,SOL
2021-12-19,182.8509063720703,189.26254272460938,178.75502014160156,180.09805297851562,1678714066,SOL
2021-12-20,179.9777374267578,181.15325927734375,168.6835174560547,173.67178344726562,1982986558,SOL
2021-12-21,173.69439697265625,182.41751098632812,170.49063110351562,180.09254455566406,1821107818,SOL
2021-12-22,179.85833740234375,187.4734344482422,177.42733764648438,178.5971221923828,1889229699,SOL
2021-12-23,178.5027618408203,193.2760467529297,176.116455078125,190.03631591796875,2191634326,SOL
2021-12-24,190.1028594970703,197.15771484375,185.01937866210938,190.273193359375,2286837232,SOL
2021-12-25,190.53160095214844,195.14923095703125,189.0322265625,193.1209259033203,1443209769,SOL
2021-12-26,192.92051696777344,200.64419555664062,190.8236846923828,198.000732421875,1971114647,SOL
2021-12-27,197.88340759277344,204.5785675048828,195.16079711914062,195.42950439453125,1800094698,SOL
2021-12-28,195.6216583251953,195.6216583251953,177.0403594970703,177.42562866210938,2826063568,SOL
2021-12-29,177.3890380859375,180.5907745361328,170.44342041015625,170.65756225585938,2175731146,SOL
2021-12-30,170.76478576660156,175.691162109375,168.3984832763672,172.75119018554688,1540637869,SOL
2021-12-31,172.70384216308594,177.35704040527344,168.31207275390625,170.299072265625,1567918820,SOL
2022-01-01,170.3108367919922,178.96224975585938,170.19554138183594,178.5179443359375,1084780603,SOL
2022-01-02,178.53240966796875,179.43235778808594,175.01231384277344,176.38284301757812,995389409,SOL
2022-01-03,176.3863067626953,176.3863067626953,167.5339813232422,170.29774475097656,1345778058,SOL
2022-01-04,170.28611755371094,173.735107421875,166.74012756347656,167.93890380859375,1499265336,SOL
2022-01-05,167.94033813476562,171.11045837402344,148.2161102294922,155.0997314453125,2123759721,SOL
2022-01-06,155.10592651367188,155.10592651367188,146.66766357421875,150.4313507080078,2097172620,SOL
2022-01-07,150.4134063720703,150.5209503173828,135.14999389648438,136.40281677246094,2926269672,SOL
2022-01-08,136.40016174316406,147.83731079101562,134.02101135253906,142.51345825195312,2730000333,SOL
2022-01-09,142.54312133789062,145.44041442871094,138.39410400390625,140.83900451660156,1599123912,SOL
2022-01-10,140.83363342285156,143.56336975097656,130.7969970703125,135.95494079589844,2040883379,SOL
2022-01-11,135.94090270996094,143.29904174804688,134.13397216796875,140.18385314941406,1554197314,SOL
2022-01-12,140.20375061035156,152.9364776611328,138.5462646484375,151.70310974121094,2242337550,SOL
2022-01-13,151.6905975341797,157.54373168945312,146.01004028320312,146.01004028320312,2177023564,SOL
2022-01-14,146.02590942382812,150.469482421875,142.39068603515625,146.15902709960938,1822320951,SOL
2022-01-15,146.18002319335938,149.35018920898438,144.4191436767578,147.80117797851562,1123271784,SOL
2022-01-16,147.78660583496094,151.7723388671875,146.4017791748047,147.8565216064453,1172854751,SOL
2022-01-17,147.8767852783203,148.20587158203125,137.50003051757812,139.92601013183594,1487772250,SOL
2022-01-18,139.93276977539062,142.46649169921875,134.8957977294922,141.58718872070312,1449435942,SOL
2022-01-19,141.5469970703125,142.29408264160156,133.3551788330078,135.79238891601562,1444663456,SOL
2022-01-20,135.7913360595703,143.61740112304688,127.17404174804688,127.20528411865234,984099352,SOL
2022-01-21,127.33333587646484,128.432861328125,107.90899658203125,111.96605682373047,3771688473,SOL
2022-01-22,111.9765396118164,113.58767700195312,89.28715515136719,94.1783676147461,4039466376,SOL
2022-01-23,94.30760192871094,104.51920318603516,93.5934829711914,99.5782241821289,2548191912,SOL
2022-01-24,99.61751556396484,99.77051544189453,81.2260513305664,91.65016174316406,4664539688,SOL
2022-01-25,91.66015625,99.70123291015625,87.75712585449219,94.72035217285156,2842652332,SOL
2022-01-26,94.71883392333984,103.7215576171875,89.80755615234375,92.23804473876953,3177186515,SOL
2022-01-27,92.21805572509766,94.05999755859375,86.18603515625,89.63249206542969,2513945822,SOL
2022-01-28,89.52909088134766,93.36466979980469,87.5742416381836,91.31289672851562,2156098049,SOL
2022-01-29,91.35469818115234,98.61104583740234,90.96379852294922,96.2234878540039,1727329992,SOL
2022-01-30,96.2490005493164,97.29832458496094,91.70702362060547,93.29767608642578,1110338981,SOL
2022-01-31,93.3011703491211,100.7250747680664,89.58599090576172,99.73883819580078,1888454241,SOL
2022-02-01,99.72594451904297,112.9801254272461,99.47785949707031,109.9789810180664,3568466349,SOL
2022-02-02,110.01945495605469,111.95736694335938,97.735595703125,101.83760070800781,3297984784,SOL
2022-02-03,101.8281021118164,102.66846466064453,94.63531494140625,101.45903778076172,2618951519,SOL
2022-02-04,101.34093475341797,112.41033172607422,100.67737579345703,112.17424774169922,3121470028,SOL
2022-02-05,112.20548248291016,118.21311950683594,110.53406524658203,113.89430236816406,2337469324,SOL
2022-02-06,113.90282440185547,115.86648559570312,112.18635559082031,115.29975891113281,1488437091,SOL
2022-02-07,115.27619171142578,121.55403137207031,113.14046478271484,117.35514831542969,2501444983,SOL
2022-02-08,117.4089126586914,119.96955108642578,110.241943359375,113.5954818725586,2670414753,SOL
2022-02-09,113.5340347290039,116.82732391357422,109.97865295410156,114.01937866210938,1844036035,SOL
2022-02-10,114.02164459228516,114.78842163085938,106.20280456542969,106.20280456542969,2534257400,SOL
2022-02-11,106.22976684570312,107.84539031982422,95.60428619384766,96.38188171386719,2244853464,SOL
2022-02-12,96.4014892578125,99.55365753173828,93.49864196777344,95.91820526123047,1722515979,SOL
2022-02-13,95.89258575439453,97.20621490478516,91.81570434570312,93.24410247802734,1150014559,SOL
2022-02-14,93.19368743896484,97.74172973632812,91.20769500732422,96.43327331542969,1787236369,SOL
2022-02-15,96.43740844726562,105.29197692871094,96.43329620361328,104.87330627441406,2134576044,SOL
2022-02-16,104.92504119873047,105.34634399414062,98.58037567138672,101.93289947509766,1908954820,SOL
2022-02-17,101.89823150634766,102.6329345703125,92.6762466430664,93.4104232788086,1872498133,SOL
2022-02-18,93.46298217773438,96.20182037353516,89.70610809326172,90.06546020507812,1669246812,SOL
2022-02-19,90.0518798828125,92.54096221923828,88.95311737060547,91.49665069580078,1084605729,SOL
2022-02-20,91.44432067871094,93.32028198242188,86.01744079589844,90.90141296386719,1912980153,SOL
2022-02-21,90.88302612304688,95.90409088134766,83.11844635009766,83.12316131591797,2892900595,SOL
2022-02-22,83.10639953613281,87.16397857666016,81.2048568725586,86.46538543701172,2046554018,SOL
2022-02-23,86.47079467773438,92.73844146728516,84.90278625488281,84.90278625488281,2293962445,SOL
2022-02-24,84.86357879638672,92.2793960571289,76.85957336425781,89.19474792480469,5253578948,SOL
2022-02-25,89.22813415527344,94.7778091430664,87.27616119384766,92.59882354736328,3069242551,SOL
2022-02-26,92.6088638305664,94.60433197021484,89.75767517089844,90.14156341552734,1721041901,SOL
2022-02-27,90.1246337890625,91.98943328857422,84.49292755126953,85.51905059814453,2012522473,SOL
2022-02-28,85.50110626220703,101.04179382324219,84.57584381103516,99.52034759521484,3457872746,SOL
2022-03-01,99.54046630859375,101.55915832519531,94.89342498779297,98.65355682373047,3225742519,SOL
2022-03-02,98.6490707397461,105.98477172851562,97.10579681396484,100.6496353149414,3800592927,SOL
2022-03-03,100.65377044677734,101.4272689819336,94.37796020507812,95.53919982910156,2309311748,SOL
2022-03-04,95.5670394897461,95.7081298828125,87.554443359375,88.24597930908203,2592829728,SOL
2022-03-05,88.29053497314453,91.03617858886719,86.2888412475586,89.64784240722656,1437161887,SOL
2022-03-06,89.64859008789062,89.8653793334961,84.32964324951172,84.54218292236328,1467561782,SOL
2022-03-07,84.55287170410156,86.48308563232422,80.31684875488281,82.13006591796875,2375648176,SOL
2022-03-08,82.11260223388672,84.77989959716797,81.54011535644531,82.2547607421875,2112765959,SOL
2022-03-09,82.27992248535156,89.48204803466797,82.20623779296875,88.20206451416016,2624860794,SOL
2022-03-10,88.19039916992188,88.45394897460938,81.01934051513672,82.9390869140625,2196400279,SOL
2022-03-11,82.94074249267578,84.05066680908203,80.28123474121094,80.7449951171875,1852734626,SOL
2022-03-12,80.74752044677734,82.66375732421875,80.72209930419922,81.55381774902344,1036290480,SOL
2022-03-13,81.53121948242188,82.8830337524414,78.00438690185547,78.93607330322266,1316842580,SOL
2022-03-14,78.92557525634766,82.09930419921875,78.27435302734375,81.17333984375,1676601058,SOL
2022-03-15,81.17005920410156,85.5193099975586,79.07177734375,82.95508575439453,1627848455,SOL
2022-03-16,82.95167541503906,87.90362548828125,81.65324401855469,87.90362548828125,2370877301,SOL
2022-03-17,87.86245727539062,90.75728607177734,86.75122833251953,87.87684631347656,2440062581,SOL
2022-03-18,87.86626434326172,91.84861755371094,84.63697814941406,89.82203674316406,2745357460,SOL
2022-03-19,89.8204574584961,94.36089324951172,89.39261627197266,92.41815185546875,1951674158,SOL
2022-03-20,92.41366577148438,92.43592071533203,88.15045928955078,88.61486053466797,1286133603,SOL
2022-03-21,88.6050033569336,91.0119857788086,87.2076416015625,88.7572021484375,1598537312,SOL
2022-03-22,88.74190521240234,93.76680755615234,88.18277740478516,90.51296997070312,1879747152,SOL
2022-03-23,90.51393127441406,96.05184173583984,89.81146240234375,95.1026840209961,2099467745,SOL
2022-03-24,95.02090454101562,103.45579528808594,94.06550598144531,102.22369384765625,3601646600,SOL
2022-03-25,102.23835754394531,104.58296203613281,97.31824493408203,98.6581039428711,2175497007,SOL
2022-03-26,98.666748046875,103.19357299804688,97.82968139648438,101.7641830444336,1282869612,SOL
2022-03-27,101.77369689941406,107.29871368408203,99.26909637451172,107.08422088623047,1572329892,SOL
2022-03-28,107.07796478271484,113.17594909667969,105.47787475585938,106.46525573730469,2877146388,SOL
2022-03-29,106.32798767089844,115.27571868896484,105.99919128417969,111.71031188964844,3052274877,SOL
2022-03-30,111.69025421142578,124.6050033569336,107.76725769042969,120.6994857788086,3908170428,SOL
2022-03-31,120.68155670166016,128.93011474609375,120.19783020019531,122.66146087646484,4115229587,SOL
2022-04-01,122.7361068725586,137.55841064453125,118.78791046142578,134.43093872070312,4434807484,SOL
2022-04-02,134.45358276367188,143.02001953125,132.13919067382812,132.19886779785156,3394186456,SOL
2022-04-03,132.24107360839844,140.26370239257812,131.2261505126953,136.77532958984375,2585967812,SOL
2022-04-04,136.7607879638672,137.63351440429688,126.86532592773438,132.41262817382812,2828117206,SOL
2022-04-05,132.3878631591797,136.18284606933594,126.56397247314453,126.86223602294922,2239922210,SOL
2022-04-06,126.85795593261719,127.28115844726562,112.773681640625,112.88338470458984,3281009143,SOL
2022-04-07,112.93579864501953,119.76071166992188,111.95746612548828,118.79651641845703,2431083313,SOL
2022-04-08,118.81621551513672,122.25411987304688,108.5411605834961,109.8008804321289,2376864565,SOL
2022-04-09,109.79875946044922,113.1148910522461,108.63433837890625,112.97279357910156,1202250516,SOL
2022-04-10,112.97270965576172,115.8083267211914,110.07783508300781,111.74243927001953,1280232450,SOL
2022-04-11,111.69898986816406,111.83113861083984,98.67085266113281,99.33910369873047,2272498194,SOL
2022-04-12,99.38467407226562,109.11756134033203,98.935302734375,103.30638885498047,2317008207,SOL
2022-04-13,103.28101348876953,105.67684936523438,100.48845672607422,105.00194549560547,1675840412,SOL
2022-04-14,104.94060516357422,107.32963562011719,99.25684356689453,100.70780181884766,1686576071,SOL
2022-04-15,100.70652770996094,102.67264556884766,100.10089874267578,101.30977630615234,1050639351,SOL
2022-04-16,101.29869079589844,103.27172088623047,100.9647216796875,102.25731658935547,774939305,SOL
2022-04-17,102.2484359741211,105.2945556640625,99.95817565917969,100.40969848632812,1057908299,SOL
2022-04-18,100.40795135498047,102.51702880859375,95.2427749633789,102.15853118896484,1846133932,SOL
2022-04-19,102.20238494873047,108.58203125,101.30172729492188,108.58203125,1711909607,SOL
2022-04-20,108.6021957397461,110.72297668457031,104.77265930175781,105.49700164794922,1761531528,SOL
2022-04-21,105.49767303466797,109.76532745361328,100.76715087890625,101.77613830566406,1838571747,SOL
2022-04-22,101.7574234008789,103.4981460571289,99.57942962646484,100.61205291748047,1274793594,SOL
2022-04-23,100.61978149414062,102.77123260498047,98.78157043457031,100.74443817138672,823252482,SOL
2022-04-24,100.72718811035156,102.21668243408203,99.00851440429688,99.23579406738281,818266008,SOL
2022-04-25,99.24140930175781,101.44058990478516,94.75575256347656,101.24763488769531,1538486689,SOL
2022-04-26,101.2248764038086,101.74248504638672,95.17789459228516,95.78215026855469,1301074534,SOL
2022-04-27,95.7855224609375,100.54492950439453,95.28350067138672,98.37886810302734,1253566599,SOL
2022-04-28,98.38214874267578,100.40122985839844,96.69452667236328,98.18572998046875,1307131609,SOL
2022-04-29,98.1829605102539,98.56856536865234,92.88426971435547,94.01134490966797,1234575023,SOL
2022-04-30,94.01355743408203,94.92884826660156,82.90953826904297,85.09593200683594,1293033765,SOL
2022-05-01,85.09468841552734,92.43013000488281,84.94415283203125,89.6715087890625,1426749080,SOL
2022-05-02,89.67205810546875,90.69336700439453,85.40721893310547,87.58101654052734,1265220129,SOL
2022-05-03,87.562744140625,88.68785858154297,84.92210388183594,85.84237670898438,1011988792,SOL
2022-05-04,85.84172821044922,92.93719482421875,85.72806549072266,92.7708511352539,1428455342,SOL
2022-05-05,92.76979064941406,95.03282165527344,81.83486938476562,84.59602355957031,1805979399,SOL
2022-05-06,84.58849334716797,84.64693450927734,80.46861267089844,81.76410675048828,1585081920,SOL
2022-05-07,81.76667022705078,82.1807861328125,77.88323211669922,78.9834213256836,1139093165,SOL
2022-05-08,78.98763275146484,79.2837905883789,74.52718353271484,75.22018432617188,1439700868,SOL
2022-05-09,75.23445892333984,76.98309326171875,63.2696533203125,63.2696533203125,2773999164,SOL
2022-05-10,63.36931228637695,73.7598876953125,61.02658462524414,66.76615142822266,3677013066,SOL
2022-05-11,66.73474884033203,68.11722564697266,44.00382614135742,50.21084976196289,4432811558,SOL
2022-05-12,50.23923110961914,53.65938949584961,38.05009078979492,44.683589935302734,4471167155,SOL
2022-05-13,44.63357162475586,55.90211486816406,44.07636642456055,48.59355163574219,2854210432,SOL
2022-05-14,48.67664337158203,53.06116485595703,46.22056579589844,52.4172248840332,2042138537,SOL
2022-05-15,52.43134307861328,58.87806701660156,49.834800720214844,58.81126022338867,1843835578,SOL
2022-05-16,58.80391311645508,58.80391311645508,52.26792907714844,53.646461486816406,2067312217,SOL
2022-05-17,53.656005859375,58.03807067871094,53.50530242919922,57.12562561035156,1823895389,SOL
2022-05-18,57.11631774902344,57.69771957397461,49.73109436035156,49.75621032714844,1745565671,SOL
2022-05-19,49.794864654541016,53.617488861083984,48.63555145263672,52.2139778137207,1958004386,SOL
2022-05-20,52.211971282958984,53.43804168701172,48.05058288574219,49.538509368896484,1830699507,SOL
2022-05-21,49.53544998168945,51.055049896240234,48.767486572265625,50.3179817199707,979492374,SOL
2022-05-22,50.32065963745117,53.02165985107422,49.86278533935547,52.75518035888672,1105760506,SOL
2022-05-23,52.736087799072266,54.474647521972656,48.92724609375,49.05685043334961,1661669360,SOL
2022-05-24,49.064231872558594,50.57752227783203,47.500823974609375,49.65333557128906,1508166642,SOL
2022-05-25,49.64841842651367,50.4423713684082,47.67314529418945,47.982425689697266,1304580067,SOL
2022-05-26,47.98397445678711,48.551021575927734,42.321380615234375,43.4912109375,2208994514,SOL
2022-05-27,43.47438049316406,43.81364822387695,40.26896286010742,40.981346130371094,2256358026,SOL
2022-05-28,41.49373245239258,44.65801239013672,40.54867935180664,44.343162536621094,1254325884,SOL
2022-05-29,44.33879089355469,45.386253356933594,41.998046875,44.90961456298828,1317843243,SOL
2022-05-30,44.908668518066406,47.93682861328125,44.35740661621094,47.179443359375,1708817065,SOL
2022-05-31,47.18132781982422,48.03899002075195,44.84001541137695,45.76784133911133,1509191627,SOL
2022-06-01,45.76512908935547,45.946659088134766,40.050350189208984,40.26966857910156,1422647092,SOL
2022-06-02,40.255279541015625,41.32786560058594,38.36067199707031,40.8913459777832,1554022054,SOL
2022-06-03,40.895751953125,41.433345794677734,37.80271911621094,38.259220123291016,1348656102,SOL
2022-06-04,38.27455139160156,39.040428161621094,36.04072570800781,38.93144607543945,1130762770,SOL
2022-06-05,38.93410110473633,39.995296478271484,38.03535079956055,38.480533599853516,998532387,SOL
2022-06-06,38.5015983581543,44.450618743896484,38.43878936767578,42.43313217163086,1955057411,SOL
2022-06-07,42.42977523803711,42.449310302734375,37.77632522583008,39.43757247924805,1974825213,SOL
2022-06-08,39.434051513671875,40.52680587768555,38.401607513427734,38.84336853027344,1211034282,SOL
2022-06-09,38.845584869384766,41.72376251220703,38.555694580078125,39.97260665893555,1265873005,SOL
2022-06-10,39.96762466430664,40.769779205322266,37.001258850097656,37.08976745605469,1177042406,SOL
2022-06-11,37.09238052368164,37.843257904052734,33.435916900634766,33.82111740112305,1086904917,SOL
2022-06-12,33.83749008178711,34.2285041809082,30.743270874023438,30.743270874023438,1430666510,SOL
2022-06-13,30.73029327392578,30.91798210144043,26.139610290527344,28.19236183166504,2577135234,SOL
2022-06-14,28.18289566040039,31.610319137573242,26.060319900512695,29.714618682861328,2317785256,SOL
2022-06-15,29.695768356323242,34.565528869628906,26.86840057373047,34.48794174194336,2574959860,SOL
2022-06-16,34.50612258911133,35.71171951293945,29.731698989868164,29.989742279052734,1908909523,SOL
2022-06-17,30.00250244140625,32.00886917114258,29.478063583374023,30.742919921875,1283536081,SOL
2022-06-18,30.740924835205078,31.838632583618164,27.46303939819336,31.80793571472168,1804420726,SOL
2022-06-19,31.809133529663086,35.16057586669922,28.91050910949707,34.24374771118164,2005402608,SOL
2022-06-20,34.238365173339844,36.76423645019531,31.892911911010742,35.4171142578125,1958378683,SOL
2022-06-21,35.39715576171875,38.804771423339844,34.40011215209961,36.121158599853516,1790090431,SOL
2022-06-22,36.18272399902344,36.704681396484375,33.80274200439453,34.12163543701172,1533123071,SOL
2022-06-23,34.12080383300781,38.347354888916016,34.083587646484375,38.17523193359375,1666479184,SOL
2022-06-24,38.20144271850586,42.72931671142578,37.852935791015625,42.2120475769043,1765927064,SOL
2022-06-25,42.202999114990234,42.490692138671875,39.875328063964844,42.33281326293945,1271293523,SOL
2022-06-26,42.30241775512695,42.34132385253906,39.38430404663086,39.40808868408203,1138724690,SOL
2022-06-27,39.409088134765625,41.082157135009766,38.17092514038086,38.45125198364258,1253389517,SOL
2022-06-28,38.44542694091797,39.7059326171875,35.2291374206543,35.326438903808594,1361946847,SOL
2022-06-29,35.32723617553711,35.96923065185547,33.251136779785156,33.8739013671875,1366803516,SOL
2022-06-30,33.908782958984375,34.045753479003906,31.05734634399414,33.588417053222656,1321861663,SOL
2022-07-01,33.645652770996094,35.230743408203125,31.934066772460938,32.803070068359375,1427407655,SOL
2022-07-02,32.811004638671875,33.93459701538086,31.95758628845215,33.35940933227539,765552187,SOL
2022-07-03,33.356258392333984,33.57749938964844,32.219078063964844,33.38593292236328,605659825,SOL
2022-07-04,33.38526916503906,36.8065071105957,32.520713806152344,36.785030364990234,1091202628,SOL
2022-07-05,36.761268615722656,36.87248992919922,33.26679229736328,35.39555358886719,1569156882,SOL
2022-07-06,35.404720306396484,37.47623062133789,34.889488220214844,37.07356262207031,1410588451,SOL
2022-07-07,37.07526779174805,39.11948013305664,36.497711181640625,38.518306732177734,1189167903,SOL
2022-07-08,38.51742935180664,39.352840423583984,36.556209564208984,38.286720275878906,1485794730,SOL
2022-07-09,38.29243469238281,38.79253387451172,37.87006378173828,38.07196044921875,789899204,SOL
2022-07-10,38.071083068847656,38.071083068847656,36.38676834106445,36.697608947753906,714119421,SOL
2022-07-11,36.69319534301758,36.69319534301758,33.33729934692383,33.463600158691406,930216020,SOL
2022-07-12,33.465030670166016,34.501243591308594,32.75759506225586,32.75759506225586,916386230,SOL
2022-07-13,32.74802780151367,34.939666748046875,31.959470748901367,34.91093826293945,1313110217,SOL
2022-07-14,34.912261962890625,37.22102355957031,33.690948486328125,37.10782241821289,1320137563,SOL
2022-07-15,37.112239837646484,38.85118103027344,36.64623260498047,37.41592788696289,1266226950,SOL
2022-07-16,37.412757873535156,40.08470153808594,36.40153884887695,39.57412338256836,1149921714,SOL
2022-07-17,39.579891204833984,40.96872329711914,38.54647445678711,38.64472198486328,1119935904,SOL
2022-07-18,38.64695739746094,43.746158599853516,38.60856246948242,43.746158599853516,1793335611,SOL
2022-07-19,43.66854476928711,47.09938049316406,42.71699905395508,44.89987564086914,2530289999,SOL
2022-07-20,44.896854400634766,46.09572982788086,41.64255142211914,42.09366989135742,2020822242,SOL
2022-07-21,42.08842468261719,43.91940689086914,39.81828689575195,43.19059371948242,1926399176,SOL
2022-07-22,43.18901062011719,44.22321701049805,40.138877868652344,40.61850357055664,1523873136,SOL
2022-07-23,40.59116744995117,41.826377868652344,38.714317321777344,40.040977478027344,1151436691,SOL
2022-07-24,40.03881072998047,42.021121978759766,39.60561752319336,41.00658416748047,1115260733,SOL
2022-07-25,41.00947952270508,41.04818344116211,36.711997985839844,36.711997985839844,1465847128,SOL
2022-07-26,36.715423583984375,36.715423583984375,34.81983947753906,36.190853118896484,1362323126,SOL
2022-07-27,36.2037467956543,40.39472961425781,35.75505828857422,40.3078498840332,1829226049,SOL
2022-07-28,40.30208206176758,44.07329559326172,39.13290023803711,42.84526824951172,2454901807,SOL
2022-07-29,42.87696838378906,44.2287483215332,41.277008056640625,41.926998138427734,2066610408,SOL
2022-07-30,41.92341613769531,46.47602462768555,41.61918640136719,43.755889892578125,1980341418,SOL
2022-07-31,43.760658264160156,45.05152893066406,42.35273742675781,42.400203704833984,1356657075,SOL
2022-08-01,42.401554107666016,43.11629104614258,40.73676300048828,41.78648376464844,1082119921,SOL
2022-08-02,41.774147033691406,42.33211135864258,39.74711990356445,39.7545051574707,1205226999,SOL
2022-08-03,39.75486373901367,40.73065185546875,37.893131256103516,38.54441833496094,2312325350,SOL
2022-08-04,38.544639587402344,39.67987823486328,38.04472732543945,38.83067321777344,1235137178,SOL
2022-08-05,38.82399368286133,41.174652099609375,38.795719146728516,40.561031341552734,1198859111,SOL
2022-08-06,40.5611686706543,40.84541320800781,39.95309829711914,40.0570068359375,650997770,SOL
2022-08-07,40.0600471496582,41.49406814575195,39.336483001708984,40.6055908203125,614104051,SOL
2022-08-08,40.609642028808594,43.53985595703125,40.603797912597656,42.17055130004883,1117550363,SOL
2022-08-09,42.175392150878906,42.702392578125,39.94392776489258,40.372623443603516,895263875,SOL
2022-08-10,40.37052536010742,42.61181640625,39.25737380981445,42.365867614746094,1389333742,SOL
2022-08-11,42.37364959716797,45.12477111816406,42.37364959716797,42.8217887878418,1735349568,SOL
2022-08-12,42.82052993774414,45.37518310546875,42.23114013671875,45.33475875854492,1128246063,SOL
2022-08-13,45.34074401855469,48.18428421020508,45.34074401855469,46.485347747802734,1416039040,SOL
2022-08-14,46.505985260009766,47.96087646484375,44.69403839111328,44.916568756103516,1061034922,SOL
2022-08-15,44.92243957519531,47.127540588378906,42.90903091430664,43.82322311401367,1364253429,SOL
2022-08-16,43.806095123291016,44.1871223449707,42.78215408325195,43.15880584716797,1131452045,SOL
2022-08-17,43.15305709838867,44.633087158203125,40.28676986694336,40.403053283691406,1336772691,SOL
2022-08-18,40.426509857177734,41.607303619384766,39.525936126708984,39.545230865478516,885648540,SOL
2022-08-19,39.54132843017578,39.54132843017578,35.755027770996094,35.8902587890625,1821467945,SOL
2022-08-20,35.87661361694336,37.223209381103516,34.35833740234375,35.26973342895508,1203622743,SOL
2022-08-21,35.26417922973633,36.98236846923828,34.78230667114258,36.533199310302734,982071275,SOL
2022-08-22,36.52580642700195,36.52580642700195,33.90044021606445,35.47438049316406,1139846770,SOL
2022-08-23,35.47530746459961,36.05042266845703,34.31291580200195,35.6462516784668,854779221,SOL
2022-08-24,35.64565658569336,36.286067962646484,34.43351745605469,34.957916259765625,946325778,SOL
2022-08-25,34.959102630615234,36.42266845703125,34.93364334106445,35.316463470458984,828503624,SOL
2022-08-26,35.313255310058594,35.58013153076172,31.499326705932617,31.726362228393555,1315871629,SOL
2022-08-27,31.71382713317871,32.20508575439453,30.953018188476562,31.54243278503418,764882265,SOL
2022-08-28,31.538864135742188,32.12961196899414,30.38878059387207,30.39228630065918,562501615,SOL
2022-08-29,30.39385986328125,32.520748138427734,30.11916160583496,32.46529769897461,891913484,SOL
2022-08-30,32.46004104614258,33.072635650634766,30.796524047851562,31.41205596923828,861409804,SOL
2022-08-31,31.416515350341797,32.87642288208008,31.237884521484375,31.47295570373535,769308937,SOL
2022-09-01,31.475082397460938,31.709314346313477,30.511266708374023,31.585678100585938,666487074,SOL
2022-09-02,31.58498764038086,32.358829498291016,30.843948364257812,31.227930068969727,659575995,SOL
2022-09-03,31.228193283081055,31.23231315612793,30.858367919921875,31.10948371887207,314531753,SOL
2022-09-04,31.10894012451172,32.13935089111328,31.081865310668945,32.106956481933594,392954663,SOL
2022-09-05,32.108028411865234,32.37053298950195,31.211069107055664,32.19464874267578,512588616,SOL
2022-09-06,32.199668884277344,33.78529739379883,30.640546798706055,30.891742706298828,1196204019,SOL
2022-09-07,30.883899688720703,32.89689636230469,30.488950729370117,32.71091842651367,779212909,SOL
2022-09-08,32.708030700683594,33.796051025390625,32.102500915527344,33.608646392822266,978070646,SOL
2022-09-09,33.60664367675781,35.79993438720703,33.60639953613281,34.73976516723633,1186140934,SOL
2022-09-10,34.73285675048828,35.36214065551758,34.369415283203125,35.12672805786133,731145106,SOL
2022-09-11,35.122840881347656,35.89952087402344,34.12443542480469,34.96596145629883,757216096,SOL
2022-09-12,34.96744155883789,38.1690788269043,34.5079231262207,37.4241828918457,1701399970,SOL
2022-09-13,37.421607971191406,38.870384216308594,32.870452880859375,33.430816650390625,1785181627,SOL
2022-09-14,33.01827621459961,34.28319549560547,32.870452880859375,34.09157180786133,1003604224,SOL
2022-09-15,34.09429168701172,34.715267181396484,32.721893310546875,33.04768371582031,1139377803,SOL
2022-09-16,33.044593811035156,33.203125,31.641164779663086,32.208858489990234,765952525,SOL
2022-09-17,32.21224594116211,33.84817886352539,32.21224594116211,33.75077819824219,501302380,SOL
2022-09-18,33.74827575683594,33.954715728759766,30.979143142700195,31.05985450744629,694870049,SOL
2022-09-19,31.053613662719727,32.9898567199707,30.693248748779297,32.685302734375,971182780,SOL
2022-09-20,32.68706512451172,32.79011154174805,31.3890323638916,31.433040618896484,819978937,SOL
2022-09-21,31.43379020690918,33.13396072387695,30.195068359375,30.826377868652344,1193686258,SOL
2022-09-22,30.815771102905273,32.807044982910156,30.63888168334961,32.408905029296875,833702543,SOL
2022-09-23,32.4062385559082,33.90916442871094,31.363554000854492,33.6766357421875,982495447,SOL
2022-09-24,33.67512893676758,34.69917678833008,33.27409744262695,33.462650299072266,872691785,SOL
2022-09-25,33.461063385009766,33.98523712158203,32.01491928100586,32.33536148071289,610529879,SOL
2022-09-26,32.33634948730469,33.881507873535156,31.96014976501465,33.88055419921875,936313674,SOL
2022-09-27,33.87862777709961,35.23724365234375,32.27183532714844,32.75012969970703,1223724195,SOL
2022-09-28,32.73825454711914,33.74109649658203,31.72770118713379,33.23543930053711,998520503,SOL
2022-09-29,33.23528289794922,34.338314056396484,32.79304885864258,33.952449798583984,951223921,SOL
2022-09-30,33.951778411865234,35.13334655761719,32.73581314086914,33.21244430541992,1210784941,SOL
2022-10-01,33.21569061279297,33.22508239746094,32.466941833496094,32.46939468383789,572976679,SOL
2022-10-02,32.470420837402344,32.99811935424805,31.99713897705078,32.05569839477539,532211084,SOL
2022-10-03,32.05710983276367,33.20492935180664,31.954931259155273,32.967620849609375,633204077,SOL
2022-10-04,32.95677185058594,34.34199905395508,32.88138198852539,34.12247085571289,717157069,SOL
2022-10-05,34.117191314697266,34.31154251098633,33.27922058105469,34.073883056640625,655950188,SOL
2022-10-06,34.073753356933594,34.45728302001953,33.33332443237305,33.34281921386719,712289836,SOL
2022-10-07,33.34446716308594,33.72856903076172,32.551998138427734,33.00146484375,649212486,SOL
2022-10-08,33.00006866455078,33.04252624511719,32.44584274291992,32.57793426513672,367021196,SOL
2022-10-09,32.5780143737793,33.10311508178711,32.478023529052734,32.913883209228516,405849928,SOL
2022-10-10,32.91293716430664,33.339454650878906,31.970834732055664,31.970834732055664,640691958,SOL
2022-10-11,31.966032028198242,31.966032028198242,30.579492568969727,30.77686882019043,733071932,SOL
2022-10-12,30.779691696166992,31.460229873657227,30.729169845581055,31.165485382080078,490127096,SOL
2022-10-13,31.164413452148438,31.18108558654785,28.197370529174805,30.544519424438477,1302451856,SOL
2022-10-14,30.54248809814453,31.909656524658203,29.759931564331055,30.007417678833008,836283411,SOL
2022-10-15,30.006132125854492,30.151254653930664,29.534006118774414,29.575347900390625,547825492,SOL
2022-10-16,29.578842163085938,30.44472885131836,29.578842163085938,30.168840408325195,608389719,SOL
2022-10-17,30.1680908203125,31.263992309570312,29.883159637451172,31.224876403808594,658840500,SOL
2022-10-18,31.224252700805664,31.411191940307617,29.833694458007812,30.164331436157227,715092973,SOL
2022-10-19,30.16461753845215,30.21255111694336,28.830276489257812,28.900798797607422,697269954,SOL
2022-10-20,28.89457130432129,29.43212127685547,28.073795318603516,28.08509635925293,803871622,SOL
2022-10-21,28.080429077148438,28.24317169189453,26.986404418945312,28.10867691040039,967208274,SOL
2022-10-22,28.108327865600586,28.144390106201172,27.55768394470215,28.01386260986328,474234383,SOL
2022-10-23,28.013675689697266,29.331539154052734,27.857959747314453,29.270071029663086,633157057,SOL
2022-10-24,29.272520065307617,29.4139461517334,28.21503257751465,28.3100643157959,667625312,SOL
2022-10-25,28.30998992919922,32.19131088256836,28.119304656982422,30.93997573852539,1336242036,SOL
2022-10-26,30.928865432739258,31.837549209594727,30.76510238647461,31.28472137451172,1250974763,SOL
2022-10-27,31.28702735900879,32.20396423339844,30.585346221923828,30.630624771118164,1275994871,SOL
2022-10-28,30.630794525146484,32.448707580566406,30.189332962036133,32.111263275146484,1063403956,SOL
2022-10-29,32.10906219482422,33.739139556884766,31.916812896728516,32.85712814331055,1165931963,SOL
2022-10-30,32.8577766418457,33.479278564453125,32.061622619628906,32.9659309387207,731319297,SOL
2022-10-31,32.961021423339844,34.307743072509766,32.2862663269043,32.61103820800781,1174404933,SOL
2022-11-01,32.607608795166016,33.32598114013672,32.201412200927734,32.2484245300293,729292793,SOL
2022-11-02,32.24597930908203,32.83482360839844,30.294113159179688,30.788076400756836,1166999748,SOL
2022-11-03,30.792919158935547,32.14349365234375,30.677148818969727,30.84387969970703,832207929,SOL
2022-11-04,30.841737747192383,34.10426330566406,30.731590270996094,33.780853271484375,1364403572,SOL
2022-11-05,33.77741622924805,38.54962158203125,33.73513412475586,36.76576232910156,2470595904,SOL
2022-11-06,36.77216720581055,36.90202713012695,32.546302795410156,32.6835823059082,1650006613,SOL
2022-11-07,32.67894744873047,33.0675048828125,28.926734924316406,29.60134506225586,2545092967,SOL
2022-11-08,29.597440719604492,31.06096839904785,21.78398323059082,24.152936935424805,6120104231,SOL
2022-11-09,24.159435272216797,24.159435272216797,12.505623817443848,13.94085693359375,4647808136,SOL
2022-11-10,13.985069274902344,18.67563819885254,13.411026954650879,17.681407928466797,4084381465,SOL
2022-11-11,17.663450241088867,18.13648223876953,15.507472038269043,16.326745986938477,2191908978,SOL
2022-11-12,16.340282440185547,16.40843391418457,14.538013458251953,14.53900146484375,866923655,SOL
2022-11-13,14.537562370300293,14.660887718200684,13.122664451599121,13.164528846740723,880792311,SOL
2022-11-14,13.1657133102417,14.88998794555664,12.254617691040039,14.00135612487793,1365413449,SOL
2022-11-15,13.999627113342285,14.969862937927246,13.932036399841309,14.301294326782227,833458645,SOL
2022-11-16,14.29958724975586,14.56210708618164,13.711963653564453,14.285508155822754,487495993,SOL
2022-11-17,14.286023139953613,14.463689804077148,13.078254699707031,13.638734817504883,673219780,SOL
2022-11-18,13.638845443725586,13.790632247924805,13.039168357849121,13.247496604919434,357193046,SOL
2022-11-19,13.247389793395996,13.255352973937988,12.644580841064453,12.851014137268066,314294255,SOL
2022-11-20,12.852312088012695,13.416733741760254,12.20330810546875,12.252833366394043,508411732,SOL
2022-11-21,12.254121780395508,12.257597923278809,11.34163761138916,11.846208572387695,504498729,SOL
2022-11-22,11.842514991760254,12.465627670288086,11.010651588439941,12.435625076293945,529418278,SOL
2022-11-23,12.437919616699219,14.40245532989502,12.427633285522461,14.35151195526123,859905329,SOL
2022-11-24,14.353002548217773,14.854009628295898,13.91685676574707,14.582350730895996,620159372,SOL
2022-11-25,14.580628395080566,14.581172943115234,13.961506843566895,14.063138008117676,323667943,SOL
2022-11-26,14.062800407409668,14.887808799743652,14.031248092651367,14.159193992614746,333271818,SOL
2022-11-27,14.159537315368652,14.409465789794922,14.082965850830078,14.115766525268555,225035409,SOL
2022-11-28,14.11313247680664,14.145076751708984,12.824840545654297,13.404518127441406,447463511,SOL
2022-11-29,13.403423309326172,13.897473335266113,13.28012752532959,13.369733810424805,265372933,SOL
2022-11-30,13.371024131774902,14.219449996948242,13.308284759521484,14.115445137023926,331594403,SOL
2022-12-01,14.133452415466309,14.15432357788086,13.441184997558594,13.480968475341797,232200065,SOL
2022-12-02,13.482585906982422,13.773052215576172,13.377079010009766,13.7156400680542,245049936,SOL
2022-12-03,13.716782569885254,13.730709075927734,13.278402328491211,13.302457809448242,161314094,SOL
2022-12-04,13.301777839660645,13.724018096923828,13.299367904663086,13.718218803405762,141802483,SOL
2022-12-05,13.716100692749023,14.135319709777832,13.630226135253906,13.8311128616333,335440747,SOL
2022-12-06,13.830924987792969,14.32291316986084,13.828653335571289,14.288854598999023,279979830,SOL
2022-12-07,14.292366981506348,14.310629844665527,13.497425079345703,13.5196533203125,223134812,SOL
2022-12-08,13.519828796386719,13.75301742553711,13.310490608215332,13.68922233581543,195918913,SOL
2022-12-09,13.68907356262207,13.979891777038574,13.536895751953125,13.580187797546387,211833041,SOL
2022-12-10,13.581315994262695,13.69578742980957,13.568408012390137,13.576995849609375,109293691,SOL
2022-12-11,13.576213836669922,13.778305053710938,13.413359642028809,13.427809715270996,117436002,SOL
2022-12-12,13.426751136779785,13.458085060119629,12.951156616210938,13.318544387817383,205298705,SOL
2022-12-13,13.318246841430664,14.057649612426758,12.828971862792969,13.833986282348633,315949878,SOL
2022-12-14,13.836177825927734,14.887666702270508,13.831062316894531,14.140525817871094,441479811,SOL
2022-12-15,14.140317916870117,14.467164039611816,13.909064292907715,14.02151107788086,272679087,SOL
2022-12-16,14.021939277648926,14.145011901855469,12.147680282592773,12.266606330871582,358747840,SOL
2022-12-17,12.265798568725586,12.511940956115723,11.987808227539062,12.504404067993164,222801055,SOL
2022-12-18,12.504684448242188,12.568931579589844,12.31215763092041,12.41312026977539,110722042,SOL
2022-12-19,12.415849685668945,12.566923141479492,11.737709999084473,11.932655334472656,206060595,SOL
2022-12-20,11.934520721435547,12.436450004577637,11.875389099121094,12.28051471710205,177388342,SOL
2022-12-21,12.279061317443848,12.279061317443848,11.929596900939941,12.128985404968262,167974882,SOL
2022-12-22,12.129864692687988,12.168594360351562,11.720108985900879,11.794829368591309,181200151,SOL
2022-12-23,11.794523239135742,12.084675788879395,11.755584716796875,11.786166191101074,157181374,SOL
2022-12-24,11.7862548828125,11.7862548828125,11.2396240234375,11.444275856018066,202780776,SOL
2022-12-25,11.444534301757812,11.534026145935059,11.274829864501953,11.387903213500977,105389060,SOL
2022-12-26,11.387689590454102,11.453410148620605,11.138463973999023,11.306611061096191,132410401,SOL
2022-12-27,11.309179306030273,11.390707969665527,10.766209602355957,11.085430145263672,223332961,SOL
2022-12-28,11.08486270904541,11.098109245300293,9.52294921875,9.755906105041504,468728777,SOL
2022-12-29,9.755775451660156,9.827129364013672,8.141267776489258,9.651782989501953,772500177,SOL
2022-12-30,9.651914596557617,10.021772384643555,9.062714576721191,9.880176544189453,837030648,SOL
2022-12-31,9.88100528717041,10.151166915893555,9.69262409210205,9.961038589477539,285758573,SOL
2023-01-01,9.96103572845459,10.052801132202148,9.7210111618042,9.982172966003418,194221164,SOL
2023-01-02,9.983222007751465,11.372013092041016,9.845211029052734,11.272967338562012,558570124,SOL
2023-01-03,11.274726867675781,13.50026798248291,11.053266525268555,13.344045639038086,1149255381,SOL
2023-01-04,13.351509094238281,14.09533977508545,12.922945976257324,13.435112953186035,1142852070,SOL
2023-01-05,13.43493938446045,13.769200325012207,12.990192413330078,13.419329643249512,564255825,SOL
2023-01-06,13.420552253723145,13.54129409790039,12.771324157714844,13.52584171295166,517147909,SOL
2023-01-07,13.52675724029541,13.52675724029541,13.055072784423828,13.092267990112305,210349250,SOL
2023-01-08,13.09150505065918,14.333256721496582,12.924285888671875,14.31993293762207,535020165,SOL
2023-01-09,14.325532913208008,17.361557006835938,14.325532913208008,16.30246353149414,2029272608,SOL
2023-01-10,16.29619789123535,16.640087127685547,15.711213111877441,16.19672393798828,833408341,SOL
2023-01-11,16.196577072143555,16.44658851623535,15.368487358093262,16.35941505432129,630606082,SOL
2023-01-12,16.789260864257812,16.808433532714844,15.744722366333008,16.619043350219727,884719784,SOL
2023-01-13,16.61872673034668,18.51446533203125,16.381359100341797,18.28844451904297,1037251176,SOL
2023-01-14,18.287506103515625,24.565017700195312,18.26682472229004,24.24945831298828,3399684035,SOL
2023-01-15,24.259122848510742,24.651987075805664,22.11684799194336,22.873306274414062,1661787281,SOL
2023-01-16,22.875085830688477,24.752788543701172,22.585596084594727,23.577564239501953,1596086615,SOL
2023-01-17,23.58060073852539,23.80280113220215,22.882892608642578,22.884063720703125,926501252,SOL
2023-01-18,22.886484146118164,23.482633590698242,20.693498611450195,20.85063362121582,1427677518,SOL
2023-01-19,20.850828170776367,21.765443801879883,20.528949737548828,21.42676544189453,799641392,SOL
2023-01-20,21.426406860351562,25.678333282470703,21.00454330444336,25.54827117919922,1419157455,SOL
2023-01-21,25.551525115966797,26.410499572753906,24.614994049072266,24.627838134765625,1948796870,SOL
2023-01-22,24.624042510986328,25.389249801635742,23.756322860717773,24.232789993286133,1029738787,SOL
2023-01-23,24.23154640197754,24.885982513427734,23.973735809326172,24.357807159423828,874649827,SOL
2023-01-24,24.352102279663086,25.167665481567383,22.647783279418945,22.795673370361328,837211317,SOL
2023-01-25,22.79620361328125,25.21659278869629,22.39700698852539,24.57144546508789,1166026842,SOL
2023-01-26,24.561397552490234,25.12034797668457,23.95353889465332,24.350696563720703,809826004,SOL
2023-01-27,24.350980758666992,24.861764907836914,23.49876594543457,24.40785789489746,682926581,SOL
2023-01-28,24.410602569580078,25.017385482788086,23.841827392578125,23.981801986694336,489857934,SOL
2023-01-29,23.98078727722168,26.65280532836914,23.827844619750977,26.132387161254883,1131621628,SOL
2023-01-30,26.13530158996582,26.24931526184082,23.48917579650879,23.946321487426758,1084170329,SOL
2023-01-31,23.949321746826172,24.34128761291504,23.592248916625977,23.952547073364258,617019880,SOL
2023-02-01,23.948514938354492,25.126235961914062,22.64312171936035,24.993358612060547,984317489,SOL
2023-02-02,24.988786697387695,26.037151336669922,24.25430679321289,24.265058517456055,1017290364,SOL
2023-02-03,24.26081085205078,25.003572463989258,24.118974685668945,24.680896759033203,643813200,SOL
2023-02-04,24.679983139038086,24.892578125,24.317745208740234,24.317745208740234,321758043,SOL
2023-02-05,24.319520950317383,24.42566680908203,23.1168270111084,23.493438720703125,578466008,SOL
2023-02-06,23.493684768676758,23.68735694885254,22.603904724121094,22.706388473510742,449884793,SOL
2023-02-07,22.69782257080078,23.899799346923828,22.607053756713867,23.861356735229492,625438600,SOL
2023-02-08,23.860729217529297,24.148073196411133,22.881855010986328,23.192670822143555,534148944,SOL
2023-02-09,23.198091506958008,23.27908706665039,20.203577041625977,20.45212745666504,797436250,SOL
2023-02-10,20.453590393066406,21.117727279663086,19.84334373474121,20.130109786987305,654189930,SOL
2023-02-11,20.12839126586914,20.860679626464844,20.119468688964844,20.830095291137695,267159267,SOL
2023-02-12,20.828874588012695,22.260618209838867,20.646625518798828,21.489978790283203,532943787,SOL
2023-02-13,21.486787796020508,21.52965545654297,19.870744705200195,20.79010009765625,693292656,SOL
2023-02-14,20.78159523010254,22.245664596557617,20.711223602294922,21.824953079223633,865868623,SOL
2023-02-15,21.824722290039062,23.901153564453125,21.50210189819336,23.883901596069336,747616299,SOL
2023-02-16,23.88418960571289,24.030553817749023,22.26426124572754,22.285951614379883,885086333,SOL
2023-02-17,22.282129287719727,23.493309020996094,22.153913497924805,23.166757583618164,580803415,SOL
2023-02-18,23.167396545410156,23.75763511657715,22.96770477294922,23.478591918945312,370892073,SOL
2023-02-19,23.476207733154297,25.52073097229004,23.268293380737305,24.84075164794922,993875671,SOL
2023-02-20,24.84637451171875,26.925580978393555,24.342071533203125,26.181386947631836,1459545676,SOL
2023-02-21,26.18273162841797,26.424297332763672,24.673828125,24.948558807373047,925847245,SOL
2023-02-22,24.949750900268555,25.13520050048828,23.377933502197266,24.18134880065918,892548647,SOL
2023-02-23,24.18242073059082,24.635833740234375,23.68366813659668,23.900800704956055,579213279,SOL
2023-02-24,23.89963722229004,24.05632972717285,22.63655662536621,23.053035736083984,612377428,SOL
2023-02-25,23.058849334716797,23.273439407348633,21.641862869262695,22.523399353027344,547286025,SOL
2023-02-26,22.52385711669922,23.484447479248047,22.32423973083496,23.256088256835938,370371591,SOL
2023-02-27,23.255739212036133,23.367462158203125,22.400766372680664,22.692588806152344,475987023,SOL
2023-02-28,22.69098472595215,22.725032806396484,21.82581329345703,21.9163875579834,351065863,SOL
2023-03-01,21.91213607788086,22.795337677001953,21.738677978515625,22.506431579589844,346532018,SOL
2023-03-02,22.505313873291016,22.57521629333496,21.73250961303711,21.984878540039062,322545445,SOL
2023-03-03,21.98651695251465,22.001710891723633,20.541078567504883,21.39935302734375,489228523,SOL
2023-03-04,21.400026321411133,21.53683853149414,20.3741455078125,20.966838836669922,249364880,SOL
2023-03-05,20.966392517089844,21.61699676513672,20.89556312561035,20.97858428955078,278729462,SOL
2023-03-06,20.978412628173828,21.098865509033203,20.522214889526367,20.635011672973633,318022843,SOL
2023-03-07,20.63469123840332,20.88684844970703,19.82059669494629,20.244731903076172,394901279,SOL
2023-03-08,20.24393081665039,20.332366943359375,18.286304473876953,18.421194076538086,620543521,SOL
2023-03-09,18.424707412719727,18.68904685974121,16.943132400512695,17.308147430419922,754162560,SOL
2023-03-10,17.3122501373291,18.323396682739258,16.117345809936523,18.243642807006836,944032048,SOL
2023-03-11,18.243104934692383,18.848188400268555,17.171354293823242,18.22584342956543,696894876,SOL
2023-03-12,18.22479820251465,20.39289093017578,17.942476272583008,20.310531616210938,666940879,SOL
2023-03-13,20.310792922973633,21.340412139892578,18.9644718170166,20.433712005615234,1161164364,SOL
2023-03-14,20.434707641601562,22.106672286987305,19.914527893066406,20.92803382873535,1130224251,SOL
2023-03-15,20.93529510498047,21.488908767700195,18.830358505249023,19.29098129272461,816614774,SOL
2023-03-16,19.299495697021484,19.88351058959961,19.03631019592285,19.73054313659668,438673097,SOL
2023-03-17,19.730066299438477,21.676240921020508,19.499818801879883,21.62910270690918,623518286,SOL
2023-03-18,21.6324405670166,22.861988067626953,21.141870498657227,21.19590187072754,789771840,SOL
2023-03-19,21.19828987121582,22.453811645507812,21.19828987121582,21.90340232849121,475166077,SOL
2023-03-20,21.904611587524414,23.831193923950195,21.585559844970703,22.176464080810547,1147250538,SOL
2023-03-21,22.177589416503906,23.22371482849121,21.639102935791016,22.618267059326172,745081556,SOL
2023-03-22,22.614276885986328,23.06732177734375,21.14965057373047,21.480485916137695,851680842,SOL
2023-03-23,21.475513458251953,22.700597763061523,21.216276168823242,22.216777801513672,555730954,SOL
2023-03-24,22.21415138244629,22.258434295654297,20.35582733154297,20.678855895996094,547225198,SOL
2023-03-25,20.677745819091797,20.952482223510742,20.184852600097656,20.446645736694336,272949711,SOL
2023-03-26,20.444177627563477,21.129981994628906,20.34568977355957,20.97551918029785,226663968,SOL
2023-03-27,20.976085662841797,20.97982406616211,19.508054733276367,19.921674728393555,359607077,SOL
2023-03-28,19.922195434570312,20.76420783996582,19.66556739807129,20.4706974029541,347656506,SOL
2023-03-29,20.46544075012207,21.505144119262695,20.45812225341797,21.111467361450195,378726667,SOL
2023-03-30,21.113840103149414,21.590513229370117,20.232969284057617,20.55104637145996,472449267,SOL
2023-03-31,20.552515029907227,21.441999435424805,20.155242919921875,21.170495986938477,352864960,SOL
2023-04-01,21.17135238647461,21.313888549804688,20.858905792236328,20.97564125061035,209186327,SOL
2023-04-02,21.08799171447754,21.28608512878418,20.31570053100586,20.536975860595703,229561591,SOL
2023-04-03,20.53603744506836,20.934097290039062,20.02490234375,20.443050384521484,437266506,SOL
2023-04-04,20.442649841308594,21.236377716064453,20.352720260620117,20.924619674682617,305630170,SOL
2023-04-05,20.924537658691406,21.319177627563477,20.670976638793945,20.966007232666016,324885702,SOL
2023-04-06,20.96971321105957,20.97062110900879,20.50641441345215,20.61012840270996,222557225,SOL
2023-04-07,20.611345291137695,20.771724700927734,20.267675399780273,20.469940185546875,171660856,SOL
2023-04-08,20.4666748046875,20.71323585510254,19.947696685791016,20.036449432373047,194413927,SOL
2023-04-09,20.03837013244629,20.420705795288086,19.964378356933594,20.29946517944336,152580905,SOL
2023-04-10,20.300235748291016,20.936527252197266,20.115707397460938,20.882356643676758,224169192,SOL
2023-04-11,20.883928298950195,23.635955810546875,20.860193252563477,23.018827438354492,1083533914,SOL
2023-04-12,23.018800735473633,24.34465217590332,22.423229217529297,23.985305786132812,1204250258,SOL
2023-04-13,23.810882568359375,25.242456436157227,23.704795837402344,24.432308197021484,792335438,SOL
2023-04-14,24.43577766418457,25.461393356323242,23.817447662353516,24.772722244262695,859037933,SOL
2023-04-15,24.77461051940918,24.77461051940918,23.872028350830078,24.079378128051758,379745930,SOL
2023-04-16,24.07978630065918,25.454143524169922,23.94781494140625,25.361927032470703,466841333,SOL
2023-04-17,25.36248016357422,25.938335418701172,24.406898498535156,24.55884552001953,789077237,SOL
2023-04-18,24.564685821533203,25.42329216003418,24.102088928222656,24.852689743041992,487693856,SOL
2023-04-19,24.85041046142578,24.93950843811035,22.266664505004883,22.71283531188965,836873906,SOL
2023-04-20,22.704620361328125,23.12053680419922,21.664962768554688,22.181440353393555,658826580,SOL
2023-04-21,22.183801651000977,22.376489639282227,21.133298873901367,21.278135299682617,489546774,SOL
2023-04-22,21.27747344970703,21.948162078857422,21.108491897583008,21.816287994384766,246809009,SOL
2023-04-23,21.81642723083496,22.217382431030273,21.067718505859375,21.480138778686523,314447869,SOL
2023-04-24,21.479459762573242,21.950172424316406,21.078792572021484,21.391069412231445,358681450,SOL
2023-04-25,21.389921188354492,21.93714141845703,20.783756256103516,21.92725372314453,367752382,SOL
2023-04-26,21.92747688293457,22.921377182006836,20.57401466369629,21.28301239013672,690088236,SOL
2023-04-27,21.284690856933594,22.48358154296875,21.226152420043945,22.34011459350586,509745191,SOL
2023-04-28,22.339731216430664,23.460052490234375,22.21075439453125,23.366287231445312,511781472,SOL
2023-04-29,23.366914749145508,23.750762939453125,22.987077713012695,23.18299674987793,369964075,SOL
2023-04-30,23.183658599853516,23.929723739624023,22.832014083862305,22.832014083862305,368042267,SOL
2023-05-01,22.82850456237793,22.87849235534668,21.640710830688477,21.98663330078125,438350469,SOL
2023-05-02,21.986553192138672,22.373878479003906,21.77289581298828,22.264978408813477,296722866,SOL
2023-05-03,22.265134811401367,22.26718521118164,21.282699584960938,22.218002319335938,445797367,SOL
2023-05-04,22.218751907348633,22.441139221191406,21.65181541442871,21.730348587036133,291826693,SOL
2023-05-05,21.730815887451172,23.029722213745117,21.706457138061523,22.82611083984375,423211212,SOL
2023-05-06,22.828092575073242,23.222301483154297,21.729970932006836,21.974262237548828,351934449,SOL
2023-05-07,21.971925735473633,22.738605499267578,21.808727264404297,21.844228744506836,303626005,SOL
2023-05-08,21.80777931213379,21.80777931213379,20.260629653930664,20.65746307373047,553548056,SOL
2023-05-09,20.658002853393555,20.96478843688965,20.459636688232422,20.683645248413086,272780907,SOL
2023-05-10,20.68277931213379,21.29500961303711,20.165687561035156,20.953710556030273,490700208,SOL
2023-05-11,20.95549964904785,20.95549964904785,19.855695724487305,20.234880447387695,376535594,SOL
2023-05-12,20.232479095458984,20.929597854614258,19.86431312561035,20.911794662475586,362726295,SOL
2023-05-13,20.915910720825195,21.24797821044922,20.82196807861328,20.86876106262207,224618367,SOL
2023-05-14,20.868267059326172,21.243988037109375,20.666637420654297,20.953397750854492,184522451,SOL
2023-05-15,20.953227996826172,21.485639572143555,20.647809982299805,21.00718879699707,307353987,SOL
2023-05-16,21.008012771606445,21.12025260925293,20.475379943847656,20.679420471191406,279283146,SOL
2023-05-17,20.679012298583984,21.17076873779297,20.500478744506836,21.06839942932129,279742763,SOL
2023-05-18,21.068193435668945,21.068193435668945,20.168506622314453,20.348695755004883,293327002,SOL
2023-05-19,20.348098754882812,20.5580997467041,20.312673568725586,20.349870681762695,149073606,SOL
2023-05-20,20.350309371948242,20.361488342285156,20.14699935913086,20.285446166992188,121021517,SOL
2023-05-21,20.285701751708984,20.383838653564453,19.508216857910156,19.609437942504883,210641913,SOL
2023-05-22,19.612018585205078,19.98162841796875,19.383373260498047,19.54204559326172,216922971,SOL
2023-05-23,19.54226303100586,20.152935028076172,19.45125961303711,20.043182373046875,258761187,SOL
2023-05-24,20.044349670410156,20.062013626098633,18.914325714111328,19.223663330078125,297840141,SOL
2023-05-25,19.222572326660156,19.525495529174805,18.892263412475586,19.260662078857422,194537149,SOL
2023-05-26,19.260940551757812,19.54116439819336,19.120452880859375,19.36695671081543,140228468,SOL
2023-05-27,19.36615753173828,20.499244689941406,19.350170135498047,20.425233840942383,179682882,SOL
2023-05-28,20.42608070373535,21.150989532470703,20.336889266967773,20.7985782623291,291460886,SOL
2023-05-29,20.800046920776367,20.970685958862305,20.29768180847168,20.586509704589844,228295637,SOL
2023-05-30,20.58713722229004,21.381717681884766,20.519500732421875,21.25408363342285,367512387,SOL
2023-05-31,21.255285263061523,21.318878173828125,20.468751907348633,20.82450294494629,246152341,SOL
2023-06-01,20.824892044067383,20.97260856628418,20.46446990966797,20.50221824645996,209047110,SOL
2023-06-02,20.502729415893555,21.35614013671875,20.38359260559082,21.25759506225586,237609887,SOL
2023-06-03,21.258623123168945,21.335468292236328,21.017078399658203,21.15556526184082,144933830,SOL
2023-06-04,21.15740966796875,22.284591674804688,21.061323165893555,21.8189754486084,317802167,SOL
2023-06-05,21.821796417236328,22.042024612426758,19.423831939697266,20.07505989074707,594214946,SOL
2023-06-06,20.0625057220459,20.683780670166016,19.320531845092773,20.398483276367188,441408235,SOL
2023-06-07,20.399314880371094,20.486583709716797,18.5499210357666,18.6342830657959,390444801,SOL
2023-06-08,18.63564682006836,19.0777645111084,18.294736862182617,18.909475326538086,258460307,SOL
2023-06-09,18.908403396606445,19.299476623535156,17.161293029785156,17.37969970703125,463344687,SOL
2023-06-10,17.3813533782959,17.39295768737793,13.379448890686035,15.65610122680664,1230339924,SOL
2023-06-11,15.654450416564941,16.115692138671875,15.198493003845215,15.558775901794434,446176848,SOL
2023-06-12,15.557231903076172,15.606237411499023,14.817190170288086,15.196707725524902,384209938,SOL
2023-06-13,15.196287155151367,15.873085975646973,14.816584587097168,15.018193244934082,363876713,SOL
2023-06-14,15.018190383911133,15.305150032043457,14.195953369140625,14.486572265625,296502336,SOL
2023-06-15,14.486286163330078,15.010393142700195,14.214147567749023,14.759472846984863,329864409,SOL
2023-06-16,14.760416030883789,15.399171829223633,14.46956729888916,15.30825424194336,232544705,SOL
2023-06-17,15.308581352233887,16.06578254699707,15.185426712036133,15.650521278381348,206436912,SOL
2023-06-18,15.64947509765625,15.812690734863281,15.361244201660156,15.43823528289795,141612316,SOL
2023-06-19,15.438765525817871,16.07537078857422,15.414377212524414,16.073041915893555,163949883,SOL
2023-06-20,16.07803726196289,16.66510581970215,15.759370803833008,16.635231018066406,265787114,SOL
2023-06-21,16.635486602783203,17.379573822021484,16.58346939086914,17.25704574584961,357788986,SOL
2023-06-22,17.25714874267578,17.698505401611328,16.6103458404541,16.642620086669922,299233520,SOL
2023-06-23,16.642969131469727,17.510692596435547,16.23674774169922,17.149534225463867,386994632,SOL
2023-06-24,17.149274826049805,17.517597198486328,16.46331787109375,16.652862548828125,260480952,SOL
2023-06-25,16.651472091674805,17.34068489074707,16.60713768005371,16.97138023376465,252839095,SOL
2023-06-26,16.969646453857422,17.10167694091797,16.02097511291504,16.27002716064453,275948459,SOL
2023-06-27,16.26987075805664,16.909896850585938,16.1785888671875,16.61964988708496,259041273,SOL
2023-06-28,16.621904373168945,16.627328872680664,15.74758243560791,15.98684310913086,327399744,SOL
2023-06-29,15.98551082611084,18.19975471496582,15.906376838684082,17.970457077026367,737633196,SOL
2023-06-30,17.971071243286133,19.855125427246094,17.314870834350586,18.897321701049805,1120379648,SOL
2023-07-01,18.89606475830078,18.97142791748047,17.945798873901367,18.683902740478516,349552752,SOL
2023-07-02,18.689668655395508,19.704559326171875,18.58200454711914,19.453594207763672,497231250,SOL
2023-07-03,19.45241355895996,19.6131591796875,18.943145751953125,19.240537643432617,324227812,SOL
2023-07-04,19.24203109741211,19.87669563293457,19.096738815307617,19.14322853088379,345225951,SOL
2023-07-05,19.145612716674805,19.355266571044922,18.498628616333008,18.99286460876465,260416081,SOL
2023-07-06,18.991992950439453,20.922775268554688,18.886260986328125,19.729385375976562,903770571,SOL
2023-07-07,19.726110458374023,21.60171127319336,19.318931579589844,21.484664916992188,988591308,SOL
2023-07-08,21.485252380371094,22.40300178527832,21.356882095336914,21.859268188476562,693929963,SOL
2023-07-09,21.854955673217773,22.322025299072266,21.08757781982422,21.3490047454834,405174806,SOL
2023-07-10,21.347787857055664,21.777145385742188,20.572586059570312,21.31377601623535,543191863,SOL
2023-07-11,21.314722061157227,22.285200119018555,21.24249267578125,22.092933654785156,453810523,SOL
2023-07-12,22.092424392700195,22.712724685668945,21.82825469970703,21.977602005004883,541605988,SOL
2023-07-13,21.97846031188965,26.624345779418945,21.49482536315918,26.02569580078125,1527996472,SOL
2023-07-14,26.02075958251953,30.057695388793945,25.434978485107422,26.7357177734375,2184090884,SOL
2023-07-15,26.729034423828125,29.057395935058594,26.688867568969727,27.391355514526367,1323279744,SOL
2023-07-16,27.395526885986328,28.551088333129883,26.8976993560791,27.384082794189453,753056132,SOL
2023-07-17,27.38576889038086,28.380918502807617,25.895729064941406,26.872766494750977,970813262,SOL
2023-07-18,26.869007110595703,27.045597076416016,24.824853897094727,25.544504165649414,696782373,SOL
2023-07-19,25.55088233947754,26.922088623046875,25.418062210083008,26.372352600097656,603189951,SOL
2023-07-20,26.36872673034668,26.896438598632812,25.16942596435547,25.375167846679688,606255421,SOL
2023-07-21,25.375524520874023,25.947921752929688,25.142337799072266,25.544267654418945,410907584,SOL
2023-07-22,25.54317855834961,25.95035743713379,24.306474685668945,24.535053253173828,335432006,SOL
2023-07-23,24.532663345336914,25.213611602783203,24.250967025756836,24.766815185546875,330741258,SOL
2023-07-24,24.765520095825195,24.810638427734375,23.069425582885742,23.38149070739746,492344649,SOL
2023-07-25,23.383249282836914,23.525882720947266,22.864362716674805,23.279321670532227,346742173,SOL
2023-07-26,23.27935791015625,25.518346786499023,23.207731246948242,25.177053451538086,688135176,SOL
2023-07-27,25.17807960510254,25.586376190185547,24.72016143798828,25.099336624145508,514211484,SOL
2023-07-28,25.09872817993164,25.473247528076172,24.577672958374023,24.84685707092285,374045446,SOL
2023-07-29,24.84393310546875,25.36704444885254,24.78037452697754,25.168973922729492,265061245,SOL
2023-07-30,25.16937255859375,25.19329261779785,23.845407485961914,24.261018753051758,365262222,SOL
2023-07-31,24.261838912963867,24.75018310546875,23.6588191986084,23.720956802368164,376948332,SOL
2023-08-01,23.724891662597656,23.99875259399414,23.087238311767578,23.99875259399414,428254164,SOL
2023-08-02,23.993515014648438,24.219627380371094,22.984315872192383,23.145721435546875,393185796,SOL
2023-08-03,23.144893646240234,23.353015899658203,22.54010009765625,22.636049270629883,365983702,SOL
2023-08-04,22.632715225219727,23.52178192138672,22.522666931152344,22.79361915588379,382245804,SOL
2023-08-05,22.793601989746094,22.89552879333496,22.3279972076416,22.632204055786133,250613466,SOL
2023-08-06,22.63254737854004,23.416099548339844,22.596603393554688,23.18569564819336,320595154,SOL
2023-08-07,23.185405731201172,23.503938674926758,22.48735237121582,23.068756103515625,353804981,SOL
2023-08-08,23.069252014160156,24.727624893188477,23.021738052368164,24.211763381958008,495649796,SOL
2023-08-09,24.211030960083008,24.95158576965332,24.1942081451416,24.37852668762207,447009018,SOL
2023-08-10,24.3783016204834,24.809499740600586,24.150667190551758,24.613052368164062,339616018,SOL
2023-08-11,24.610626220703125,24.865314483642578,24.359615325927734,24.582860946655273,314045619,SOL
2023-08-12,24.585542678833008,25.11195182800293,24.405805587768555,24.90673065185547,253389584,SOL
2023-08-13,24.905216217041016,24.91316032409668,24.236482620239258,24.24288558959961,263449955,SOL
2023-08-14,24.242403030395508,25.22711753845215,24.09539794921875,25.142822265625,359715099,SOL
2023-08-15,25.147171020507812,25.241121292114258,23.761661529541016,23.89658546447754,424193111,SOL
2023-08-16,23.900014877319336,23.993120193481445,22.48752784729004,22.811975479125977,441171937,SOL
2023-08-17,22.811418533325195,23.380619049072266,20.304153442382812,21.70997428894043,620931325,SOL
2023-08-18,21.712427139282227,22.170013427734375,21.089134216308594,21.335493087768555,411279768,SOL
2023-08-19,21.335710525512695,22.147785186767578,21.315994262695312,21.879037857055664,244048976,SOL
2023-08-20,21.879751205444336,22.004703521728516,21.630094528198242,21.77327537536621,198853112,SOL
2023-08-21,21.773263931274414,21.77742576599121,20.683576583862305,21.20825958251953,339125910,SOL
2023-08-22,21.20706558227539,21.250513076782227,19.7354679107666,20.546541213989258,381594696,SOL
2023-08-23,20.54734992980957,21.746028900146484,20.451467514038086,21.703624725341797,404686524,SOL
2023-08-24,21.70798683166504,21.98844337463379,20.751087188720703,21.033031463623047,328472951,SOL
2023-08-25,21.035110473632812,21.04962730407715,20.153100967407227,20.392719268798828,278312420,SOL
2023-08-26,20.392974853515625,20.403776168823242,20.217575073242188,20.280424118041992,144065112,SOL
2023-08-27,20.28070068359375,20.870126724243164,20.26211166381836,20.78683853149414,177496132,SOL
2023-08-28,20.786964416503906,20.786964416503906,20.168689727783203,20.557100296020508,200600033,SOL
2023-08-29,20.556865692138672,21.983257293701172,20.12834358215332,21.780763626098633,469679540,SOL
2023-08-30,21.782026290893555,21.932714462280273,20.641664505004883,20.834903717041016,292322455,SOL
2023-08-31,20.833837509155273,21.007213592529297,19.549762725830078,19.735092163085938,343649256,SOL
2023-09-01,19.734756469726562,19.907936096191406,19.092510223388672,19.327844619750977,286842939,SOL
2023-09-02,19.328523635864258,19.66608428955078,19.188915252685547,19.493743896484375,200858690,SOL
2023-09-03,19.494253158569336,19.657276153564453,19.28093147277832,19.578746795654297,164570332,SOL
2023-09-04,19.577850341796875,19.949865341186523,19.24225616455078,19.499408721923828,220024399,SOL
2023-09-05,19.50067710876465,20.547443389892578,19.094310760498047,20.272384643554688,387328289,SOL
2023-09-06,20.27223777770996,20.348989486694336,19.215927124023438,19.62002944946289,313630984,SOL
2023-09-07,19.62108039855957,19.972978591918945,19.367788314819336,19.890499114990234,242438252,SOL
2023-09-08,19.893768310546875,20.214828491210938,19.421865463256836,19.599044799804688,219114497,SOL
2023-09-09,19.600006103515625,19.602888107299805,19.40461540222168,19.44607162475586,101925453,SOL
2023-09-10,19.44618797302246,19.44618797302246,17.87034034729004,18.248830795288086,520683204,SOL
2023-09-11,18.246707916259766,18.413116455078125,17.461477279663086,17.739166259765625,380225621,SOL
2023-09-12,17.73886489868164,18.655071258544922,17.606657028198242,17.929826736450195,361388393,SOL
2023-09-13,17.930871963500977,18.508787155151367,17.739513397216797,18.402999877929688,356729875,SOL
2023-09-14,18.403322219848633,19.26730728149414,18.403322219848633,18.838306427001953,349380172,SOL
2023-09-15,18.83917999267578,19.40658187866211,18.590330123901367,19.16884422302246,205202282,SOL
2023-09-16,19.169498443603516,19.41681480407715,18.917415618896484,19.140369415283203,146477836,SOL
2023-09-17,19.139827728271484,19.139827728271484,18.712940216064453,18.831628799438477,112594680,SOL
2023-09-18,18.832380294799805,20.100101470947266,18.65157127380371,19.657245635986328,316245106,SOL
2023-09-19,19.657075881958008,20.358543395996094,19.614437103271484,20.03618812561035,253895801,SOL
2023-09-20,20.03628921508789,20.48303985595703,19.85378074645996,20.3049373626709,233206126,SOL
2023-09-21,20.3048152923584,20.3048152923584,19.37391471862793,19.47907066345215,253809695,SOL
2023-09-22,19.47825050354004,19.774112701416016,19.221296310424805,19.43814468383789,170874161,SOL
2023-09-23,19.43851089477539,19.55816078186035,19.313749313354492,19.47390365600586,97379053,SOL
2023-09-24,19.473894119262695,19.657695770263672,19.30803680419922,19.374290466308594,115380619,SOL
2023-09-25,19.3741455078125,19.703439712524414,19.217248916625977,19.40414047241211,163848456,SOL
2023-09-26,19.40274429321289,19.5053653717041,18.941389083862305,19.023286819458008,170201883,SOL
2023-09-27,19.02251434326172,19.44652557373047,18.774215698242188,19.130022048950195,210385139,SOL
2023-09-28,19.129474639892578,19.960865020751953,19.110307693481445,19.957616806030273,225954938,SOL
2023-09-29,19.95958137512207,20.415977478027344,19.875160217285156,20.300655364990234,219571069,SOL
2023-09-30,20.299589157104492,21.729970932006836,20.124679565429688,21.3951473236084,328987954,SOL
2023-10-01,21.392059326171875,24.396018981933594,21.170072555541992,23.83648681640625,637123111,SOL
2023-10-02,23.837955474853516,24.603424072265625,22.976022720336914,23.371700286865234,658084028,SOL
2023-10-03,23.36992073059082,24.662073135375977,23.296710968017578,23.55269432067871,653491878,SOL
2023-10-04,23.556915283203125,23.754377365112305,22.692842483520508,23.144786834716797,429268875,SOL
2023-10-05,23.14655113220215,23.717647552490234,22.628948211669922,22.694141387939453,361288781,SOL
2023-10-06,22.692167282104492,23.70509147644043,22.692167282104492,23.424453735351562,402665506,SOL
2023-10-07,23.4239501953125,24.101722717285156,23.117116928100586,23.287302017211914,278403509,SOL
2023-10-08,23.289335250854492,23.613706588745117,23.14427947998047,23.24642562866211,190670414,SOL
2023-10-09,23.244909286499023,23.353511810302734,21.814489364624023,22.118396759033203,356967743,SOL
2023-10-10,22.117517471313477,22.45848846435547,21.738727569580078,22.10511589050293,241087146,SOL
2023-10-11,22.105201721191406,22.39118194580078,21.679807662963867,22.00741958618164,278925381,SOL
2023-10-12,22.007484436035156,22.019926071166992,21.068971633911133,21.300268173217773,283320977,SOL
2023-10-13,21.299955368041992,22.156654357910156,21.132036209106445,21.834917068481445,269268807,SOL
2023-10-14,21.834354400634766,22.196813583374023,21.82191276550293,22.01171875,174004594,SOL
2023-10-15,22.010534286499023,22.135814666748047,21.711383819580078,21.922027587890625,178940996,SOL
2023-10-16,21.92258644104004,24.41446876525879,21.92258644104004,23.98295783996582,726713710,SOL
2023-10-17,23.981590270996094,24.485265731811523,23.644390106201172,23.959318161010742,520830665,SOL
2023-10-18,23.959224700927734,24.30299949645996,23.4240779876709,23.432138442993164,362606644,SOL
2023-10-19,23.4334774017334,25.389076232910156,23.256446838378906,24.93791961669922,663249208,SOL
2023-10-20,24.937543869018555,27.31616973876953,24.774505615234375,27.033674240112305,910991447,SOL
2023-10-21,27.034481048583984,30.14244842529297,26.71261215209961,29.386228561401367,1160814433,SOL
2023-10-22,29.384227752685547,29.9661922454834,28.20864486694336,29.03668212890625,665340924,SOL
2023-10-23,29.26222038269043,32.468772888183594,28.9017391204834,31.850984573364258,1581590969,SOL
2023-10-24,31.84965705871582,32.36031723022461,29.70209312438965,30.15153694152832,1450364573,SOL
2023-10-25,30.151220321655273,33.69322204589844,30.059873580932617,32.46306610107422,1458706203,SOL
2023-10-26,32.461856842041016,33.22134017944336,30.797067642211914,32.77549362182617,1015617285,SOL
2023-10-27,32.77643585205078,33.30240249633789,31.52513885498047,31.73969841003418,870812666,SOL
2023-10-28,31.73992156982422,32.47766876220703,31.50631332397461,31.653318405151367,380462073,SOL
2023-10-29,31.652101516723633,33.13132858276367,31.434202194213867,32.822608947753906,507672244,SOL
2023-10-30,32.819034576416016,35.17289352416992,32.39456558227539,34.962337493896484,1099930941,SOL
2023-10-31,34.95983123779297,38.54643249511719,34.9084358215332,38.51951599121094,1577034191,SOL
2023-11-01,38.513057708740234,46.25090026855469,37.96105194091797,41.461544036865234,3630725002,SOL
2023-11-02,41.385948181152344,44.4891242980957,38.975345611572266,40.20756912231445,2583692673,SOL
2023-11-03,40.208927154541016,40.22572326660156,38.21837615966797,39.51976013183594,1755955299,SOL
2023-11-04,39.52021026611328,42.69524002075195,39.168792724609375,42.346595764160156,1454107898,SOL
2023-11-05,42.37336730957031,42.80353927612305,40.380126953125,41.23860168457031,884855278,SOL
2023-11-06,41.238563537597656,42.155067443847656,39.825077056884766,42.12858963012695,1010459088,SOL
2023-11-07,42.13777160644531,44.42584991455078,40.319908142089844,43.09254455566406,1780187159,SOL
2023-11-08,43.08591842651367,43.805057525634766,42.394229888916016,43.18988800048828,1009177437,SOL
2023-11-09,43.18186950683594,48.703067779541016,42.608184814453125,45.444828033447266,2830770419,SOL
2023-11-10,45.4423713684082,57.34910202026367,45.21684646606445,56.64385223388672,3795204638,SOL
2023-11-11,56.640995025634766,63.41544723510742,54.04486846923828,56.1026611328125,4182963132,SOL
2023-11-12,56.13203048706055,61.71490478515625,54.94210433959961,56.15409851074219,2987356952,SOL
2023-11-13,56.180625915527344,59.71365737915039,51.90705108642578,51.90705108642578,2942685126,SOL
2023-11-14,51.902217864990234,57.730106353759766,51.71446228027344,56.838375091552734,3195616616,SOL
2023-11-15,56.83993911743164,66.86766815185547,56.30898666381836,65.5344009399414,3793937162,SOL
2023-11-16,65.53944396972656,67.99214935302734,56.81013107299805,57.871402740478516,3922608772,SOL
2023-11-17,57.92103958129883,60.416290283203125,54.5516471862793,58.41593551635742,3185454735,SOL
2023-11-18,58.39267349243164,59.283443450927734,55.062313079833984,58.512725830078125,1942321169,SOL
2023-11-19,58.52428436279297,62.02115249633789,56.88264846801758,61.393558502197266,1998656461,SOL
2023-11-20,61.370460510253906,61.370460510253906,56.353431701660156,56.53383255004883,1937313546,SOL
2023-11-21,56.540367126464844,57.36568832397461,51.55591583251953,52.00047302246094,2440890238,SOL
2023-11-22,52.00212860107422,58.79156494140625,51.73749542236328,57.588558197021484,1985653842,SOL
2023-11-23,57.57801818847656,59.47392272949219,56.28756332397461,56.599369049072266,1379316733,SOL
2023-11-24,56.57889175415039,58.686012268066406,56.349090576171875,56.86643981933594,1146346831,SOL
2023-11-25,56.86628723144531,59.654144287109375,56.325279235839844,58.84648895263672,1183793273,SOL
2023-11-26,58.845420837402344,58.95796203613281,56.51145553588867,57.6427001953125,871154750,SOL
2023-11-27,57.628868103027344,58.02122497558594,53.71446990966797,55.06462097167969,1237763215,SOL
2023-11-28,55.06262969970703,58.6068229675293,54.085323333740234,58.19437026977539,1412314015,SOL
2023-11-29,58.193050384521484,61.653358459472656,57.8550910949707,59.25012969970703,1941361674,SOL
2023-11-30,59.253517150878906,61.43787384033203,58.946922302246094,59.24162292480469,1263841021,SOL
2023-12-01,59.23817825317383,61.758018493652344,58.7782096862793,59.80399703979492,1376669760,SOL
2023-12-02,59.80374526977539,63.83285903930664,59.77376174926758,63.83285903930664,1346327049,SOL
2023-12-03,63.82087707519531,65.39625549316406,62.416622161865234,63.03996658325195,1368876645,SOL
2023-12-04,63.03776931762695,65.13323974609375,60.280521392822266,61.526615142822266,2211865569,SOL
2023-12-05,61.5291748046875,62.54000473022461,59.25082778930664,60.99483108520508,1693517649,SOL
2023-12-06,60.97986602783203,66.38362121582031,60.97986602783203,61.902957916259766,3030993886,SOL
2023-12-07,61.934043884277344,69.30046844482422,61.873008728027344,67.83782958984375,3002455075,SOL
2023-12-08,67.84671783447266,75.12979125976562,67.84123229980469,75.00243377685547,3612712432,SOL
2023-12-09,74.98954772949219,77.50202178955078,72.03968811035156,72.25760650634766,2893248364,SOL
2023-12-10,72.27294921875,74.72459411621094,70.91922760009766,74.70588684082031,1849363354,SOL
2023-12-11,74.71422576904297,74.8381118774414,67.21549224853516,70.36717224121094,3729540309,SOL
2023-12-12,70.34428405761719,72.34092712402344,65.968994140625,68.54067993164062,2366453484,SOL
2023-12-13,68.5322494506836,72.3547592163086,64.3697738647461,70.76778411865234,2414610075,SOL
2023-12-14,70.74867248535156,76.17998504638672,69.8573226928711,75.62033081054688,2464938440,SOL
2023-12-15,75.63668823242188,79.15106964111328,72.36663818359375,72.36898803710938,2821390652,SOL
2023-12-16,72.43347930908203,77.0792007446289,71.56934356689453,73.47350311279297,1781972898,SOL
2023-12-17,73.47478485107422,74.72001647949219,70.82445526123047,71.00051879882812,1552380672,SOL
2023-12-18,70.93263244628906,75.38053894042969,67.33440399169922,74.34716033935547,2281865174,SOL
2023-12-19,74.34918975830078,76.27140808105469,72.01061248779297,72.9897689819336,1900875405,SOL
2023-12-20,72.989990234375,83.95745086669922,72.989990234375,82.19123077392578,3745738278,SOL
2023-12-21,82.1856460571289,95.32344055175781,81.23770904541016,93.85481262207031,4711493441,SOL
2023-12-22,93.85801696777344,99.12442779541016,90.79840087890625,98.00369262695312,5284203995,SOL
2023-12-23,98.0016860961914,109.50884246826172,93.10676574707031,107.59423065185547,3957434568,SOL
2023-12-24,107.72513580322266,117.38066864013672,107.72513580322266,112.48521423339844,6365529251,SOL
2023-12-25,112.56411743164062,125.19389343261719,108.90338134765625,121.1464614868164,5951791518,SOL
2023-12-26,121.08433532714844,121.14399719238281,104.72821807861328,112.6767349243164,6117657160,SOL
2023-12-27,112.65483093261719,115.03387451171875,105.42523193359375,107.02379608154297,4267938569,SOL
2023-12-28,107.022705078125,109.420654296875,97.66864776611328,102.10456848144531,4492625126,SOL
2023-12-29,102.06928253173828,109.6711196899414,100.05551147460938,106.31151580810547,4445797973,SOL
2023-12-30,106.29850006103516,107.3282241821289,101.06812286376953,101.84508514404297,1863177830,SOL
2023-12-31,101.84417724609375,105.133544921875,99.88642883300781,101.50582122802734,1748630533,SOL
2024-01-01,101.51280975341797,109.50868225097656,101.51280975341797,109.50868225097656,2157671990,SOL
2024-01-02,109.54906463623047,116.88249206542969,106.38898468017578,106.61122131347656,3782057553,SOL
2024-01-03,106.61653137207031,109.84809112548828,92.92366790771484,98.59443664550781,5472216595,SOL
2024-01-04,98.58697509765625,107.98246765136719,97.10832977294922,105.0775375366211,3272723247,SOL
2024-01-05,105.05200958251953,105.23542785644531,95.9427261352539,99.97879028320312,3022127826,SOL
2024-01-06,99.98799133300781,100.03740692138672,92.02278900146484,93.85771942138672,2235902092,SOL
2024-01-07,93.8603515625,96.69239807128906,88.22345733642578,89.2763442993164,2288061692,SOL
2024-01-08,89.2781753540039,99.76187133789062,85.64669799804688,97.79044342041016,4152448360,SOL
2024-01-09,97.81603240966797,103.7961654663086,95.89379119873047,99.40918731689453,4070131683,SOL
2024-01-10,99.38423919677734,105.0823745727539,92.56326293945312,102.03302001953125,4216429514,SOL
2024-01-11,102.10365295410156,106.93573760986328,98.4124984741211,99.90943908691406,4174026719,SOL
2024-01-12,99.91187286376953,100.2544937133789,88.30984497070312,91.72090911865234,2868799888,SOL
2024-01-13,91.7597427368164,96.91764831542969,89.7544937133789,95.73004913330078,1880329065,SOL
2024-01-14,95.73265075683594,102.173583984375,93.89056396484375,94.13314056396484,2736734725,SOL
2024-01-15,94.03654479980469,96.82123565673828,93.2411117553711,94.49022674560547,1755858499,SOL
2024-01-16,94.43834686279297,98.59530639648438,94.39668273925781,97.62691497802734,1806576879,SOL
2024-01-17,97.61580657958984,102.4337387084961,97.05516052246094,102.0635986328125,3220344763,SOL
2024-01-18,102.02949523925781,102.92314147949219,92.14057922363281,94.2509536743164,2684524713,SOL
2024-01-19,94.25067138671875,95.16472625732422,87.48365783691406,93.38616943359375,2631067383,SOL
2024-01-20,93.393798828125,94.02531433105469,90.4937515258789,92.56983947753906,1204443546,SOL
2024-01-21,92.58952331542969,93.71378326416016,90.84843444824219,90.84843444824219,894963197,SOL
2024-01-22,90.90369415283203,91.63616180419922,82.6597671508789,83.62281036376953,2662287481,SOL
2024-01-23,83.62184143066406,85.8401870727539,79.06669616699219,84.27450561523438,2990436327,SOL
2024-01-24,84.28726196289062,89.2677230834961,83.41868591308594,88.73200988769531,2352477736,SOL
2024-01-25,88.73780059814453,89.37682342529297,85.273681640625,86.88921356201172,1674093024,SOL
2024-01-26,86.88945007324219,93.52867126464844,86.14839172363281,92.44236755371094,2027305107,SOL
2024-01-27,92.38762664794922,94.43761444091797,90.84476470947266,94.16321563720703,1256585307,SOL
2024-01-28,94.18190002441406,99.37737274169922,93.538330078125,95.93798065185547,2425625612,SOL
2024-01-29,95.93798065185547,101.77191162109375,95.17613220214844,101.56666564941406,2604890575,SOL
2024-01-30,101.56666564941406,106.21345520019531,101.10939025878906,101.47297668457031,3328090833,SOL
2024-01-31,101.44925689697266,102.54806518554688,96.10359191894531,97.0287094116211,3814467068,SOL
2024-02-01,97.02484130859375,97.9441909790039,93.37918853759766,97.84669494628906,2951395444,SOL
2024-02-02,97.8346939086914,102.41262817382812,97.57415771484375,100.44052124023438,2574044077,SOL
2024-02-03,100.45113372802734,101.0589828491211,96.81257629394531,97.8799819946289,1349320819,SOL
2024-02-04,97.88506317138672,98.45758819580078,95.26637268066406,95.47695922851562,1304106726,SOL
2024-02-05,95.47146606445312,98.5440444946289,94.29252624511719,95.54866027832031,1635327054,SOL
2024-02-06,95.54961395263672,97.79078674316406,93.2807388305664,96.86107635498047,1699997346,SOL
2024-02-07,96.86189270019531,101.23660278320312,94.72022247314453,100.97927856445312,1733607189,SOL
2024-02-08,100.99549865722656,104.79804229736328,100.55369567871094,102.78563690185547,2288429230,SOL
2024-02-09,102.79017639160156,108.98772430419922,102.79017639160156,106.93333435058594,2852770180,SOL
2024-02-10,106.93366241455078,110.74279022216797,106.93366241455078,109.1314697265625,1836561570,SOL
2024-02-11,109.1166763305664,110.55686950683594,107.35765075683594,107.49528503417969,1370383843,SOL
2024-02-12,107.49263000488281,112.06966400146484,103.60929107666016,111.99275207519531,2650731894,SOL
2024-02-13,111.97724914550781,114.8106460571289,108.49378204345703,112.57930755615234,2709494768,SOL
2024-02-14,112.57496643066406,118.3277816772461,110.87847137451172,116.97632598876953,2391239729,SOL
2024-02-15,116.98538970947266,118.3064956665039,111.77587890625,113.69940948486328,2471486178,SOL
2024-02-16,113.6730728149414,114.25308990478516,108.34872436523438,110.44591522216797,1921299579,SOL
2024-02-17,110.44330596923828,111.07304382324219,106.1252212524414,108.98401641845703,1370606631,SOL
2024-02-18,108.98760223388672,114.00138092041016,107.60671997070312,112.17467498779297,1516321334,SOL
2024-02-19,112.17882537841797,114.71797943115234,111.08141326904297,111.4853286743164,1898655220,SOL
2024-02-20,111.48344421386719,112.0367431640625,104.89022827148438,108.45964050292969,2656976089,SOL
2024-02-21,108.45266723632812,108.45266723632812,100.41201782226562,105.1252212524414,2246861647,SOL
2024-02-22,105.12030792236328,106.99540710449219,101.64240264892578,101.66979217529297,1830636004,SOL
2024-02-23,101.67462158203125,103.02283477783203,98.9583511352539,99.95469665527344,1483285120,SOL
2024-02-24,99.95437622070312,104.64539337158203,98.585205078125,104.1335220336914,1083637514,SOL
2024-02-25,104.1326675415039,104.32994079589844,102.17102813720703,103.4534912109375,909662462,SOL
2024-02-26,103.4507064819336,110.58035278320312,100.4552001953125,109.91853332519531,2334408023,SOL
2024-02-27,109.91878509521484,112.2047119140625,105.89693450927734,108.3880844116211,2723995106,SOL
2024-02-28,108.39923858642578,118.05220031738281,107.46087646484375,118.05220031738281,5029492553,SOL
2024-02-29,118.2387466430664,134.4656982421875,117.66751861572266,125.71151733398438,6950123902,SOL
2024-03-01,125.63670349121094,137.60186767578125,125.63670349121094,129.9904022216797,4743077738,SOL
2024-03-02,129.98231506347656,131.45486450195312,127.6808853149414,129.70018005371094,2741772676,SOL
2024-03-03,129.7933807373047,132.062744140625,125.76932525634766,130.45086669921875,2875614168,SOL
2024-03-04,130.42323303222656,134.87417602539062,127.79814147949219,133.194580078125,4429758300,SOL
2024-03-05,133.15936279296875,142.65093994140625,109.53875732421875,125.70671081542969,8980294607,SOL
2024-03-06,125.69921112060547,134.8106231689453,120.31733703613281,130.7420196533203,5146680159,SOL
2024-03-07,130.7420196533203,149.2247314453125,130.70175170898438,143.9778594970703,7111178325,SOL
2024-03-08,143.97727966308594,152.4179229736328,142.53614807128906,145.2400360107422,5474659974,SOL
2024-03-09,145.24032592773438,149.35128784179688,144.29037475585938,144.6072540283203,2946261381,SOL
2024-03-10,144.60733032226562,148.6719207763672,140.83999633789062,144.5151824951172,3407621981,SOL
2024-03-11,144.5144805908203,150.01797485351562,137.6329803466797,148.75096130371094,5383624184,SOL
2024-03-12,148.7496795654297,154.94229125976562,142.87014770507812,151.01544189453125,6413617983,SOL
2024-03-13,151.01544189453125,166.44876098632812,148.94561767578125,163.83981323242188,5917471836,SOL
2024-03-14,163.83993530273438,177.8926239013672,160.23355102539062,176.67974853515625,8399967972,SOL
2024-03-15,176.67974853515625,188.50135803222656,165.4127197265625,182.96469116210938,14093348410,SOL
2024-03-16,182.96751403808594,197.65599060058594,177.46127319335938,181.88034057617188,11794134069,SOL
2024-03-17,181.88034057617188,204.29254150390625,179.22560119628906,202.12356567382812,10876218562,SOL
2024-03-18,202.1226043701172,209.69606018066406,194.8494110107422,195.9927520751953,11137647410,SOL
2024-03-19,195.9927520751953,198.24107360839844,166.17674255371094,170.0162811279297,11658593922,SOL
2024-03-20,170.0162811279297,192.9118194580078,163.2962646484375,191.54962158203125,8673957460,SOL
2024-03-21,191.54962158203125,195.30612182617188,176.2833251953125,179.2207489013672,5613811275,SOL
2024-03-22,179.23980712890625,181.3232421875,167.8778533935547,174.36370849609375,4150938142,SOL
2024-03-23,174.36370849609375,178.80010986328125,171.0169677734375,172.90225219726562,2711581881,SOL
2024-03-24,172.8978729248047,186.62942504882812,171.67372131347656,183.57345581054688,2661231893,SOL
2024-03-25,183.57345581054688,194.43026733398438,181.25234985351562,189.0835418701172,4066489821,SOL
2024-03-26,189.08338928222656,196.2930450439453,186.75282287597656,190.69985961914062,3520179571,SOL
2024-03-27,190.69998168945312,192.49658203125,180.42044067382812,186.36146545410156,3844985014,SOL
2024-03-28,186.36146545410156,190.8834686279297,180.99761962890625,189.6216278076172,2910414256,SOL
2024-03-29,189.6216278076172,192.96981811523438,183.6461639404297,192.2279510498047,3031009580,SOL
2024-03-30,192.2278594970703,199.73094177246094,191.21678161621094,194.3855438232422,2999311846,SOL
2024-03-31,194.37579345703125,203.02679443359375,194.0353240966797,202.87413024902344,2342185476,SOL
2024-04-01,202.8744354248047,204.1797637939453,187.4888916015625,192.5678253173828,3872515434,SOL
2024-04-02,192.5678253173828,192.56942749023438,176.132080078125,181.17225646972656,4553269015,SOL
2024-04-03,181.1727294921875,191.6926727294922,177.3955078125,185.2486114501953,4160370221,SOL
2024-04-04,185.2486114501953,190.06968688964844,180.51229858398438,183.95811462402344,4101220964,SOL
2024-04-05,183.95811462402344,184.977783203125,168.23606872558594,174.5015106201172,7398400404,SOL
2024-04-06,174.5015106201172,179.69752502441406,173.8743133544922,178.91534423828125,4672922789,SOL
2024-04-07,178.91534423828125,182.5382080078125,177.0657958984375,179.6498565673828,1854793003,SOL
2024-04-08,179.65069580078125,184.30287170410156,175.58998107910156,180.78477478027344,2744377905,SOL
2024-04-09,180.77951049804688,180.82568359375,169.36776733398438,172.4136199951172,2688188866,SOL
2024-04-10,172.4142608642578,175.32261657714844,163.81312561035156,173.43736267089844,3344074648,SOL
2024-04-11,173.43736267089844,176.2355194091797,170.3934326171875,172.5763702392578,2712334365,SOL
2024-04-12,172.5763702392578,175.8086395263672,145.51638793945312,153.63546752929688,4727185451,SOL
2024-04-13,153.6344757080078,154.94395446777344,119.83334350585938,139.34169006347656,8976793985,SOL
2024-04-14,139.34169006347656,152.50100708007812,131.28717041015625,151.28494262695312,7110974218,SOL
2024-04-15,151.2994384765625,155.96116638183594,134.5725555419922,138.5086212158203,5699439234,SOL
2024-04-16,138.507568359375,140.27830505371094,126.86528015136719,136.27932739257812,5156084639,SOL
2024-04-17,136.27911376953125,142.60438537597656,127.5289535522461,131.86618041992188,4888546522,SOL
2024-04-18,131.86717224121094,143.72735595703125,128.07675170898438,142.0823974609375,4193561506,SOL
2024-04-19,142.0823974609375,147.3337860107422,128.86282348632812,142.6804962158203,5857667913,SOL
2024-04-20,142.67845153808594,152.09918212890625,140.00570678710938,151.13356018066406,2795892211,SOL
2024-04-21,151.1340789794922,153.42225646972656,147.16952514648438,148.60931396484375,2211663291,SOL
2024-04-22,148.60931396484375,158.37271118164062,146.99169921875,157.03121948242188,2959650502,SOL
2024-04-23,157.03121948242188,159.94459533691406,153.3231201171875,154.70130920410156,2750685937,SOL
2024-04-24,154.70130920410156,159.58090209960938,145.77056884765625,147.74514770507812,3932336720,SOL
2024-04-25,147.74961853027344,149.3037567138672,142.2645721435547,144.89212036132812,3674969172,SOL
2024-04-26,144.88917541503906,145.8546142578125,138.90838623046875,139.10433959960938,2564389027,SOL
2024-04-27,139.10433959960938,142.87451171875,134.02891540527344,141.28916931152344,2373155947,SOL
2024-04-28,141.28916931152344,144.51388549804688,137.23301696777344,137.85641479492188,1959005342,SOL
2024-04-29,137.8601837158203,138.7387237548828,133.70916748046875,137.7766571044922,2464951751,SOL
2024-04-30,137.7772979736328,139.6676483154297,121.63745880126953,126.96270751953125,3407320371,SOL
2024-05-01,126.9625473022461,135.11386108398438,119.38481140136719,134.6279754638672,4136407963,SOL
2024-05-02,134.6279754638672,140.28152465820312,128.26028442382812,137.81448364257812,3380078368,SOL
2024-05-03,137.81448364257812,144.9600372314453,136.12342834472656,143.77255249023438,3216962298,SOL
2024-05-04,143.77220153808594,148.9357452392578,142.56625366210938,146.1350555419922,3050187811,SOL
2024-05-05,146.1350555419922,147.91647338867188,143.47845458984375,145.71302795410156,2034794725,SOL
2024-05-06,145.71205139160156,156.62669372558594,145.58432006835938,152.80239868164062,2926902880,SOL
2024-05-07,152.80667114257812,159.05345153808594,148.0836181640625,148.1343231201172,2687619013,SOL
2024-05-08,148.1343231201172,149.81089782714844,140.16909790039062,142.29473876953125,2502237557,SOL
2024-05-09,142.29473876953125,153.08624267578125,140.78964233398438,152.84994506835938,2249863780,SOL
2024-05-10,152.8529052734375,155.41159057617188,144.9387969970703,146.21690368652344,2471594251,SOL
2024-05-11,146.2169647216797,147.4264373779297,143.33140563964844,145.3143768310547,1243751505,SOL
2024-05-12,145.3143768310547,147.57147216796875,142.8818359375,143.52081298828125,936690341,SOL
2024-05-13,143.52081298828125,150.54666137695312,138.03285217285156,147.28233337402344,2556255769,SOL
2024-05-14,147.27908325195312,148.8286895751953,141.9068603515625,142.0303955078125,2586166419,SOL
2024-05-15,142.0303955078125,158.64071655273438,141.35032653808594,158.18682861328125,3585715674,SOL
2024-05-16,158.18775939941406,164.31932067871094,156.7726287841797,159.116455078125,3498272951,SOL
2024-05-17,159.116455078125,171.6060791015625,159.116455078125,169.53054809570312,3371355809,SOL
2024-05-18,169.53054809570312,175.7790985107422,168.9330596923828,172.5391387939453,2479657643,SOL
2024-05-19,172.53919982910156,175.1893310546875,166.7326202392578,170.0913543701172,2300080451,SOL
2024-05-20,170.0913543701172,187.44712829589844,168.0304412841797,186.52049255371094,4636864705,SOL
2024-05-21,186.51951599121094,188.49383544921875,174.71170043945312,178.11614990234375,4568414163,SOL
2024-05-22,178.1156768798828,183.0676727294922,175.4474639892578,176.86077880859375,3833758536,SOL
2024-05-23,176.8631134033203,180.165283203125,167.4036865234375,175.98577880859375,5117258940,SOL
2024-05-24,175.98577880859375,176.03147888183594,162.8658905029297,167.7969207763672,4013502065,SOL
2024-05-25,167.7969207763672,170.3550567626953,166.11300659179688,168.43763732910156,1875205755,SOL
2024-05-26,168.43763732910156,168.43927001953125,161.2638702392578,163.3509063720703,2543881488,SOL
2024-05-27,163.3509063720703,171.98854064941406,163.33544921875,169.9961395263672,2745440475,SOL
2024-05-28,169.9961395263672,173.0171356201172,164.97340393066406,168.65084838867188,3342283019,SOL
2024-05-29,168.65084838867188,173.64195251464844,167.3238525390625,168.0726776123047,2852496248,SOL
2024-05-30,168.0726776123047,172.41778564453125,163.6839599609375,166.97653198242188,2932316784,SOL
2024-05-31,166.97653198242188,170.63156127929688,163.93309020996094,165.63771057128906,2415920333,SOL
2024-06-01,165.63772583007812,167.73709106445312,165.5856170654297,166.03067016601562,1058869941,SOL
2024-06-02,166.0296173095703,166.9154815673828,161.6532440185547,163.24990844726562,1562269041,SOL
2024-06-03,163.25015258789062,167.03875732421875,161.8537139892578,164.9234619140625,2182487608,SOL
2024-06-04,164.92506408691406,171.8168182373047,164.51553344726562,171.8019256591797,2057558426,SOL
2024-06-05,171.8019256591797,175.47531127929688,171.38299560546875,173.48291015625,2405906612,SOL
2024-06-06,173.48291015625,174.30470275878906,167.8642120361328,170.01622009277344,1965442993,SOL
2024-06-07,170.01583862304688,172.4381561279297,155.79876708984375,162.50704956054688,3298527575,SOL
2024-06-08,162.4967498779297,163.62017822265625,157.54295349121094,157.96890258789062,1722237785,SOL
2024-06-09,157.96371459960938,162.91897583007812,156.76876831054688,162.08360290527344,1475878151,SOL
2024-06-10,162.07888793945312,162.8277587890625,157.77020263671875,158.9280242919922,1815361482,SOL
2024-06-11,158.9341278076172,159.52310180664062,145.8651885986328,149.42898559570312,2812642453,SOL
2024-06-12,149.4223175048828,161.51483154296875,145.82144165039062,155.1775665283203,2853692260,SOL
2024-06-13,155.19235229492188,155.19235229492188,146.1722412109375,147.31442260742188,2085097655,SOL
2024-06-14,147.28204345703125,148.78933715820312,140.11538696289062,143.0944366455078,2330458883,SOL
2024-06-15,143.07408142089844,145.5409698486328,143.02365112304688,145.41221618652344,1065293341,SOL
2024-06-16,145.41796875,151.12550354003906,143.17953491210938,151.12550354003906,1147997523,SOL
2024-06-17,151.13723754882812,151.58477783203125,140.13880920410156,143.3342742919922,2244770232,SOL
2024-06-18,143.314697265625,143.61065673828125,130.28907775878906,137.50399780273438,4046511952,SOL
2024-06-19,137.4798126220703,141.66993713378906,134.73263549804688,135.60960388183594,2241396569,SOL
2024-06-20,135.60960388183594,141.0752410888672,132.087646484375,133.47296142578125,2343938226,SOL
2024-06-21,133.47195434570312,135.22915649414062,128.9219207763672,134.5883026123047,2214701928,SOL
2024-06-22,134.56765747070312,136.46005249023438,133.14248657226562,133.6702423095703,948392979,SOL
2024-06-23,133.66000366210938,135.005859375,128.2696990966797,128.59042358398438,1063910411,SOL
2024-06-24,128.59800720214844,132.3112335205078,123.6693344116211,132.24139404296875,3420423301,SOL
2024-06-25,132.26934814453125,139.72958374023438,131.29635620117188,136.5592041015625,2517391150,SOL
2024-06-26,136.5549774169922,140.16876220703125,134.92576599121094,136.60914611816406,1670038554,SOL
2024-06-27,136.61341857910156,150.7672119140625,135.2449951171875,149.44837951660156,2831651846,SOL
2024-06-28,149.4542694091797,150.0515899658203,139.30589294433594,139.70339965820312,2396070692,SOL
2024-06-29,139.7193145751953,142.8238525390625,139.6678009033203,140.01014709472656,1139066175,SOL
2024-06-30,140.01272583007812,147.19932556152344,137.14137268066406,146.49249267578125,1567841881,SOL
2024-07-01,146.4812774658203,148.7985076904297,145.8227996826172,146.59506225585938,1814659116,SOL
2024-07-02,146.5885467529297,154.7129669189453,146.12054443359375,153.7004852294922,2024773533,SOL
2024-07-03,153.7111358642578,154.197998046875,139.5172576904297,140.73141479492188,2813419415,SOL
2024-07-04,140.71533203125,142.51486206054688,127.55081939697266,127.55081939697266,3243822145,SOL
2024-07-05,127.60507202148438,135.84579467773438,122.44230651855469,134.3693389892578,4644036182,SOL
2024-07-06,134.36329650878906,144.0084686279297,132.61329650878906,143.24118041992188,2078535871,SOL
2024-07-07,143.1870574951172,143.1870574951172,131.7740936279297,131.7740936279297,1842515124,SOL
2024-07-08,131.79702758789062,141.6341094970703,128.56292724609375,139.4636993408203,3692404575,SOL
2024-07-09,139.537353515625,143.92938232421875,136.74093627929688,141.34844970703125,2418798702,SOL
2024-07-10,141.3741455078125,145.8537139892578,138.85604858398438,141.97479248046875,1952272010,SOL
2024-07-11,141.98280334472656,145.32443237304688,135.84751892089844,135.8832244873047,2286890972,SOL
2024-07-12,135.86402893066406,140.42477416992188,134.15914916992188,139.52801513671875,1990173458,SOL
2024-07-13,139.52639770507812,143.367431640625,138.17953491210938,141.9249725341797,1131518484,SOL
2024-07-14,141.92665100097656,148.54705810546875,141.92665100097656,147.622314453125,2009294488,SOL
2024-07-15,147.6661376953125,159.9420623779297,147.202880859375,159.93397521972656,2580623500,SOL
2024-07-16,159.77333068847656,162.46951293945312,153.05372619628906,160.5518798828125,3034234774,SOL
2024-07-17,160.56329345703125,163.59523010253906,155.06703186035156,155.5841064453125,2255652667,SOL
2024-07-18,155.59104919433594,161.587158203125,155.5660400390625,159.07241821289062,2044591406,SOL
2024-07-19,159.0923309326172,171.50674438476562,156.60653686523438,169.1858673095703,3617009839,SOL
2024-07-20,169.1826171875,174.831298828125,167.55731201171875,173.89178466796875,1908476088,SOL
2024-07-21,173.89373779296875,184.8703155517578,171.1182098388672,184.54161071777344,3080452915,SOL
2024-07-22,184.54556274414062,184.79246520996094,177.04412841796875,178.97828674316406,2808509242,SOL
2024-07-23,178.97828674316406,180.49615478515625,170.98854064941406,172.757568359375,3230351478,SOL
2024-07-24,172.75851440429688,182.35760498046875,171.21041870117188,178.0323028564453,3112174836,SOL
2024-07-25,178.02952575683594,179.52093505859375,165.9325408935547,171.96307373046875,4067186719,SOL
2024-07-26,171.9625701904297,183.53836059570312,171.87789916992188,183.13671875,2816314095,SOL
2024-07-27,183.13809204101562,188.14059448242188,178.59835815429688,184.0854034423828,3248901126,SOL
2024-07-28,184.08599853515625,186.51461791992188,181.3953399658203,184.88607788085938,1852374783,SOL
2024-07-29,184.88719177246094,193.73228454589844,181.88536071777344,182.7805938720703,3654304391,SOL
2024-07-30,182.77159118652344,184.1801300048828,176.02243041992188,179.10719299316406,2766172800,SOL
2024-07-31,179.10804748535156,184.179443359375,171.81919860839844,171.82615661621094,3055204208,SOL
2024-08-01,171.82566833496094,172.68980407714844,157.98838806152344,167.672119140625,4402828194,SOL
2024-08-02,167.66053771972656,169.04396057128906,150.08499145507812,152.6382293701172,4507521137,SOL
2024-08-03,152.6382293701172,153.77685546875,140.22140502929688,142.9219970703125,3620526646,SOL
2024-08-04,142.9219512939453,145.83766174316406,132.13967895507812,138.05508422851562,4333596296,SOL
2024-08-05,138.0526885986328,139.14146423339844,110.60955810546875,129.8643035888672,14114308949,SOL
2024-08-06,129.86294555664062,149.35296630859375,129.78857421875,144.09036254882812,5813459735,SOL
2024-08-07,144.0882110595703,155.00779724121094,142.7469024658203,144.63209533691406,5529725414,SOL
2024-08-08,144.63247680664062,163.02590942382812,142.01992797851562,162.9307403564453,5385642745,SOL
2024-08-09,162.9307403564453,163.24948120117188,151.22613525390625,156.45721435546875,3217916997,SOL
2024-08-10,156.45721435546875,158.5860595703125,152.873046875,153.95916748046875,1662980960,SOL
2024-08-11,153.961669921875,157.93190002441406,141.34829711914062,141.52685546875,2411765937,SOL
2024-08-12,141.53207397460938,150.81463623046875,141.4407958984375,146.45423889160156,3380174341,SOL
2024-08-13,146.45455932617188,149.61012268066406,143.1520233154297,146.7126922607422,2224488388,SOL
2024-08-14,146.7126922607422,151.72604370117188,142.71792602539062,143.9234619140625,2714536693,SOL
2024-08-15,143.92266845703125,147.35154724121094,138.16192626953125,142.74581909179688,3032770371,SOL
2024-08-16,142.7428741455078,144.7954559326172,136.3846435546875,139.33056640625,2707615564,SOL
2024-08-17,139.33056640625,141.96282958984375,137.86630249023438,141.7985076904297,1199702073,SOL
2024-08-18,141.7985076904297,146.96298217773438,140.95962524414062,142.58688354492188,1866239536,SOL
2024-08-19,142.58688354492188,145.9236297607422,140.74871826171875,144.34368896484375,2077549615,SOL
2024-08-20,144.3468475341797,148.6486053466797,141.36070251464844,143.16773986816406,2124392770,SOL
2024-08-21,142.33303833007812,144.1562957763672,139.26654052734375,142.70960998535156,1923259439,SOL
2024-08-22,142.70960998535156,144.81321716308594,140.9344024658203,143.2579345703125,1368400829,SOL
2024-08-23,143.2579345703125,153.771240234375,143.16477966308594,153.10708618164062,2560976300,SOL
2024-08-24,153.10833740234375,162.16932678222656,152.15208435058594,160.73175048828125,2749419604,SOL
2024-08-25,160.73175048828125,161.94796752929688,155.50714111328125,158.90911865234375,2085078554,SOL
2024-08-26,158.9114990234375,161.91110229492188,155.88449096679688,157.23687744140625,2588808155,SOL
2024-08-27,157.23658752441406,159.62355041503906,145.65640258789062,146.8970947265625,2783392784,SOL
2024-08-28,146.8970947265625,148.69497680664062,140.97080993652344,143.89138793945312,2932401182,SOL
2024-08-29,143.8910675048828,147.2205810546875,138.2660675048828,140.0540313720703,2098251665,SOL
2024-08-30,140.0540313720703,141.01318359375,132.4513397216797,138.09999084472656,2683385690,SOL
2024-08-31,138.09999084472656,138.99224853515625,134.6364288330078,135.37425231933594,892155699,SOL
2024-09-01,135.37425231933594,135.99781799316406,128.24325561523438,128.6905517578125,1974170865,SOL
2024-09-02,128.6905517578125,135.35238647460938,127.26619720458984,135.0023651123047,2092221241,SOL
2024-09-03,135.0023651123047,137.14476013183594,127.57423400878906,127.57758331298828,1787700523,SOL
2024-09-04,127.57758331298828,134.86917114257812,123.61295318603516,133.60391235351562,2663812153,SOL
2024-09-05,133.6043701171875,135.085205078125,128.14137268066406,129.32894897460938,1926178088,SOL
2024-09-06,129.32894897460938,134.16807556152344,121.05538177490234,124.99007415771484,3520537699,SOL
2024-09-07,124.99007415771484,129.2908935546875,124.26908111572266,127.72156524658203,1321261949,SOL
2024-09-08,127.72156524658203,131.51524353027344,126.81302642822266,129.98951721191406,1317794291,SOL
2024-09-09,129.98951721191406,136.18653869628906,127.21979522705078,135.02561950683594,2443769044,SOL
2024-09-10,135.0263671875,137.8063507080078,132.63108825683594,135.63522338867188,1642358500,SOL
2024-09-11,135.63494873046875,135.8038787841797,128.4340057373047,132.4973907470703,2122617674,SOL
2024-09-12,132.49708557128906,136.61480712890625,132.44332885742188,136.14190673828125,1597055803,SOL
2024-09-13,136.14190673828125,139.83250427246094,131.86395263671875,139.1005401611328,1668690414,SOL
2024-09-14,139.1025390625,139.7345733642578,135.9435577392578,137.17977905273438,952465288,SOL
2024-09-15,137.17977905273438,137.92349243164062,130.9698028564453,131.4993896484375,1358403273,SOL
2024-09-16,131.4993896484375,132.29637145996094,129.13807678222656,131.47259521484375,1623218789,SOL
2024-09-17,131.47244262695312,135.4871368408203,130.47569274902344,131.53707885742188,1726861492,SOL
2024-09-18,131.53707885742188,133.99185180664062,127.25076293945312,133.99185180664062,2260675347,SOL
2024-09-19,133.99185180664062,143.9043731689453,133.99185180664062,142.83627319335938,2884543933,SOL
2024-09-20,142.8365478515625,151.7609405517578,141.316162109375,146.56680297851562,3241123621,SOL
2024-09-21,146.56680297851562,149.83645629882812,144.79803466796875,149.52703857421875,1385610390,SOL
2024-09-22,149.52703857421875,149.86582946777344,141.38461303710938,144.80364990234375,1597826979,SOL
2024-09-23,144.80364990234375,148.97042846679688,142.6438446044922,144.8149871826172,2344229720,SOL
2024-09-24,144.8149871826172,153.53628540039062,143.30413818359375,152.89215087890625,2927238360,SOL
2024-09-25,152.89096069335938,153.54763793945312,147.45013427734375,148.02342224121094,2138602628,SOL
2024-09-26,148.02110290527344,157.858154296875,146.87075805664062,155.5760955810547,3009969111,SOL
2024-09-27,155.5760955810547,160.9813995361328,154.13027954101562,157.74993896484375,2765830721,SOL
2024-09-28,157.7519073486328,159.34521484375,155.29931640625,156.9124298095703,1300870644,SOL
2024-09-29,156.9124298095703,161.62306213378906,155.2430877685547,158.62916564941406,1773980028,SOL
2024-09-30,158.63241577148438,159.50892639160156,152.01983642578125,152.61846923828125,2376780676,SOL
2024-10-01,152.61846923828125,157.25819396972656,142.8423309326172,145.28988647460938,3656164855,SOL
2024-10-02,145.28988647460938,148.82568359375,138.9187469482422,140.38555908203125,2892264150,SOL
2024-10-03,140.38490295410156,142.80543518066406,133.55316162109375,136.78518676757812,2914986844,SOL
2024-10-04,136.78518676757812,144.42678833007812,136.0756378173828,143.17227172851562,2361841303,SOL
2024-10-05,143.17227172851562,144.83428955078125,141.16966247558594,142.7117462158203,1113937760,SOL
2024-10-06,142.7117156982422,146.62001037597656,142.11424255371094,146.44236755371094,1168715645,SOL
2024-10-07,146.44354248046875,152.1038360595703,143.60458374023438,143.99179077148438,2678803498,SOL
2024-10-08,143.99179077148438,145.44879150390625,141.2363739013672,143.39442443847656,1710617951,SOL
2024-10-09,143.3953399658203,145.1295166015625,138.7974395751953,139.31553649902344,1697499287,SOL
2024-10-10,139.3137664794922,140.58058166503906,135.58270263671875,138.88841247558594,1770157917,SOL
2024-10-11,138.88674926757812,146.43063354492188,138.755859375,145.3811492919922,1797846253,SOL
2024-10-12,145.3811492919922,147.13690185546875,144.7617645263672,146.5002899169922,1118630507,SOL
2024-10-13,146.50033569335938,148.7133331298828,144.62364196777344,147.5724334716797,1294444111,SOL
2024-10-14,147.57025146484375,157.7541046142578,147.00582885742188,157.44512939453125,2929339176,SOL
2024-10-15,157.44512939453125,158.71575927734375,150.90951538085938,154.7206268310547,3451652506,SOL
2024-10-16,154.7206268310547,158.1370391845703,153.08169555664062,154.23422241210938,2397546608,SOL
2024-10-17,154.23817443847656,155.5516357421875,147.94349670410156,150.31602478027344,2157747733,SOL
2024-10-18,150.3227081298828,156.53741455078125,149.70101928710938,154.97593688964844,1754226839,SOL
2024-10-19,154.97593688964844,159.71041870117188,153.91282653808594,159.6393585205078,1440375026,SOL
2024-10-20,159.64122009277344,167.5856475830078,157.76573181152344,166.9398193359375,2579198899,SOL
2024-10-21,166.93861389160156,171.4306640625,161.8105010986328,166.2168731689453,3924173188,SOL
2024-10-22,166.2176055908203,170.7600860595703,163.28536987304688,167.26014709472656,3470792372,SOL
2024-10-23,167.26063537597656,173.8150177001953,164.19381713867188,170.9324951171875,3861697575,SOL
2024-10-24,171.11087036132812,178.99530029296875,170.5173797607422,177.1569366455078,3529481044,SOL
2024-10-25,177.15713500976562,177.1919403076172,160.0352783203125,164.75689697265625,4869966180,SOL
2024-10-26,164.75599670410156,172.8228302001953,162.443359375,170.70596313476562,2755373492,SOL
2024-10-27,170.70596313476562,177.89515686035156,170.19244384765625,176.5491943359375,2427933420,SOL
2024-10-28,176.55368041992188,179.40797424316406,172.87225341796875,178.1049041748047,3623055701,SOL
2024-10-29,178.1036376953125,183.03944396972656,176.85548400878906,179.36074829101562,3919545873,SOL
2024-10-30,179.36074829101562,181.1526641845703,173.39939880371094,174.9249725341797,2772422773,SOL
2024-10-31,174.92507934570312,176.27984619140625,167.5767822265625,168.42999267578125,2652620406,SOL
2024-11-01,168.4302215576172,173.8500213623047,164.0325469970703,166.2621307373047,3157093060,SOL
2024-11-02,166.2621307373047,168.4605712890625,162.38702392578125,166.01034545898438,1618170398,SOL
2024-11-03,166.01034545898438,166.37632751464844,158.1367645263672,162.55130004882812,2645801646,SOL
2024-11-04,162.55169677734375,164.71389770507812,155.16552734375,157.74710083007812,2809006700,SOL
2024-11-05,157.74710083007812,169.12664794921875,156.98818969726562,166.72239685058594,3243848057,SOL
2024-11-06,166.72239685058594,189.9154815673828,166.6982421875,186.9547882080078,9822932731,SOL
2024-11-07,186.9547882080078,197.90093994140625,186.13604736328125,196.3345947265625,4700842780,SOL
2024-11-08,196.3345947265625,204.96975708007812,196.02374267578125,199.9390106201172,5673142495,SOL
2024-11-09,199.93960571289062,203.3472900390625,195.47410583496094,200.19491577148438,3363617004,SOL
2024-11-10,200.19595336914062,215.1790771484375,198.9831085205078,210.6137237548828,8564655765,SOL
2024-11-11,210.6137237548828,223.2198028564453,204.5623016357422,222.6416778564453,10290809023,SOL
2024-11-12,222.6416778564453,225.0115203857422,205.44786071777344,212.2318115234375,11308516682,SOL
2024-11-13,212.2080078125,220.3391876220703,201.4705810546875,215.18455505371094,11296665808,SOL
2024-11-14,215.18446350097656,222.63914489746094,207.49681091308594,209.2190704345703,8094554275,SOL
2024-11-15,209.23623657226562,219.53878784179688,204.82801818847656,218.09490966796875,6109860311,SOL
2024-11-16,218.56936645507812,221.66236877441406,213.80477905273438,215.8488311767578,4698955745,SOL
2024-11-17,215.84779357910156,241.23533630371094,212.72816467285156,237.57553100585938,9981076722,SOL
2024-11-18,237.57553100585938,248.19281005859375,234.4010467529297,239.79425048828125,8798714213,SOL
2024-11-19,239.80088806152344,247.09056091308594,234.15306091308594,238.09754943847656,6711919414,SOL
2024-11-20,238.0925750732422,242.10787963867188,230.91055297851562,235.4236602783203,6454141445,SOL
2024-11-21,235.42739868164062,259.0535583496094,230.34156799316406,257.0658874511719,10735314060,SOL
2024-11-22,257.0814208984375,263.70086669921875,252.1354217529297,256.5186767578125,7249493783,SOL
2024-11-23,256.5181579589844,263.83154296875,253.18743896484375,255.1785125732422,6234742858,SOL
2024-11-24,255.1785125732422,259.6256408691406,243.12216186523438,252.91952514648438,5330146683,SOL
2024-11-25,252.9160614013672,256.4226989746094,231.55198669433594,234.4466094970703,6616015635,SOL
2024-11-26,234.4456787109375,239.63780212402344,222.9571990966797,230.9781951904297,6996936265,SOL
2024-11-27,230.9722137451172,243.1248016357422,228.1300506591797,242.30221557617188,5381404312,SOL
2024-11-28,242.3004608154297,245.20445251464844,233.20286560058594,237.76400756835938,4047310070,SOL
2024-11-29,237.76397705078125,246.7762908935547,236.8212432861328,243.54949951171875,4152396835,SOL
2024-11-30,243.54884338378906,245.23687744140625,237.7225341796875,237.74374389648438,3549156564,SOL
2024-12-01,237.74383544921875,239.80657958984375,234.5303955078125,237.06993103027344,3726118866,SOL
2024-12-02,237.0654296875,237.87661743164062,220.5511932373047,225.75619506835938,7374176295,SOL
2024-12-03,225.76856994628906,239.27252197265625,216.4730224609375,234.2003173828125,8404095315,SOL
2024-12-04,234.2003173828125,240.71958923339844,225.25491333007812,229.11929321289062,6569129896,SOL
2024-12-05,229.119384765625,244.6809539794922,223.46054077148438,233.9987030029297,8820663279,SOL
2024-12-06,236.54147338867188,246.4186553955078,231.42596435546875,237.0510711669922,6726557034,SOL
2024-12-07,237.0510711669922,243.1240234375,234.6590576171875,238.54795837402344,4003422914,SOL
2024-12-08,239.48516845703125,241.4407196044922,233.71337890625,236.67233276367188,3204778349,SOL
2024-12-09,237.4574432373047,237.4574432373047,209.7061309814453,217.34146118164062,8610208198,SOL
2024-12-10,217.32894897460938,220.74098205566406,203.7238311767578,213.82461547851562,8419973004,SOL
2024-12-11,213.83522033691406,230.5073699951172,211.99317932128906,227.44683837890625,5615074058,SOL
2024-12-12,227.4451141357422,234.33322143554688,225.95188903808594,227.02671813964844,4935392005,SOL
2024-12-13,227.02671813964844,228.27305603027344,220.82472229003906,224.83729553222656,4029626623,SOL
2024-12-14,224.83729553222656,227.241943359375,215.34423828125,219.84075927734375,2925240730,SOL
2024-12-15,219.84075927734375,225.066650390625,215.91073608398438,223.6576690673828,2969473030,SOL
2024-12-16,223.6561279296875,227.04476928710938,213.48239135742188,216.3349609375,5071129914,SOL
2024-12-17,216.33377075195312,228.68629455566406,211.90963745117188,222.8167266845703,6445051900,SOL
2024-12-18,222.82318115234375,225.89439392089844,205.00486755371094,206.38174438476562,6888988933,SOL
2024-12-19,206.3828125,211.99520874023438,188.02752685546875,194.28451538085938,8043974299,SOL
2024-12-20,194.2822723388672,199.36219787597656,175.90516662597656,194.2081756591797,9600073165,SOL
2024-12-21,194.2073974609375,201.63169860839844,178.74005126953125,181.30145263671875,5368845730,SOL
2024-12-22,181.2868194580078,187.53346252441406,177.13406372070312,180.16891479492188,4001292417,SOL
2024-12-23,180.17428588867188,193.0481414794922,176.71888732910156,189.75369262695312,4922594345,SOL
2024-12-24,189.75369262695312,198.69613647460938,186.11529541015625,196.98902893066406,3412375255,SOL
2024-12-25,196.99136352539062,201.6346435546875,195.35304260253906,197.4790802001953,2688415733,SOL
2024-12-26,197.47515869140625,199.39797973632812,186.8555908203125,188.21810913085938,2864701219,SOL
2024-12-27,188.216552734375,193.75335693359375,182.94712829589844,183.82847595214844,2788285851,SOL
2024-12-28,183.83338928222656,195.43544006347656,183.8333282470703,195.01353454589844,2158687217,SOL
2024-12-29,195.02244567871094,197.1810760498047,188.34100341796875,189.7442626953125,2165753102,SOL
2024-12-30,189.74420166015625,196.12290954589844,185.93760681152344,191.02804565429688,3246300054,SOL
2020-01-01,0.1929119974374771,0.19436199963092804,0.19210700690746307,0.19266700744628906,1041134003,XRP
2020-01-02,0.19270800054073334,0.19289599359035492,0.18694700300693512,0.1880429983139038,1085351426,XRP
2020-01-03,0.18794800341129303,0.1940699964761734,0.1858460009098053,0.19352099299430847,1270017043,XRP
2020-01-04,0.19352099299430847,0.1946530044078827,0.19183500111103058,0.19435499608516693,999331594,XRP
2020-01-05,0.19436700642108917,0.19922299683094025,0.1938840001821518,0.1955370008945465,1168067557,XRP
2020-01-06,0.19553600251674652,0.22383199632167816,0.19506800174713135,0.22150999307632446,2301679290,XRP
2020-01-07,0.2215760052204132,0.2233860045671463,0.20904700458049774,0.21391700208187103,2237698314,XRP
2020-01-08,0.2138340026140213,0.21670399606227875,0.2052139937877655,0.20902599394321442,1782128652,XRP
2020-01-09,0.20911000669002533,0.20914199948310852,0.2025890052318573,0.20489899814128876,1341130889,XRP
2020-01-10,0.20490799844264984,0.21240299940109253,0.2018200010061264,0.21230599284172058,1693646276,XRP
2020-01-11,0.21209700405597687,0.21897099912166595,0.21005399525165558,0.21185100078582764,1655817070,XRP
2020-01-12,0.21215100586414337,0.21637099981307983,0.21153299510478973,0.21563300490379333,1496128430,XRP
2020-01-13,0.21562400460243225,0.21568700671195984,0.21060100197792053,0.21261699497699738,1321442559,XRP
2020-01-14,0.21252800524234772,0.24183200299739838,0.21237899363040924,0.23468700051307678,2639844916,XRP
2020-01-15,0.23450399935245514,0.24099700152873993,0.22791999578475952,0.23289500176906586,2590278224,XRP
2020-01-16,0.23288099467754364,0.2335679978132248,0.22405500710010529,0.2285739928483963,2066952513,XRP
2020-01-17,0.22872500121593475,0.24315600097179413,0.22657600045204163,0.23877599835395813,2418043081,XRP
2020-01-18,0.23887999355793,0.2511869966983795,0.233147993683815,0.24328599870204926,2391157804,XRP
2020-01-19,0.243367001414299,0.24956899881362915,0.22927799820899963,0.23558500409126282,2211717302,XRP
2020-01-20,0.235384002327919,0.23574799299240112,0.22598600387573242,0.2332960069179535,1723535818,XRP
2020-01-21,0.23333999514579773,0.24026399850845337,0.23153899610042572,0.23716600239276886,1701652845,XRP
2020-01-22,0.23726299405097961,0.23868900537490845,0.2342360019683838,0.23605599999427795,1517150861,XRP
2020-01-23,0.23617300391197205,0.23628400266170502,0.2230689972639084,0.2261040061712265,1600294983,XRP
2020-01-24,0.22620099782943726,0.2263139933347702,0.21538899838924408,0.22304099798202515,1706347379,XRP
2020-01-25,0.22304899990558624,0.22314999997615814,0.21773700416088104,0.220427006483078,1373179560,XRP
2020-01-26,0.22034500539302826,0.23134399950504303,0.21932700276374817,0.2306859940290451,1583964764,XRP
2020-01-27,0.23053200542926788,0.23463399708271027,0.2269819974899292,0.231222003698349,1722593699,XRP
2020-01-28,0.2312059998512268,0.23993100225925446,0.23094500601291656,0.23848800361156464,2052700894,XRP
2020-01-29,0.23869100213050842,0.24126699566841125,0.2353219985961914,0.23573000729084015,1883265674,XRP
2020-01-30,0.23560699820518494,0.245960995554924,0.23199699819087982,0.24364200234413147,2125017678,XRP
2020-01-31,0.24361799657344818,0.24427300691604614,0.23490500450134277,0.23923300206661224,1892170752,XRP
2020-02-01,0.2391909956932068,0.24261200428009033,0.23778100311756134,0.24145500361919403,1592451417,XRP
2020-02-02,0.24132099747657776,0.2592589855194092,0.23700200021266937,0.25073400139808655,2477130012,XRP
2020-02-03,0.25056999921798706,0.25637000799179077,0.24815399944782257,0.254626989364624,2156814065,XRP
2020-02-04,0.2545570135116577,0.2695760130882263,0.2488200068473816,0.26680800318717957,2900951896,XRP
2020-02-05,0.26669201254844666,0.2810389995574951,0.26669201254844666,0.2774679958820343,3332447611,XRP
2020-02-06,0.27754199504852295,0.2859390079975128,0.27349400520324707,0.2822139859199524,3079150333,XRP
2020-02-07,0.2822049856185913,0.28652000427246094,0.27784600853919983,0.2792840003967285,2372731517,XRP
2020-02-08,0.27887800335884094,0.28048399090766907,0.26757800579071045,0.2772429883480072,2380993304,XRP
2020-02-09,0.2770969867706299,0.28723499178886414,0.2764439880847931,0.28245699405670166,2343599758,XRP
2020-02-10,0.2824859917163849,0.2833150029182434,0.2702310085296631,0.2740800082683563,2403459577,XRP
2020-02-11,0.2739019989967346,0.2807460129261017,0.26788100600242615,0.2801409959793091,2383677083,XRP
2020-02-12,0.2802720069885254,0.3074910044670105,0.27994799613952637,0.3043929934501648,4092541037,XRP
2020-02-13,0.30419498682022095,0.33614200353622437,0.3036220073699951,0.3267059922218323,6473779289,XRP
2020-02-14,0.3263629972934723,0.3375529944896698,0.3145259916782379,0.33482199907302856,4476902769,XRP
2020-02-15,0.33511900901794434,0.34397199749946594,0.30218398571014404,0.30623599886894226,4282439063,XRP
2020-02-16,0.3072650134563446,0.31818699836730957,0.2780359983444214,0.2950339913368225,4025339058,XRP
2020-02-17,0.2946290075778961,0.29521799087524414,0.27138200402259827,0.28657200932502747,3690067847,XRP
2020-02-18,0.2870100140571594,0.30006200075149536,0.27874600887298584,0.2979130148887634,3719318846,XRP
2020-02-19,0.2978839874267578,0.3036850094795227,0.2776019871234894,0.2776019871234894,3096501889,XRP
2020-02-20,0.27713799476623535,0.2815369963645935,0.26732999086380005,0.2723959982395172,3138024579,XRP
2020-02-21,0.27229899168014526,0.27790001034736633,0.270702987909317,0.2749379873275757,2626495845,XRP
2020-02-22,0.27534499764442444,0.27696800231933594,0.2723050117492676,0.2759009897708893,2190665842,XRP
2020-02-23,0.2759389877319336,0.28286799788475037,0.275613009929657,0.282710999250412,2313819448,XRP
2020-02-24,0.28259000182151794,0.28318899869918823,0.2664780020713806,0.2706269919872284,2472100400,XRP
2020-02-25,0.2705410122871399,0.27082398533821106,0.2530510127544403,0.25341200828552246,2590099692,XRP
2020-02-26,0.253371000289917,0.25501999258995056,0.22938300669193268,0.23085099458694458,3273784862,XRP
2020-02-27,0.23109200596809387,0.24618999660015106,0.22617299854755402,0.2371159940958023,2775673347,XRP
2020-02-28,0.23711100220680237,0.243244007229805,0.23077599704265594,0.23629599809646606,2468502732,XRP
2020-02-29,0.23652100563049316,0.2419620007276535,0.23119300603866577,0.23119300603866577,2061348763,XRP
2020-03-01,0.2311049997806549,0.23581799864768982,0.22570699453353882,0.2288459986448288,2086828072,XRP
2020-03-02,0.22893500328063965,0.24034899473190308,0.22732700407505035,0.2387470006942749,2466061224,XRP
2020-03-03,0.2386689931154251,0.23875300586223602,0.2319899946451187,0.23438100516796112,2524293730,XRP
2020-03-04,0.2345450073480606,0.23796099424362183,0.23182600736618042,0.2345300018787384,2280839542,XRP
2020-03-05,0.23455500602722168,0.2428700029850006,0.23455500602722168,0.23958200216293335,2299594699,XRP
2020-03-06,0.23949000239372253,0.24592000246047974,0.2391130030155182,0.24408799409866333,2423236344,XRP
2020-03-07,0.24397000670433044,0.24463500082492828,0.2370239943265915,0.2370709925889969,2109420975,XRP
2020-03-08,0.23711000382900238,0.23711000382900238,0.20682600140571594,0.20690399408340454,2627253062,XRP
2020-03-09,0.2066829949617386,0.21143899857997894,0.2007409930229187,0.20918099582195282,2796925948,XRP
2020-03-10,0.20972099900245667,0.21525299549102783,0.20658400654792786,0.2122350037097931,2317233373,XRP
2020-03-11,0.21229299902915955,0.21344499289989471,0.20146499574184418,0.2080959975719452,2130165442,XRP
2020-03-12,0.20820499956607819,0.20912399888038635,0.13963499665260315,0.13963499665260315,3547958418,XRP
2020-03-13,0.1405239999294281,0.16477200388908386,0.11509300023317337,0.15935200452804565,5160523077,XRP
2020-03-14,0.1592400074005127,0.16003499925136566,0.14568500220775604,0.14729200303554535,2310448365,XRP
2020-03-15,0.14729300141334534,0.16214999556541443,0.14612700045108795,0.15390199422836304,2197842519,XRP
2020-03-16,0.15388500690460205,0.15388500690460205,0.13322000205516815,0.14106300473213196,2646513874,XRP
2020-03-17,0.1409820020198822,0.15096400678157806,0.1409820020198822,0.1445239931344986,2134494360,XRP
2020-03-18,0.14467300474643707,0.14691099524497986,0.14078299701213837,0.14309999346733093,1964626837,XRP
2020-03-19,0.14315900206565857,0.17047500610351562,0.14313000440597534,0.16503700613975525,2590533670,XRP
2020-03-20,0.16509200632572174,0.17381200194358826,0.14918699860572815,0.15686799585819244,2946481356,XRP
2020-03-21,0.1567150056362152,0.1605439931154251,0.15364700555801392,0.15817900002002716,2068099167,XRP
2020-03-22,0.1581210047006607,0.16110600531101227,0.14962099492549896,0.15021400153636932,1864979798,XRP
2020-03-23,0.1499290019273758,0.15793299674987793,0.1491899937391281,0.15741899609565735,2117431211,XRP
2020-03-24,0.15757399797439575,0.16349300742149353,0.156823992729187,0.16225500404834747,2155981658,XRP
2020-03-25,0.16229000687599182,0.16389100253582,0.1586340069770813,0.16163299977779388,2096308696,XRP
2020-03-26,0.16167999804019928,0.17591600120067596,0.16042199730873108,0.17501899600028992,2236102811,XRP
2020-03-27,0.17500300705432892,0.18638500571250916,0.17056399583816528,0.17619499564170837,2849306896,XRP
2020-03-28,0.17593200504779816,0.17947499454021454,0.16756099462509155,0.17578299343585968,2689925753,XRP
2020-03-29,0.1756799966096878,0.17606599628925323,0.163224995136261,0.1638289988040924,1996124443,XRP
2020-03-30,0.16376200318336487,0.17417000234127045,0.16317600011825562,0.1721709966659546,2131319206,XRP
2020-03-31,0.17213399708271027,0.17788299918174744,0.1715490072965622,0.17456300556659698,2101862050,XRP
2020-04-01,0.17431500554084778,0.1753229945898056,0.1691340059041977,0.1753229945898056,2053108172,XRP
2020-04-02,0.17518000304698944,0.1833209991455078,0.17430999875068665,0.1786399930715561,2352651038,XRP
2020-04-03,0.17876900732517242,0.18272800743579865,0.17688600718975067,0.17946699261665344,2106869711,XRP
2020-04-04,0.17961199581623077,0.18230000138282776,0.1783050000667572,0.18173199892044067,1793826153,XRP
2020-04-05,0.18176400661468506,0.18199600279331207,0.17727699875831604,0.17940600216388702,1660971367,XRP
2020-04-06,0.17962799966335297,0.19586500525474548,0.17935900390148163,0.1955060064792633,2529832372,XRP
2020-04-07,0.1956859976053238,0.20386800169944763,0.19120700657367706,0.19209299981594086,2626151910,XRP
2020-04-08,0.1921370029449463,0.20127500593662262,0.19140799343585968,0.20086899399757385,2091042647,XRP
2020-04-09,0.2009730041027069,0.20133599638938904,0.1959259957075119,0.19825699925422668,1878628668,XRP
2020-04-10,0.19815599918365479,0.1987829953432083,0.18370600044727325,0.18746399879455566,2105282079,XRP
2020-04-11,0.18745100498199463,0.19239400327205658,0.18611299991607666,0.18806299567222595,1847482831,XRP
2020-04-12,0.18822899460792542,0.19384799897670746,0.1876170039176941,0.19013500213623047,2087857417,XRP
2020-04-13,0.19053299725055695,0.19053299725055695,0.1818079948425293,0.18773199617862701,2253497429,XRP
2020-04-14,0.18780800700187683,0.18898500502109528,0.1842619925737381,0.18533499538898468,1889687587,XRP
2020-04-15,0.18535999953746796,0.18926599621772766,0.1811549961566925,0.18127000331878662,1963736221,XRP
2020-04-16,0.18125399947166443,0.1912350058555603,0.17741400003433228,0.19010399281978607,2610251456,XRP
2020-04-17,0.19025200605392456,0.19200600683689117,0.18761399388313293,0.190201997756958,1887808776,XRP
2020-04-18,0.18991099298000336,0.19535599648952484,0.18982000648975372,0.194924995303154,1918245143,XRP
2020-04-19,0.19500400125980377,0.19634400308132172,0.1907929927110672,0.19085900485515594,1904866741,XRP
2020-04-20,0.19082100689411163,0.1949000060558319,0.1818310022354126,0.18348999321460724,2364973860,XRP
2020-04-21,0.18333700299263,0.1856440007686615,0.1827619969844818,0.18432800471782684,1912728846,XRP
2020-04-22,0.18417499959468842,0.18967600166797638,0.183119997382164,0.18796999752521515,1783803231,XRP
2020-04-23,0.1878889948129654,0.19479000568389893,0.18676599860191345,0.19171099364757538,2271111354,XRP
2020-04-24,0.19187599420547485,0.19672200083732605,0.1917099952697754,0.19366499781608582,1853837706,XRP
2020-04-25,0.19368499517440796,0.19654500484466553,0.19314000010490417,0.19505399465560913,1648491142,XRP
2020-04-26,0.195032998919487,0.1972150057554245,0.1945039927959442,0.19680500030517578,1692427521,XRP
2020-04-27,0.19670000672340393,0.19927500188350677,0.1954369992017746,0.19797800481319427,1792695610,XRP
2020-04-28,0.1980459988117218,0.21810799837112427,0.19637200236320496,0.21548399329185486,2515531348,XRP
2020-04-29,0.21556200087070465,0.22962699830532074,0.21343599259853363,0.2274319976568222,3041995823,XRP
2020-04-30,0.227169007062912,0.2357030063867569,0.21157699823379517,0.21276099979877472,3145263527,XRP
2020-05-01,0.21285800635814667,0.22477099299430847,0.21279500424861908,0.2192479968070984,2306876493,XRP
2020-05-02,0.21927499771118164,0.22560599446296692,0.21724799275398254,0.2239139974117279,2170661654,XRP
2020-05-03,0.22406400740146637,0.22633999586105347,0.21773700416088104,0.21941399574279785,2182399826,XRP
2020-05-04,0.21945099532604218,0.22060799598693848,0.21059800684452057,0.21896299719810486,2462194723,XRP
2020-05-05,0.21890999376773834,0.22175200283527374,0.2154410034418106,0.21646299958229065,2104127661,XRP
2020-05-06,0.21628400683403015,0.222338005900383,0.21521000564098358,0.21521000564098358,2159327467,XRP
2020-05-07,0.21549199521541595,0.22093899548053741,0.21303999423980713,0.21891699731349945,2582702615,XRP
2020-05-08,0.21883699297904968,0.22190900146961212,0.215489000082016,0.21982699632644653,2460030844,XRP
2020-05-09,0.21966299414634705,0.22472800314426422,0.21680299937725067,0.2169020026922226,2543805062,XRP
2020-05-10,0.21713300049304962,0.21713300049304962,0.19054900109767914,0.19817599654197693,3067472277,XRP
2020-05-11,0.1981620043516159,0.20018599927425385,0.18848299980163574,0.19406400620937347,2470709527,XRP
2020-05-12,0.194241002202034,0.1998009979724884,0.19272899627685547,0.19763700664043427,2056508741,XRP
2020-05-13,0.19756099581718445,0.20341099798679352,0.19660699367523193,0.20148000121116638,1947109951,XRP
2020-05-14,0.20134100317955017,0.204585999250412,0.1996529996395111,0.20312899351119995,2154131805,XRP
2020-05-15,0.20294000208377838,0.20341600477695465,0.1973010003566742,0.19891099631786346,2046326382,XRP
2020-05-16,0.19908100366592407,0.20210100710391998,0.19792400300502777,0.20003199577331543,1794850124,XRP
2020-05-17,0.20053599774837494,0.20387199521064758,0.19971300661563873,0.20125499367713928,1752063749,XRP
2020-05-18,0.20135299861431122,0.2063249945640564,0.20102399587631226,0.2051759958267212,1968537517,XRP
2020-05-19,0.20525099337100983,0.20532700419425964,0.20194700360298157,0.20402799546718597,1973351018,XRP
2020-05-20,0.20393499732017517,0.20562799274921417,0.2002449929714203,0.20170700550079346,1933723829,XRP
2020-05-21,0.20183199644088745,0.20270299911499023,0.19144800305366516,0.19550900161266327,1753934487,XRP
2020-05-22,0.19553500413894653,0.20174500346183777,0.19360899925231934,0.20034299790859222,1852264124,XRP
2020-05-23,0.20041799545288086,0.20176899433135986,0.19766399264335632,0.19885599613189697,1459815520,XRP
2020-05-24,0.19891099631786346,0.20145300030708313,0.19540299475193024,0.19543099403381348,1447641496,XRP
2020-05-25,0.19528500735759735,0.19762900471687317,0.19220100343227386,0.19732700288295746,1671594106,XRP
2020-05-26,0.19727300107479095,0.197611004114151,0.19340400397777557,0.19397500157356262,1585691777,XRP
2020-05-27,0.19392000138759613,0.19882099330425262,0.19376400113105774,0.19785700738430023,1535112977,XRP
2020-05-28,0.19792400300502777,0.20090200006961823,0.19562099874019623,0.20059500634670258,1615654544,XRP
2020-05-29,0.20066900551319122,0.20282700657844543,0.1971289962530136,0.1983480006456375,1477357235,XRP
2020-05-30,0.1983489990234375,0.20647400617599487,0.19692499935626984,0.20622000098228455,1683149544,XRP
2020-05-31,0.20623600482940674,0.2115190029144287,0.20174899697303772,0.20290599763393402,1737139256,XRP
2020-06-01,0.20283399522304535,0.21073099970817566,0.20211200416088104,0.21024900674819946,1702904267,XRP
2020-06-02,0.21018199622631073,0.21433499455451965,0.20069600641727448,0.20276400446891785,1850078103,XRP
2020-06-03,0.20290100574493408,0.20447799563407898,0.2012699991464615,0.20366300642490387,1335828090,XRP
2020-06-04,0.20371900498867035,0.20649400353431702,0.20186400413513184,0.2049819976091385,1368430496,XRP
2020-06-05,0.2050440013408661,0.2067440003156662,0.2020689994096756,0.20409199595451355,1264429379,XRP
2020-06-06,0.20420800149440765,0.20500199496746063,0.20243200659751892,0.20314200222492218,1048611012,XRP
2020-06-07,0.2031800001859665,0.20467400550842285,0.19967199862003326,0.20344899594783783,1141964765,XRP
2020-06-08,0.20342600345611572,0.20417800545692444,0.20166699588298798,0.20377099514007568,1042709461,XRP
2020-06-09,0.20380899310112,0.20455500483512878,0.20099200308322906,0.20201300084590912,1108186467,XRP
2020-06-10,0.2019760012626648,0.20348499715328217,0.20058999955654144,0.2029380053281784,1106635421,XRP
2020-06-11,0.2029159963130951,0.20370100438594818,0.189520001411438,0.1901800036430359,1354031836,XRP
2020-06-12,0.19016499817371368,0.19627699255943298,0.1888580024242401,0.19394299387931824,1157151094,XRP
2020-06-13,0.19398899376392365,0.19420500099658966,0.18993200361728668,0.19310599565505981,1050423848,XRP
2020-06-14,0.19317899644374847,0.1936669945716858,0.19106699526309967,0.1916169971227646,1023497502,XRP
2020-06-15,0.1916169971227646,0.1937520056962967,0.18381600081920624,0.19307400286197662,1315332448,XRP
2020-06-16,0.19306400418281555,0.1932699978351593,0.19002899527549744,0.19130699336528778,1158919075,XRP
2020-06-17,0.19149599969387054,0.1973000019788742,0.19030599296092987,0.19344300031661987,1323161116,XRP
2020-06-18,0.19345499575138092,0.1934570074081421,0.18962599337100983,0.1909569948911667,1045504279,XRP
2020-06-19,0.1909240037202835,0.19116799533367157,0.18653400242328644,0.18679000437259674,1097387856,XRP
2020-06-20,0.18679000437259674,0.1898059993982315,0.1860859990119934,0.18850000202655792,966690908,XRP
2020-06-21,0.18846799433231354,0.18910300731658936,0.18550099432468414,0.18560999631881714,893641269,XRP
2020-06-22,0.18566499650478363,0.19008000195026398,0.18559400737285614,0.18927200138568878,1209278721,XRP
2020-06-23,0.1892949938774109,0.18997299671173096,0.18706199526786804,0.1886799931526184,1093605185,XRP
2020-06-24,0.18870000541210175,0.19085699319839478,0.1830500066280365,0.18427200615406036,1138044691,XRP
2020-06-25,0.1840759962797165,0.18498200178146362,0.18095600605010986,0.183569997549057,1055030012,XRP
2020-06-26,0.18347199261188507,0.18586699664592743,0.1798979938030243,0.18267099559307098,1269492277,XRP
2020-06-27,0.1830960065126419,0.18506400287151337,0.17448900640010834,0.17685100436210632,1142888783,XRP
2020-06-28,0.17687200009822845,0.1805099993944168,0.17524899542331696,0.1776919960975647,1139431604,XRP
2020-06-29,0.17764799296855927,0.17955900728702545,0.17624300718307495,0.17795899510383606,1164729579,XRP
2020-06-30,0.17770099639892578,0.17835499346256256,0.1750050038099289,0.17587000131607056,1010363683,XRP
2020-07-01,0.1757500022649765,0.1784909963607788,0.17470300197601318,0.17697599530220032,1115989502,XRP
2020-07-02,0.177155002951622,0.17833800613880157,0.17423400282859802,0.17724399268627167,1053683055,XRP
2020-07-03,0.177265003323555,0.17844299972057343,0.1751299947500229,0.17633600533008575,976699960,XRP
2020-07-04,0.1762620061635971,0.1796790063381195,0.17619599401950836,0.17798399925231934,1000145449,XRP
2020-07-05,0.17791399359703064,0.17872899770736694,0.17478999495506287,0.1770170032978058,969679447,XRP
2020-07-06,0.1770170032978058,0.18914799392223358,0.17647099494934082,0.18856699764728546,1423923826,XRP
2020-07-07,0.18856699764728546,0.18900500237941742,0.18271300196647644,0.18478700518608093,1067033698,XRP
2020-07-08,0.18481400609016418,0.2057269960641861,0.1842000037431717,0.20469200611114502,1878269321,XRP
2020-07-09,0.20459799468517303,0.2102919965982437,0.19855999946594238,0.20291000604629517,1809158571,XRP
2020-07-10,0.20284199714660645,0.20284199714660645,0.19331799447536469,0.1986519992351532,1161794555,XRP
2020-07-11,0.19872400164604187,0.20361000299453735,0.19864000380039215,0.20119699835777283,996288334,XRP
2020-07-12,0.20121699571609497,0.20325100421905518,0.19836099445819855,0.20053799450397491,850245455,XRP
2020-07-13,0.20053799450397491,0.20516100525856018,0.19594000279903412,0.1985750049352646,1197056593,XRP
2020-07-14,0.19849500060081482,0.19955599308013916,0.19553600251674652,0.19880899786949158,1197284578,XRP
2020-07-15,0.19877399504184723,0.1996230036020279,0.19669300317764282,0.19711099565029144,1067413757,XRP
2020-07-16,0.1970209926366806,0.19741599261760712,0.19018100202083588,0.19404800236225128,1055841762,XRP
2020-07-17,0.19405099749565125,0.19714300334453583,0.19172300398349762,0.19428099691867828,936113620,XRP
2020-07-18,0.194349005818367,0.2016019970178604,0.1939370036125183,0.19934099912643433,870207693,XRP
2020-07-19,0.19940400123596191,0.20133599638938904,0.19613300263881683,0.19913500547409058,828392852,XRP
2020-07-20,0.1991419941186905,0.19977499544620514,0.19370399415493011,0.19506500661373138,848780531,XRP
2020-07-21,0.1948709934949875,0.20047099888324738,0.1940079927444458,0.19898800551891327,928954951,XRP
2020-07-22,0.19902899861335754,0.2037390023469925,0.19688299298286438,0.203342005610466,935529987,XRP
2020-07-23,0.20333099365234375,0.2092439979314804,0.20166699588298798,0.20757800340652466,1443659224,XRP
2020-07-24,0.20781399309635162,0.20801299810409546,0.20263700187206268,0.2040490061044693,1294356195,XRP
2020-07-25,0.20395900309085846,0.2165980041027069,0.20375700294971466,0.21410199999809265,1225769666,XRP
2020-07-26,0.21399399638175964,0.224031001329422,0.21279199421405792,0.21498200297355652,1448138807,XRP
2020-07-27,0.21494799852371216,0.22741499543190002,0.2116760015487671,0.22367200255393982,1762737985,XRP
2020-07-28,0.22388899326324463,0.23369300365447998,0.21789400279521942,0.23027700185775757,1754695828,XRP
2020-07-29,0.23014800250530243,0.24935300648212433,0.23007899522781372,0.24309900403022766,2022835116,XRP
2020-07-30,0.24325400590896606,0.2485859990119934,0.23876799643039703,0.24452200531959534,1650758400,XRP
2020-07-31,0.2446489930152893,0.25960099697113037,0.24220000207424164,0.25890401005744934,1854522560,XRP
2020-08-01,0.25890401005744934,0.295758992433548,0.25584399700164795,0.2895289957523346,3167874461,XRP
2020-08-02,0.28974199295043945,0.32256099581718445,0.27559301257133484,0.28706198930740356,4780736538,XRP
2020-08-03,0.28749001026153564,0.3188660144805908,0.28518998622894287,0.30994001030921936,3340814994,XRP
2020-08-04,0.3099350035190582,0.31829598546028137,0.29403001070022583,0.3004930019378662,2746437659,XRP
2020-08-05,0.3007830083370209,0.30787399411201477,0.2927199900150299,0.30331099033355713,2048410252,XRP
2020-08-06,0.3031420111656189,0.3100619912147522,0.29833900928497314,0.3035840094089508,1946386689,XRP
2020-08-07,0.30346399545669556,0.3093239963054657,0.2873289883136749,0.2946639955043793,4278382957,XRP
2020-08-08,0.29490500688552856,0.29872798919677734,0.2912519872188568,0.29402199387550354,1355768291,XRP
2020-08-09,0.29461801052093506,0.2980610132217407,0.28392401337623596,0.2886529862880707,1391288259,XRP
2020-08-10,0.28856900334358215,0.2994050085544586,0.28856900334358215,0.29465898871421814,2108627560,XRP
2020-08-11,0.2946830093860626,0.3057830035686493,0.274603009223938,0.2844490110874176,4542499150,XRP
2020-08-12,0.28437599539756775,0.28984901309013367,0.2741909921169281,0.2849299907684326,2001506679,XRP
2020-08-13,0.2849299907684326,0.29818201065063477,0.2743540108203888,0.2978070080280304,2061442814,XRP
2020-08-14,0.2975330054759979,0.3063740134239197,0.2938530147075653,0.300370991230011,2246050523,XRP
2020-08-15,0.300246000289917,0.3041880130767822,0.29489099979400635,0.2996610105037689,2260353636,XRP
2020-08-16,0.29976698756217957,0.3040519952774048,0.2942889928817749,0.30349200963974,2078824448,XRP
2020-08-17,0.3036409914493561,0.32440298795700073,0.298660010099411,0.3147670030593872,3001054633,XRP
2020-08-18,0.31421801447868347,0.3204059898853302,0.30184298753738403,0.3033069968223572,2126503478,XRP
2020-08-19,0.3035129904747009,0.3055399954319,0.28247401118278503,0.29024600982666016,2163768928,XRP
2020-08-20,0.29030099511146545,0.29409900307655334,0.28607800602912903,0.2925730049610138,1749934412,XRP
2020-08-21,0.29246801137924194,0.29551801085472107,0.2802579998970032,0.2806819975376129,1833818566,XRP
2020-08-22,0.2806349992752075,0.286545991897583,0.27589601278305054,0.286545991897583,1417207522,XRP
2020-08-23,0.2863579988479614,0.2872759997844696,0.27882900834083557,0.28538599610328674,1183627267,XRP
2020-08-24,0.28527799248695374,0.29131200909614563,0.28311699628829956,0.28921499848365784,1237229520,XRP
2020-08-25,0.28904399275779724,0.28957098722457886,0.27331098914146423,0.2779270112514496,1403395912,XRP
2020-08-26,0.2776930034160614,0.28013598918914795,0.2748759984970093,0.2774910032749176,1194610015,XRP
2020-08-27,0.2773599922657013,0.2786880135536194,0.25751298666000366,0.26451098918914795,1471948899,XRP
2020-08-28,0.26465800404548645,0.27330198884010315,0.2613089978694916,0.2720459997653961,1178427813,XRP
2020-08-29,0.2720089852809906,0.2768389880657196,0.26944699883461,0.27449700236320496,1053592719,XRP
2020-08-30,0.27456799149513245,0.2835969924926758,0.27435699105262756,0.28303399682044983,1202203314,XRP
2020-08-31,0.28306499123573303,0.2845120131969452,0.278658002614975,0.28176599740982056,1209798563,XRP
2020-09-01,0.28161200881004333,0.29821300506591797,0.2784560024738312,0.2956959903240204,1730740377,XRP
2020-09-02,0.29561200737953186,0.30321401357650757,0.2691510021686554,0.27646100521087646,1985414445,XRP
2020-09-03,0.276636004447937,0.27672600746154785,0.2454189956188202,0.24658000469207764,1847290355,XRP
2020-09-04,0.24672600626945496,0.2661390006542206,0.24430100619792938,0.25588300824165344,1924234480,XRP
2020-09-05,0.2558079957962036,0.2596060037612915,0.23381100594997406,0.2376919984817505,2160621038,XRP
2020-09-06,0.2376919984817505,0.2437320053577423,0.2313230037689209,0.24073100090026855,1752405005,XRP
2020-09-07,0.2408120036125183,0.24343200027942657,0.2312850058078766,0.24217399954795837,1773175897,XRP
2020-09-08,0.24202899634838104,0.2438720017671585,0.23283299803733826,0.23675300180912018,1618416970,XRP
2020-09-09,0.23672300577163696,0.2432129979133606,0.2342730015516281,0.2396090030670166,1203137131,XRP
2020-09-10,0.23968900740146637,0.2491849958896637,0.2395700067281723,0.2435300052165985,1353359148,XRP
2020-09-11,0.2435300052165985,0.24481500685214996,0.2375199943780899,0.24329200387001038,1096662166,XRP
2020-09-12,0.24305500090122223,0.24875199794769287,0.24181999266147614,0.24781399965286255,1043746083,XRP
2020-09-13,0.24781399965286255,0.25313600897789,0.23885700106620789,0.24180099368095398,1163182194,XRP
2020-09-14,0.24180400371551514,0.2498220056295395,0.24032199382781982,0.2463269978761673,1195994290,XRP
2020-09-15,0.2462649941444397,0.24924500286579132,0.2433920055627823,0.2438499927520752,1245531094,XRP
2020-09-16,0.24401000142097473,0.25097399950027466,0.23672699928283691,0.24784700572490692,1421286455,XRP
2020-09-17,0.24774299561977386,0.25819000601768494,0.24721799790859222,0.25219398736953735,1735400721,XRP
2020-09-18,0.2522839903831482,0.2557159960269928,0.24709099531173706,0.2507070004940033,1282349756,XRP
2020-09-19,0.2505300045013428,0.2541010081768036,0.24835899472236633,0.2517159879207611,1043485055,XRP
2020-09-20,0.2516629993915558,0.2516629993915558,0.24371600151062012,0.24674299359321594,1091283585,XRP
2020-09-21,0.24681800603866577,0.24810999631881714,0.23047900199890137,0.232137992978096,1718957623,XRP
2020-09-22,0.23184800148010254,0.23474299907684326,0.23023700714111328,0.23341700434684753,1019583831,XRP
2020-09-23,0.2332870066165924,0.23504100739955902,0.22112999856472015,0.22122099995613098,1646803535,XRP
2020-09-24,0.22167499363422394,0.23368699848651886,0.22033099830150604,0.23290500044822693,1937069766,XRP
2020-09-25,0.23292799293994904,0.24432900547981262,0.230322003364563,0.24192200601100922,1770527280,XRP
2020-09-26,0.24185200035572052,0.24555300176143646,0.23870199918746948,0.24216000735759735,1589059311,XRP
2020-09-27,0.2417919933795929,0.24435900151729584,0.23852600157260895,0.2427549958229065,1388129507,XRP
2020-09-28,0.24333399534225464,0.24768699705600739,0.24159300327301025,0.2418619990348816,1722817156,XRP
2020-09-29,0.24126900732517242,0.2465520054101944,0.23903800547122955,0.24317699670791626,1630882291,XRP
2020-09-30,0.24307000637054443,0.24307000637054443,0.23885400593280792,0.241784006357193,1571088310,XRP
2020-10-01,0.2419690042734146,0.24464499950408936,0.2349420040845871,0.2382490038871765,1725071846,XRP
2020-10-02,0.2382970005273819,0.2393060028553009,0.22982299327850342,0.23411700129508972,1849001296,XRP
2020-10-03,0.23416100442409515,0.2349720001220703,0.2329380065202713,0.2329380065202713,1261839176,XRP
2020-10-04,0.23307199776172638,0.2501380145549774,0.23220999538898468,0.2476850003004074,1885456462,XRP
2020-10-05,0.2481900006532669,0.2536909878253937,0.24709099531173706,0.2508159875869751,2159900755,XRP
2020-10-06,0.25083398818969727,0.258776992559433,0.24235700070858002,0.2453410029411316,3068832281,XRP
2020-10-07,0.24543499946594238,0.2512109875679016,0.2417140007019043,0.248539000749588,1894313447,XRP
2020-10-08,0.24888700246810913,0.2528209984302521,0.24291400611400604,0.2514539957046509,1984994731,XRP
2020-10-09,0.25144898891448975,0.2566779851913452,0.24998000264167786,0.25349101424217224,2104833281,XRP
2020-10-10,0.25322699546813965,0.25977298617362976,0.2531439960002899,0.25429001450538635,1957706164,XRP
2020-10-11,0.2542009949684143,0.25818899273872375,0.25382301211357117,0.25571900606155396,1851962086,XRP
2020-10-12,0.2556680142879486,0.25821900367736816,0.2501719892024994,0.2564460039138794,2117892928,XRP
2020-10-13,0.2563509941101074,0.2600489854812622,0.25333499908447266,0.2563230097293854,2098212018,XRP
2020-10-14,0.256727010011673,0.25839298963546753,0.2466830015182495,0.2494480013847351,1954936434,XRP
2020-10-15,0.24940599501132965,0.2502779960632324,0.24401099979877472,0.24593999981880188,1652788747,XRP
2020-10-16,0.24605800211429596,0.24759000539779663,0.23849999904632568,0.24044300615787506,1656312547,XRP
2020-10-17,0.2405409961938858,0.24271899461746216,0.23921799659729004,0.24093100428581238,1173505925,XRP
2020-10-18,0.24085000157356262,0.24341900646686554,0.2405710071325302,0.24222500622272491,1238720802,XRP
2020-10-19,0.24230800569057465,0.24947099387645721,0.24049699306488037,0.24596400558948517,1435700560,XRP
2020-10-20,0.24592700600624084,0.24940000474452972,0.24256199598312378,0.24357299506664276,1526376279,XRP
2020-10-21,0.2434850037097931,0.2552269995212555,0.24317899346351624,0.2516149878501892,2306399543,XRP
2020-10-22,0.2513349950313568,0.26346299052238464,0.2512330114841461,0.25680699944496155,2827483708,XRP
2020-10-23,0.25732600688934326,0.25930601358413696,0.2507129907608032,0.2548789978027344,2125734863,XRP
2020-10-24,0.2548789978027344,0.25764501094818115,0.25283199548721313,0.2564310133457184,1590424952,XRP
2020-10-25,0.2564310133457184,0.25714701414108276,0.25174498558044434,0.25321298837661743,1484930709,XRP
2020-10-26,0.25321298837661743,0.2584080100059509,0.2440820038318634,0.2486879974603653,2390566065,XRP
2020-10-27,0.2486879974603653,0.2538740038871765,0.2480970025062561,0.2528989911079407,2273574015,XRP
2020-10-28,0.25290000438690186,0.2563929855823517,0.24460799992084503,0.24586500227451324,2375598739,XRP
2020-10-29,0.24586500227451324,0.24699600040912628,0.24031199514865875,0.24229499697685242,5451698743,XRP
2020-10-30,0.24229200184345245,0.24400000274181366,0.23282800614833832,0.23918400704860687,2364402263,XRP
2020-10-31,0.23918800055980682,0.24321900308132172,0.23774899542331696,0.23974399268627167,2100764094,XRP
2020-11-01,0.23973900079727173,0.24131999909877777,0.2370939999818802,0.23979699611663818,1855741696,XRP
2020-11-02,0.2398039996623993,0.24425899982452393,0.2337689995765686,0.23542100191116333,2412875798,XRP
2020-11-03,0.23542000353336334,0.24212799966335297,0.22877199947834015,0.23950999975204468,3052524907,XRP
2020-11-04,0.23950999975204468,0.24039000272750854,0.2333880066871643,0.2377929985523224,3335786074,XRP
2020-11-05,0.2377990037202835,0.24704599380493164,0.2375580072402954,0.2457759976387024,2949508995,XRP
2020-11-06,0.24577000737190247,0.26080501079559326,0.24530699849128723,0.25844499468803406,3282591092,XRP
2020-11-07,0.25844499468803406,0.266416996717453,0.24558499455451965,0.24958199262619019,3395345984,XRP
2020-11-08,0.24958199262619019,0.2567349970340729,0.24791300296783447,0.2539390027523041,2364742336,XRP
2020-11-09,0.2539390027523041,0.25606998801231384,0.24611499905586243,0.25074800848960876,3079413903,XRP
2020-11-10,0.2507529854774475,0.2642970085144043,0.24872399866580963,0.25391098856925964,3488798458,XRP
2020-11-11,0.25391098856925964,0.2597239911556244,0.2528420090675354,0.2562589943408966,2811079099,XRP
2020-11-12,0.2562580108642578,0.25808098912239075,0.25283899903297424,0.25490298867225647,2443233108,XRP
2020-11-13,0.25490298867225647,0.2656790018081665,0.2540909945964813,0.265190988779068,2989109717,XRP
2020-11-14,0.265190988779068,0.27701398730278015,0.26245400309562683,0.268341988325119,4433908911,XRP
2020-11-15,0.268341988325119,0.27661800384521484,0.2646450102329254,0.2696419954299927,3613774298,XRP
2020-11-16,0.2696410119533539,0.2880080044269562,0.26805299520492554,0.2855199873447418,4105697051,XRP
2020-11-17,0.2917959988117218,0.3044019937515259,0.2911129891872406,0.30240800976753235,6002566535,XRP
2020-11-18,0.3023970127105713,0.30727699398994446,0.2838279902935028,0.29422199726104736,5684799554,XRP
2020-11-19,0.29422199726104736,0.3065049946308136,0.2846429944038391,0.30376601219177246,5230574728,XRP
2020-11-20,0.30376601219177246,0.3293929994106293,0.2982029914855957,0.32806798815727234,6283633942,XRP
2020-11-21,0.32806798815727234,0.4630570113658905,0.32806798815727234,0.4583440124988556,16206296041,XRP
2020-11-22,0.4583440124988556,0.4919019937515259,0.4132559895515442,0.44369998574256897,19097682286,XRP
2020-11-23,0.44370099902153015,0.61496901512146,0.43473199009895325,0.6139799952507019,20715303968,XRP
2020-11-24,0.6141930222511292,0.7680190205574036,0.5779060125350952,0.6921030282974243,32826193388,XRP
2020-11-25,0.6921539902687073,0.7198569774627686,0.5965480208396912,0.6354830265045166,23569614498,XRP
2020-11-26,0.6348919868469238,0.6497300267219543,0.4621410071849823,0.5330190062522888,23673915793,XRP
2020-11-27,0.5333830118179321,0.5858650207519531,0.5087140202522278,0.5592679977416992,18713160692,XRP
2020-11-28,0.5596749782562256,0.6445500254631042,0.542639970779419,0.6256219744682312,17173561815,XRP
2020-11-29,0.6257420182228088,0.6345130205154419,0.588362991809845,0.6062459945678711,15391721339,XRP
2020-11-30,0.6062890291213989,0.6721789836883545,0.6004250049591064,0.6643369793891907,17398359053,XRP
2020-12-01,0.6645150184631348,0.6791579723358154,0.5943480134010315,0.6129230260848999,16985355820,XRP
2020-12-02,0.612991988658905,0.6358969807624817,0.5986359715461731,0.6298930048942566,12874875863,XRP
2020-12-03,0.6299949884414673,0.6403329968452454,0.6161730289459229,0.6314830183982849,9884297219,XRP
2020-12-04,0.6314690113067627,0.6329669952392578,0.5466870069503784,0.5572620034217834,9629062989,XRP
2020-12-05,0.5570880174636841,0.5958390235900879,0.5517849922180176,0.5844209790229797,8565677726,XRP
2020-12-06,0.584414005279541,0.6258779764175415,0.5815160274505615,0.6198509931564331,10280250882,XRP
2020-12-07,0.6197140216827393,0.6228320002555847,0.5928189754486084,0.6089339852333069,7718537440,XRP
2020-12-08,0.6088579893112183,0.6101610064506531,0.5545700192451477,0.5588359832763672,8302771172,XRP
2020-12-09,0.558667004108429,0.6019390225410461,0.5059829950332642,0.5835899710655212,12648574700,XRP
2020-12-10,0.5836570262908936,0.5868560075759888,0.5561689734458923,0.572953999042511,9695432997,XRP
2020-12-11,0.573062002658844,0.5836930274963379,0.5313829779624939,0.5464829802513123,10708202570,XRP
2020-12-12,0.5463160276412964,0.5463160276412964,0.48735299706459045,0.506401002407074,10925057158,XRP
2020-12-13,0.5066779851913452,0.526960015296936,0.48728200793266296,0.51146399974823,8534780504,XRP
2020-12-14,0.5116080045700073,0.5171409845352173,0.4901680052280426,0.49771198630332947,7110439196,XRP
2020-12-15,0.4976879954338074,0.5066099762916565,0.4659940004348755,0.46970999240875244,9052977849,XRP
2020-12-16,0.46967700123786926,0.56877201795578,0.4420279860496521,0.5686280131340027,15158282218,XRP
2020-12-17,0.5684880018234253,0.6539090275764465,0.5464190244674683,0.5766770243644714,21429914951,XRP
2020-12-18,0.5767390131950378,0.6103609800338745,0.5523380041122437,0.5842800140380859,14936843250,XRP
2020-12-19,0.5842000246047974,0.6019610166549683,0.5680320262908936,0.5791630148887634,11188586674,XRP
2020-12-20,0.5789899826049805,0.585578978061676,0.5385100245475769,0.5560579895973206,9611613770,XRP
2020-12-21,0.555961012840271,0.5677670240402222,0.5028570294380188,0.5169439911842346,9852685075,XRP
2020-12-22,0.5167919993400574,0.5215989947319031,0.4105510115623474,0.4484480023384094,15134323976,XRP
2020-12-23,0.4479660093784332,0.4479660093784332,0.22136299312114716,0.25860199332237244,19793483656,XRP
2020-12-24,0.25911301374435425,0.3676240146160126,0.24374200403690338,0.33781901001930237,16742652289,XRP
2020-12-25,0.33733099699020386,0.38060298562049866,0.28517401218414307,0.3180910050868988,16321189804,XRP
2020-12-26,0.31807398796081543,0.32231399416923523,0.2871829867362976,0.29471299052238464,9984475081,XRP
2020-12-27,0.29475799202919006,0.30746400356292725,0.2702479958534241,0.28303900361061096,9250325478,XRP
2020-12-28,0.28336599469184875,0.3060159981250763,0.23941299319267273,0.2479580044746399,8389871765,XRP
2020-12-29,0.24767300486564636,0.24831800162792206,0.17483100295066833,0.22096200287342072,12970077098,XRP
2020-12-30,0.2209019958972931,0.23535999655723572,0.19467000663280487,0.21182799339294434,8894036560,XRP
2020-12-31,0.21178700029850006,0.22761300206184387,0.2064650058746338,0.2198459953069687,5363979601,XRP
2021-01-01,0.2198449969291687,0.2492700070142746,0.21728800237178802,0.23744399845600128,5888429287,XRP
2021-01-02,0.23767000436782837,0.23838800191879272,0.21581600606441498,0.2216549962759018,4773658725,XRP
2021-01-03,0.22174400091171265,0.23774099349975586,0.21716700494289398,0.2258480042219162,5109898871,XRP
2021-01-04,0.22603799402713776,0.2564769983291626,0.21972200274467468,0.23667700588703156,6141918380,XRP
2021-01-05,0.2366359978914261,0.24125100672245026,0.22160199284553528,0.22675000131130219,5378491929,XRP
2021-01-06,0.2268660068511963,0.2691580057144165,0.2234639972448349,0.2508949935436249,7552726810,XRP
2021-01-07,0.2509259879589081,0.36529600620269775,0.2478100061416626,0.32600200176239014,15955049240,XRP
2021-01-08,0.3260889947414398,0.3459160029888153,0.2915390133857727,0.32322999835014343,9825829516,XRP
2021-01-09,0.3231559991836548,0.3398590087890625,0.3078950047492981,0.32691600918769836,7184429145,XRP
2021-01-10,0.32683300971984863,0.3652209937572479,0.29215899109840393,0.31833600997924805,9647740012,XRP
2021-01-11,0.31794100999832153,0.31794100999832153,0.2594679892063141,0.28890499472618103,9787288503,XRP
2021-01-12,0.28867700695991516,0.30992400646209717,0.2793700098991394,0.2921229898929596,6557418314,XRP
2021-01-13,0.29202800989151,0.3087979853153229,0.286888986825943,0.3055799901485443,4831812051,XRP
2021-01-14,0.3055360019207001,0.30834299325942993,0.28421100974082947,0.2954379916191101,5277189444,XRP
2021-01-15,0.2955690026283264,0.30175700783729553,0.2647469937801361,0.28040599822998047,4955409029,XRP
2021-01-16,0.28029200434684753,0.2951909899711609,0.2770099937915802,0.2801879942417145,4116256007,XRP
2021-01-17,0.28006699681282043,0.28526800870895386,0.27065199613571167,0.2773840129375458,3488557208,XRP
2021-01-18,0.27737200260162354,0.2876240015029907,0.2726370096206665,0.2847689986228943,3239112861,XRP
2021-01-19,0.28482601046562195,0.32618799805641174,0.2839969992637634,0.2943139970302582,5583136814,XRP
2021-01-20,0.2942189872264862,0.30862098932266235,0.2819859981536865,0.2965179979801178,4528341598,XRP
2021-01-21,0.29646599292755127,0.3062179982662201,0.2631239891052246,0.26894599199295044,4453463443,XRP
2021-01-22,0.268775999546051,0.27784299850463867,0.24491700530052185,0.27279898524284363,4501765714,XRP
2021-01-23,0.27261099219322205,0.2826229929924011,0.26697900891304016,0.271820992231369,3018882841,XRP
2021-01-24,0.27184000611305237,0.27742499113082886,0.2702159881591797,0.2735089957714081,2472431875,XRP
2021-01-25,0.27347299456596375,0.2824169993400574,0.2687999904155731,0.269089013338089,2925493997,XRP
2021-01-26,0.2690489888191223,0.27110400795936584,0.2597079873085022,0.26882699131965637,2790821503,XRP
2021-01-27,0.2688559889793396,0.2689720094203949,0.24553200602531433,0.2519429922103882,2940937079,XRP
2021-01-28,0.25191500782966614,0.269008994102478,0.24878600239753723,0.26412200927734375,2793379611,XRP
2021-01-29,0.27052998542785645,0.3101939857006073,0.26048800349235535,0.2821879982948303,8031899348,XRP
2021-01-30,0.282151997089386,0.4893459975719452,0.27982500195503235,0.44024398922920227,24417465997,XRP
2021-01-31,0.4378319978713989,0.49970200657844543,0.3894979953765869,0.49231401085853577,24394851756,XRP
2021-02-01,0.4925119876861572,0.7448210120201111,0.3606930077075958,0.37150898575782776,34974233953,XRP
2021-02-02,0.3705199956893921,0.40426400303840637,0.3442690074443817,0.369269996881485,12756138062,XRP
2021-02-03,0.3693639934062958,0.40806201100349426,0.3693639934062958,0.3934899866580963,8672301822,XRP
2021-02-04,0.3934110105037689,0.4723060131072998,0.37918099761009216,0.44644901156425476,13193400182,XRP
2021-02-05,0.44532498717308044,0.4647049903869629,0.42510199546813965,0.45004698634147644,10229060640,XRP
2021-02-06,0.4501569867134094,0.45228201150894165,0.42671000957489014,0.43909600377082825,7625571666,XRP
2021-02-07,0.43912801146507263,0.44551900029182434,0.39876699447631836,0.41795799136161804,7495069765,XRP
2021-02-08,0.4177660048007965,0.45991599559783936,0.4127190113067627,0.44770199060440063,8180714581,XRP
2021-02-09,0.4476589858531952,0.4851909875869751,0.44756999611854553,0.47199100255966187,9634769935,XRP
2021-02-10,0.4719190001487732,0.5341050028800964,0.46599000692367554,0.503445029258728,13793347172,XRP
2021-02-11,0.5030530095100403,0.5276169776916504,0.5011360049247742,0.5247870087623596,8979459920,XRP
2021-02-12,0.5246269702911377,0.6126300096511841,0.5182650089263916,0.6085919737815857,13950086407,XRP
2021-02-13,0.6081050038337708,0.6370350122451782,0.549917995929718,0.6289960145950317,14161115005,XRP
2021-02-14,0.6284499764442444,0.6323860287666321,0.5671550035476685,0.5941929817199707,10460949240,XRP
2021-02-15,0.5934529900550842,0.600051999092102,0.5215640068054199,0.5489150285720825,10563510365,XRP
2021-02-16,0.5485950112342834,0.5773149728775024,0.4900380074977875,0.5208460092544556,10310430732,XRP
2021-02-17,0.5207980275154114,0.5543609857559204,0.49711599946022034,0.5355370044708252,9332962077,XRP
2021-02-18,0.5350980162620544,0.5586410164833069,0.5238720178604126,0.5324329733848572,5621706995,XRP
2021-02-19,0.5325700044631958,0.5790839791297913,0.5206549763679504,0.567018985748291,6896487164,XRP
2021-02-20,0.5668830275535583,0.582423985004425,0.4824399948120117,0.5175120234489441,7892199926,XRP
2021-02-21,0.5168790221214294,0.5583670139312744,0.508463978767395,0.5485600233078003,6569716153,XRP
2021-02-22,0.5483239889144897,0.6398509740829468,0.5200690031051636,0.571740984916687,18769236632,XRP
2021-02-23,0.5709890127182007,0.5709890127182007,0.3793019950389862,0.47356298565864563,14359021786,XRP
2021-02-24,0.4742009937763214,0.4993700087070465,0.45475900173187256,0.4718320071697235,8015468859,XRP
2021-02-25,0.47177600860595703,0.4825170040130615,0.42910298705101013,0.4345239996910095,5952353924,XRP
2021-02-26,0.43494099378585815,0.450439989566803,0.41555899381637573,0.4278999865055084,6476253874,XRP
2021-02-27,0.42790400981903076,0.4575960040092468,0.42790400981903076,0.4378089904785156,4756622833,XRP
2021-02-28,0.4377639889717102,0.4394400119781494,0.3976989984512329,0.41495299339294434,4325860134,XRP
2021-03-01,0.4151090085506439,0.4513480067253113,0.4135870039463043,0.44724398851394653,3547533777,XRP
2021-03-02,0.44649600982666016,0.4547640085220337,0.4248430132865906,0.43683698773384094,3388591213,XRP
2021-03-03,0.4369029998779297,0.4666520059108734,0.43352600932121277,0.45027899742126465,3304301858,XRP
2021-03-04,0.45006000995635986,0.4931420087814331,0.4380030035972595,0.4866049885749817,6027421637,XRP
2021-03-05,0.48583099246025085,0.48583099246025085,0.4499480128288269,0.4581190049648285,4288262516,XRP
2021-03-06,0.457863986492157,0.47068798542022705,0.4524950087070465,0.4651060104370117,2758849692,XRP
2021-03-07,0.4650940001010895,0.4692859947681427,0.4598659873008728,0.46686699986457825,2364586464,XRP
2021-03-08,0.4668880105018616,0.4859890043735504,0.4573189914226532,0.47359699010849,3587390975,XRP
2021-03-09,0.4737449884414673,0.48598799109458923,0.47244200110435486,0.48598799109458923,3020728025,XRP
2021-03-10,0.4859029948711395,0.48764699697494507,0.4588310122489929,0.4631659984588623,3271277631,XRP
2021-03-11,0.4630489945411682,0.46428200602531433,0.44301700592041016,0.4529600143432617,3186670815,XRP
2021-03-12,0.4529910087585449,0.4636940062046051,0.43301498889923096,0.44113099575042725,3326213717,XRP
2021-03-13,0.4411090016365051,0.46482399106025696,0.4355219900608063,0.45992401242256165,3212270555,XRP
2021-03-14,0.4596309959888458,0.46209201216697693,0.442111998796463,0.442111998796463,2509435800,XRP
2021-03-15,0.44208699464797974,0.44831401109695435,0.42654699087142944,0.4375549852848053,3116009271,XRP
2021-03-16,0.4374539852142334,0.5149589776992798,0.43007799983024597,0.4625999927520752,7382009786,XRP
2021-03-17,0.46282199025154114,0.4833120107650757,0.4570609927177429,0.4724169969558716,4341765347,XRP
2021-03-18,0.4723829925060272,0.49080899357795715,0.4558359980583191,0.4729189872741699,3265976425,XRP
2021-03-19,0.4727970063686371,0.4783880114555359,0.4634320139884949,0.47117099165916443,2626051305,XRP
2021-03-20,0.47110500931739807,0.5529289841651917,0.47016099095344543,0.5269910097122192,6757879312,XRP
2021-03-21,0.5274159908294678,0.5463770031929016,0.49992799758911133,0.5198349952697754,5539749484,XRP
2021-03-22,0.5198100209236145,0.6026179790496826,0.5054709911346436,0.5499420166015625,9732075816,XRP
2021-03-23,0.5501350164413452,0.5993130207061768,0.543969988822937,0.5565950274467468,7610195005,XRP
2021-03-24,0.5562649965286255,0.5646770000457764,0.4692850112915039,0.48883700370788574,5446433135,XRP
2021-03-25,0.4882340133190155,0.5273680090904236,0.471127986907959,0.5174980163574219,6061921454,XRP
2021-03-26,0.5173889994621277,0.5749750137329102,0.5165150165557861,0.5670549869537354,5807865028,XRP
2021-03-27,0.5671929717063904,0.5759180188179016,0.5398240089416504,0.5504429936408997,3684247475,XRP
2021-03-28,0.5503770112991333,0.5622050166130066,0.5454779863357544,0.5507559776306152,2795107715,XRP
2021-03-29,0.5506449937820435,0.5707110166549683,0.548183023929596,0.5678709745407104,3549650231,XRP
2021-03-30,0.5677369832992554,0.585902988910675,0.5630840063095093,0.5668590068817139,3831603058,XRP
2021-03-31,0.5668330192565918,0.5792279839515686,0.5447459816932678,0.573868989944458,4849764990,XRP
2021-04-01,0.5739589929580688,0.5958170294761658,0.5590019822120667,0.5792919993400574,4725008531,XRP
2021-04-02,0.5793600082397461,0.6173819899559021,0.575203001499176,0.6165689826011658,5404854336,XRP
2021-04-03,0.6167790293693542,0.6533499956130981,0.5877479910850525,0.5909150242805481,6757992981,XRP
2021-04-04,0.5909090042114258,0.6469770073890686,0.5830129981040955,0.6467289924621582,4613898769,XRP
2021-04-05,0.6467030048370361,0.9368550181388855,0.633974015712738,0.9204729795455933,26415199263,XRP
2021-04-06,0.9169179797172546,1.1179159879684448,0.8244079947471619,1.0962660312652588,36955175105,XRP
2021-04-07,1.0975470542907715,1.1044880151748657,0.8694139719009399,0.917576014995575,21942171678,XRP
2021-04-08,0.9190549850463867,1.0725680589675903,0.9056270122528076,1.0527559518814087,12888349509,XRP
2021-04-09,1.0534169673919678,1.0831589698791504,0.9865850210189819,1.0208369493484497,10235269531,XRP
2021-04-10,1.0202820301055908,1.3899569511413574,1.0086359977722168,1.3744159936904907,25547794935,XRP
2021-04-11,1.3720680475234985,1.4920719861984253,1.3088279962539673,1.3605300188064575,21224874412,XRP
2021-04-12,1.3540040254592896,1.4701449871063232,1.3240770101547241,1.4677350521087646,13216559312,XRP
2021-04-13,1.470080018043518,1.8884390592575073,1.4230339527130127,1.7940009832382202,31123574741,XRP
2021-04-14,1.7942479848861694,1.9649970531463623,1.5790770053863525,1.8392360210418701,29025829007,XRP
2021-04-15,1.8372809886932373,1.8828190565109253,1.6581029891967773,1.7660670280456543,15403982671,XRP
2021-04-16,1.7593029737472534,1.808948040008545,1.4495480060577393,1.55752694606781,20594074869,XRP
2021-04-17,1.5530270338058472,1.7405279874801636,1.5415029525756836,1.5600550174713135,14507135285,XRP
2021-04-18,1.5591039657592773,1.5785670280456543,1.1746649742126465,1.4059979915618896,22933939682,XRP
2021-04-19,1.4094569683074951,1.5303809642791748,1.2583069801330566,1.3150440454483032,17637508685,XRP
2021-04-20,1.3099509477615356,1.4456360340118408,1.1862280368804932,1.3832989931106567,15562116615,XRP
2021-04-21,1.3861570358276367,1.4585399627685547,1.2828229665756226,1.2964979410171509,12545052977,XRP
2021-04-22,1.2918070554733276,1.4131920337677002,1.1190860271453857,1.159682035446167,14899537552,XRP
2021-04-23,1.1571389436721802,1.1940040588378906,0.901078999042511,1.169659972190857,20235915090,XRP
2021-04-24,1.1701899766921997,1.1702840328216553,1.0244170427322388,1.0487060546875,8586287312,XRP
2021-04-25,1.049489974975586,1.1530250310897827,0.9529150128364563,1.032256007194519,8573604939,XRP
2021-04-26,1.0351829528808594,1.3690769672393799,1.016921043395996,1.3685059547424316,15417459290,XRP
2021-04-27,1.3667429685592651,1.4597359895706177,1.3311899900436401,1.4009549617767334,13584693517,XRP
2021-04-28,1.401563048362732,1.4469749927520752,1.288701057434082,1.3586009740829468,9272726011,XRP
2021-04-29,1.3579649925231934,1.4183310270309448,1.3309470415115356,1.399359941482544,7633164142,XRP
2021-04-30,1.3984999656677246,1.6355210542678833,1.3764679431915283,1.5916739702224731,14160854005,XRP
2021-05-01,1.5984090566635132,1.6650110483169556,1.52994704246521,1.6510250568389893,8206771323,XRP
2021-05-02,1.651960015296936,1.656330943107605,1.533619999885559,1.5626410245895386,6933641361,XRP
2021-05-03,1.5624929666519165,1.6215989589691162,1.528555989265442,1.555994987487793,7612512785,XRP
2021-05-04,1.5559539794921875,1.5572309494018555,1.3386640548706055,1.3923759460449219,12855752789,XRP
2021-05-05,1.388069987297058,1.6225359439849854,1.3712739944458008,1.6145119667053223,13318453320,XRP
2021-05-06,1.6155070066452026,1.7588200569152832,1.5473239421844482,1.6005810499191284,16099528279,XRP
2021-05-07,1.6039799451828003,1.6912579536437988,1.5112910270690918,1.5817550420761108,10400571927,XRP
2021-05-08,1.5809400081634521,1.6271849870681763,1.5430999994277954,1.5625979900360107,6349608020,XRP
2021-05-09,1.563478946685791,1.5934150218963623,1.4441269636154175,1.5352929830551147,8243079607,XRP
2021-05-10,1.5344070196151733,1.6257410049438477,1.2500029802322388,1.3890060186386108,11181774844,XRP
2021-05-11,1.3918349742889404,1.4868600368499756,1.3636759519577026,1.4776819944381714,7973181908,XRP
2021-05-12,1.4791359901428223,1.5424530506134033,1.247864007949829,1.247864007949829,9272699846,XRP
2021-05-13,1.2712730169296265,1.3889240026474,1.2094570398330688,1.3589099645614624,12358993946,XRP
2021-05-14,1.363347053527832,1.4422290325164795,1.3245450258255005,1.4029170274734497,7570332417,XRP
2021-05-15,1.4017059803009033,1.5824780464172363,1.3248120546340942,1.4858800172805786,13321419261,XRP
2021-05-16,1.487457036972046,1.6079820394515991,1.3515160083770752,1.452605962753296,12405363634,XRP
2021-05-17,1.4492039680480957,1.5593249797821045,1.3282790184020996,1.4962999820709229,13573485606,XRP
2021-05-18,1.494104027748108,1.7022089958190918,1.476958990097046,1.5907340049743652,14847139298,XRP
2021-05-19,1.593269944190979,1.64437997341156,0.8753179907798767,1.0703129768371582,20523476458,XRP
2021-05-20,1.061532974243164,1.2684489488601685,0.9118139743804932,1.1855369806289673,13626658452,XRP
2021-05-21,1.1811829805374146,1.2159260511398315,0.8695480227470398,1.0069760084152222,10998911191,XRP
2021-05-22,1.0095770359039307,1.0153390169143677,0.826445996761322,0.9063169956207275,8750076614,XRP
2021-05-23,0.9065110087394714,0.9673460125923157,0.6522539854049683,0.7970150113105774,10816054413,XRP
2021-05-24,0.7931619882583618,0.9985949993133545,0.7585899829864502,0.9928349852561951,8239461926,XRP
2021-05-25,0.9940299987792969,1.0578399896621704,0.8838269710540771,0.976186990737915,8637179369,XRP
2021-05-26,0.9758309721946716,1.06694495677948,0.9501039981842041,1.0337250232696533,6376977398,XRP
2021-05-27,1.0335739850997925,1.042896032333374,0.9356160163879395,0.9702349901199341,5204084865,XRP
2021-05-28,0.9739519953727722,0.983460009098053,0.8475710153579712,0.9001479744911194,6082828979,XRP
2021-05-29,0.899495005607605,0.9397919774055481,0.7950699925422668,0.8317880034446716,5156278121,XRP
2021-05-30,0.8319939970970154,0.9301270246505737,0.7998250126838684,0.9066089987754822,4077064725,XRP
2021-05-31,0.9063839912414551,1.0490219593048096,0.8825560212135315,1.0465840101242065,6277821474,XRP
2021-06-01,1.0421019792556763,1.0996390581130981,0.9793369770050049,1.0110009908676147,5606414479,XRP
2021-06-02,1.011214017868042,1.049746036529541,0.9813650250434875,1.024399995803833,3598008182,XRP
2021-06-03,1.0251460075378418,1.0782749652862549,1.0085489749908447,1.045320987701416,3661357809,XRP
2021-06-04,1.045106053352356,1.0452710390090942,0.9201670289039612,0.970196008682251,4638523697,XRP
2021-06-05,0.9699789881706238,0.9979469776153564,0.8975290060043335,0.9232860207557678,3257149049,XRP
2021-06-06,0.9234809875488281,0.9495319724082947,0.9187600016593933,0.945285975933075,2308242807,XRP
2021-06-07,0.9467179775238037,0.9743459820747375,0.8489819765090942,0.8611549735069275,3466113432,XRP
2021-06-08,0.8627809882164001,0.8854979872703552,0.7886430025100708,0.8757879734039307,4491339501,XRP
2021-06-09,0.8740580081939697,0.9200339913368225,0.8323310017585754,0.9200339913368225,3990884688,XRP
2021-06-10,0.9213240146636963,0.927827000617981,0.8537970185279846,0.8691819906234741,3157272780,XRP
2021-06-11,0.8692470192909241,0.879190981388092,0.8359429836273193,0.8484500050544739,2502880892,XRP
2021-06-12,0.8478789925575256,0.8478789925575256,0.8076980113983154,0.8326830267906189,2731548390,XRP
2021-06-13,0.8332520127296448,0.8880770206451416,0.8192729949951172,0.8831599950790405,3059837086,XRP
2021-06-14,0.8830479979515076,0.926110029220581,0.8638150095939636,0.8928970098495483,3005221040,XRP
2021-06-15,0.8870689868927002,0.9022529721260071,0.860289990901947,0.8898000121116638,3585820721,XRP
2021-06-16,0.8668540120124817,0.8733749985694885,0.8275539875030518,0.8319079875946045,2916163481,XRP
2021-06-17,0.831732988357544,0.86142897605896,0.8258749842643738,0.8414379954338074,2684672890,XRP
2021-06-18,0.8423240184783936,0.8449199795722961,0.7749850153923035,0.797648012638092,2509639518,XRP
2021-06-19,0.7983059883117676,0.8068689703941345,0.7587100267410278,0.7616729736328125,2208439278,XRP
2021-06-20,0.7603769898414612,0.7842950224876404,0.6993719935417175,0.7763770222663879,3068578656,XRP
2021-06-21,0.7747949957847595,0.7797899842262268,0.6051750183105469,0.6103879809379578,4048720475,XRP
2021-06-22,0.6072319746017456,0.6489189863204956,0.5127099752426147,0.5450670123100281,4784173339,XRP
2021-06-23,0.5469440221786499,0.660548985004425,0.5236629843711853,0.6265349984169006,4239151745,XRP
2021-06-24,0.6385899782180786,0.6910099983215332,0.6173819899559021,0.671999990940094,2781916002,XRP
2021-06-25,0.6729109883308411,0.6884689927101135,0.6033830046653748,0.6133229732513428,3120943105,XRP
2021-06-26,0.6115859746932983,0.6316760182380676,0.582414984703064,0.615435004234314,2458620798,XRP
2021-06-27,0.6169940233230591,0.6517720222473145,0.5976420044898987,0.6469230055809021,2329301222,XRP
2021-06-28,0.6482849717140198,0.6544449925422668,0.624550998210907,0.643746018409729,2323398761,XRP
2021-06-29,0.6439409852027893,0.7277259826660156,0.642350971698761,0.7017250061035156,3325816845,XRP
2021-06-30,0.7056810259819031,0.7136729955673218,0.6494560241699219,0.7063739895820618,3097076849,XRP
2021-07-01,0.7047849893569946,0.7047849893569946,0.6467959880828857,0.6611800193786621,2553971177,XRP
2021-07-02,0.6598899960517883,0.6672869920730591,0.6347259879112244,0.6567630171775818,2061607208,XRP
2021-07-03,0.6556389927864075,0.6836770176887512,0.6446530222892761,0.6728879809379578,1872819597,XRP
2021-07-04,0.6732180118560791,0.7077829837799072,0.665802001953125,0.6949449777603149,1885241527,XRP
2021-07-05,0.6956530213356018,0.6956530213356018,0.6484919786453247,0.6542999744415283,2076373188,XRP
2021-07-06,0.6530550122261047,0.6799229979515076,0.652675986289978,0.6654019951820374,1938959239,XRP
2021-07-07,0.6652560234069824,0.6733070015907288,0.6510170102119446,0.6515750288963318,2077976604,XRP
2021-07-08,0.6526910066604614,0.6543089747428894,0.612982988357544,0.623058021068573,2348704558,XRP
2021-07-09,0.6216880083084106,0.6445469856262207,0.5936599969863892,0.6368039846420288,2380083031,XRP
2021-07-10,0.6372209787368774,0.648173987865448,0.614700973033905,0.6254630088806152,1788373889,XRP
2021-07-11,0.6247199773788452,0.6431490182876587,0.6176480054855347,0.6359350085258484,1495491616,XRP
2021-07-12,0.6363419890403748,0.6572099924087524,0.6184509992599487,0.6301779747009277,1908473825,XRP
2021-07-13,0.6294460296630859,0.6402410268783569,0.6107050180435181,0.6195229887962341,1860938764,XRP
2021-07-14,0.6194689869880676,0.6247239708900452,0.5874320268630981,0.6203240156173706,1945120121,XRP
2021-07-15,0.6200050115585327,0.6265000104904175,0.5890719890594482,0.5969409942626953,2027622754,XRP
2021-07-16,0.5975490212440491,0.6167960166931152,0.5888209939002991,0.5907739996910095,1902793058,XRP
2021-07-17,0.589493989944458,0.5977190136909485,0.5732390284538269,0.582427978515625,1796242080,XRP
2021-07-18,0.5825930237770081,0.6012030243873596,0.5734220147132874,0.5879219770431519,1567538722,XRP
2021-07-19,0.5872250199317932,0.5893530249595642,0.5551779866218567,0.5575559735298157,1706406670,XRP
2021-07-20,0.5576220154762268,0.5683730244636536,0.5179100036621094,0.5293359756469727,2026435206,XRP
2021-07-21,0.5290539860725403,0.5832970142364502,0.5203379988670349,0.569998025894165,2610318312,XRP
2021-07-22,0.5715590119361877,0.6025369763374329,0.561722993850708,0.5922060012817383,2520533539,XRP
2021-07-23,0.5925459861755371,0.6095150113105774,0.5766900181770325,0.6092240214347839,2206128472,XRP
2021-07-24,0.6089969873428345,0.6206960082054138,0.600970983505249,0.6098269820213318,1967190260,XRP
2021-07-25,0.6091949939727783,0.6117680072784424,0.591376006603241,0.6063569784164429,1707767305,XRP
2021-07-26,0.6068909764289856,0.6778680086135864,0.6052989959716797,0.6256179809570312,3879282541,XRP
2021-07-27,0.6241739988327026,0.6520829796791077,0.6128929853439331,0.6446040272712708,2800102572,XRP
2021-07-28,0.6455720067024231,0.7518410086631775,0.6322259902954102,0.7254449725151062,6452960527,XRP
2021-07-29,0.7326359748840332,0.7647420167922974,0.6986690163612366,0.7480170130729675,3717954855,XRP
2021-07-30,0.7498459815979004,0.7681490182876587,0.7157809734344482,0.7521190047264099,3328523561,XRP
2021-07-31,0.752161979675293,0.7577009797096252,0.7377690076828003,0.7477859854698181,2612372196,XRP
2021-08-01,0.7459409832954407,0.7762830257415771,0.7072889804840088,0.7259219884872437,2529023488,XRP
2021-08-02,0.7241449952125549,0.7733250260353088,0.7168179750442505,0.7392200231552124,2648561558,XRP
2021-08-03,0.7384660243988037,0.7444139719009399,0.701878011226654,0.7127289772033691,2857095374,XRP
2021-08-04,0.7136330008506775,0.7392380237579346,0.6978359818458557,0.7304880023002625,2796312041,XRP
2021-08-05,0.7309200167655945,0.7386209964752197,0.7024009823799133,0.7331510186195374,2387435275,XRP
2021-08-06,0.7329819798469543,0.7521460056304932,0.7239869832992554,0.7465130090713501,2444020492,XRP
2021-08-07,0.7471349835395813,0.818041980266571,0.7414399981498718,0.8162810206413269,4067148040,XRP
2021-08-08,0.8167340159416199,0.8383809924125671,0.7732459902763367,0.7787389755249023,3954749759,XRP
2021-08-09,0.7790120244026184,0.8273990154266357,0.7609090209007263,0.8185529708862305,3739417343,XRP
2021-08-10,0.8173369765281677,0.8615880012512207,0.8006410002708435,0.8512470126152039,4002349584,XRP
2021-08-11,0.8512799739837646,1.0870529413223267,0.8487489819526672,1.0125240087509155,8213874830,XRP
2021-08-12,1.0125629901885986,1.042734980583191,0.9247490167617798,0.9645490050315857,7613283957,XRP
2021-08-13,0.9671459794044495,1.0944960117340088,0.9525910019874573,1.089959979057312,6425779147,XRP
2021-08-14,1.0898339748382568,1.309211015701294,1.0710289478302002,1.280411958694458,12107814480,XRP
2021-08-15,1.2816439867019653,1.3491740226745605,1.2302429676055908,1.288159966468811,10899164864,XRP
2021-08-16,1.2849290370941162,1.3268990516662598,1.1510319709777832,1.1909929513931274,8364848221,XRP
2021-08-17,1.186277985572815,1.2226779460906982,1.088273048400879,1.0981990098953247,7620119367,XRP
2021-08-18,1.0976619720458984,1.194200038909912,1.056771993637085,1.14609694480896,7559385803,XRP
2021-08-19,1.1446579694747925,1.232841968536377,1.0921709537506104,1.232841968536377,6781867994,XRP
2021-08-20,1.2334539890289307,1.2869709730148315,1.201058030128479,1.2632219791412354,6600353564,XRP
2021-08-21,1.2639180421829224,1.2812349796295166,1.2064050436019897,1.2164729833602905,4955470066,XRP
2021-08-22,1.2173939943313599,1.2546629905700684,1.1847549676895142,1.2277220487594604,4452016856,XRP
2021-08-23,1.2268120050430298,1.3042199611663818,1.2220940589904785,1.2472699880599976,6299948689,XRP
2021-08-24,1.248147964477539,1.2632869482040405,1.1281579732894897,1.1373519897460938,6109699877,XRP
2021-08-25,1.1370110511779785,1.17753005027771,1.1094310283660889,1.1725289821624756,4735020572,XRP
2021-08-26,1.1745879650115967,1.1863110065460205,1.0699050426483154,1.0752660036087036,4914724770,XRP
2021-08-27,1.0732979774475098,1.1884729862213135,1.0526419878005981,1.1884729862213135,5062671613,XRP
2021-08-28,1.19235098361969,1.1977039575576782,1.1366980075836182,1.1455049514770508,3655937721,XRP
2021-08-29,1.1459239721298218,1.1676830053329468,1.1166620254516602,1.1408319473266602,3456541619,XRP
2021-08-30,1.1423360109329224,1.1486849784851074,1.0987110137939453,1.1014349460601807,3635181352,XRP
2021-08-31,1.1013360023498535,1.2401039600372314,1.0922499895095825,1.1875929832458496,5897781233,XRP
2021-09-01,1.1869150400161743,1.234889030456543,1.1591269969940186,1.234889030456543,4937053998,XRP
2021-09-02,1.2375420331954956,1.2942960262298584,1.2229050397872925,1.256324052810669,5456908792,XRP
2021-09-03,1.2541370391845703,1.3215210437774658,1.226127028465271,1.2914350032806396,5896982947,XRP
2021-09-04,1.2907010316848755,1.29591703414917,1.2409570217132568,1.2557790279388428,4284360888,XRP
2021-09-05,1.2551300525665283,1.3084019422531128,1.237483024597168,1.3054980039596558,4077886190,XRP
2021-09-06,1.3073170185089111,1.4137669801712036,1.3073170185089111,1.3894129991531372,7403887685,XRP
2021-09-07,1.3894380331039429,1.3914949893951416,0.9754549860954285,1.1250989437103271,11310427430,XRP
2021-09-08,1.1266850233078003,1.1486419439315796,1.0201749801635742,1.1007200479507446,7367876460,XRP
2021-09-09,1.0902819633483887,1.136104941368103,0.838254988193512,1.0894010066986084,5171653352,XRP
2021-09-10,1.0875740051269531,1.2417190074920654,1.0343170166015625,1.0572669506072998,7726257543,XRP
2021-09-11,1.0565969944000244,1.1113009452819824,1.053305983543396,1.0799059867858887,3986494412,XRP
2021-09-12,1.0802780389785767,1.1272449493408203,1.0598679780960083,1.119636058807373,3403286576,XRP
2021-09-13,1.1194230318069458,1.1259139776229858,1.0296469926834106,1.0646779537200928,4391908806,XRP
2021-09-14,1.065369963645935,1.0976530313491821,1.0588419437408447,1.0965739488601685,3378813327,XRP
2021-09-15,1.096938967704773,1.1293209791183472,1.0805649757385254,1.121353030204773,2997048680,XRP
2021-09-16,1.121243953704834,1.1292020082473755,1.0680979490280151,1.0914980173110962,3168621354,XRP
2021-09-17,1.0908780097961426,1.1023139953613281,1.0531710386276245,1.0655980110168457,2989925804,XRP
2021-09-18,1.0659129619598389,1.0946160554885864,1.0573879480361938,1.0756679773330688,2308814476,XRP
2021-09-19,1.0751680135726929,1.082036018371582,1.0418070554733276,1.0484280586242676,2148537763,XRP
2021-09-20,1.0489840507507324,1.0504059791564941,0.8878499865531921,0.9171519875526428,5775337511,XRP
2021-09-21,0.9223440289497375,0.9593080282211304,0.8607339859008789,0.8763290047645569,4787985414,XRP
2021-09-22,0.8738240003585815,1.00935697555542,0.8696200251579285,1.0040760040283203,4813963292,XRP
2021-09-23,1.0045249462127686,1.016471028327942,0.9704790115356445,1.0020400285720825,3734263358,XRP
2021-09-24,1.0024549961090088,1.0031969547271729,0.8923929929733276,0.9459239840507507,4425027059,XRP
2021-09-25,0.9454569816589355,0.9568579792976379,0.9196249842643738,0.9413419961929321,3067009121,XRP
2021-09-26,0.9415709972381592,0.9566919803619385,0.8948339819908142,0.944720983505249,3142032669,XRP
2021-09-27,0.9459580183029175,0.981486976146698,0.9210829734802246,0.9236850142478943,3014579575,XRP
2021-09-28,0.9230589866638184,0.942592978477478,0.8924990296363831,0.893688976764679,2818990506,XRP
2021-09-29,0.8945909738540649,0.9903500080108643,0.8879479765892029,0.9283490180969238,3558174320,XRP
2021-09-30,0.9275130033493042,0.9640809893608093,0.922918975353241,0.9526360034942627,3051316850,XRP
2021-10-01,0.953764021396637,1.0639970302581787,0.9453549981117249,1.0426239967346191,5125674349,XRP
2021-10-02,1.0420600175857544,1.0717600584030151,1.0095380544662476,1.0386749505996704,3884936924,XRP
2021-10-03,1.0376880168914795,1.0884380340576172,1.0224920511245728,1.0551700592041016,3496121109,XRP
2021-10-04,1.055770993232727,1.0598599910736084,1.0107049942016602,1.043004035949707,3164260800,XRP
2021-10-05,1.0416879653930664,1.0874929428100586,1.038789987564087,1.0855029821395874,3251465579,XRP
2021-10-06,1.0849330425262451,1.1059050559997559,1.021597981452942,1.0776560306549072,3806090854,XRP
2021-10-07,1.0771859884262085,1.0932090282440186,1.0462199449539185,1.0680259466171265,3192050513,XRP
2021-10-08,1.0677640438079834,1.0913699865341187,1.056926965713501,1.0628910064697266,2577289115,XRP
2021-10-09,1.0618540048599243,1.2082140445709229,1.0592540502548218,1.1599260568618774,4844564004,XRP
2021-10-10,1.1602760553359985,1.2276630401611328,1.1313070058822632,1.1384530067443848,5165905723,XRP
2021-10-11,1.1373000144958496,1.1811039447784424,1.109963059425354,1.137887954711914,4022773988,XRP
2021-10-12,1.1383399963378906,1.1383399963378906,1.0676109790802002,1.1018589735031128,3959747373,XRP
2021-10-13,1.1019660234451294,1.1376899480819702,1.0769790410995483,1.128391981124878,3675636699,XRP
2021-10-14,1.1274909973144531,1.1564229726791382,1.1193039417266846,1.132315993309021,3184675623,XRP
2021-10-15,1.1335350275039673,1.164330005645752,1.1039719581604004,1.1405500173568726,5364938375,XRP
2021-10-16,1.1414730548858643,1.185520052909851,1.132119059562683,1.1350959539413452,3776545069,XRP
2021-10-17,1.1346919536590576,1.1399040222167969,1.02736496925354,1.0934679508209229,3227519874,XRP
2021-10-18,1.0948339700698853,1.1062190532684326,1.0671030282974243,1.0838420391082764,3186066188,XRP
2021-10-19,1.0838919878005981,1.0999850034713745,1.0723559856414795,1.092079997062683,2586014628,XRP
2021-10-20,1.091912031173706,1.1529840230941772,1.0885709524154663,1.1423280239105225,3394782025,XRP
2021-10-21,1.1454060077667236,1.1636699438095093,1.0880850553512573,1.0893150568008423,4035726860,XRP
2021-10-22,1.0899009704589844,1.1258790493011475,1.0791150331497192,1.0883740186691284,3296407032,XRP
2021-10-23,1.0898360013961792,1.1023859977722168,1.078505039215088,1.0944969654083252,2236173913,XRP
2021-10-24,1.0948760509490967,1.0965529680252075,1.0580439567565918,1.0842829942703247,2240272602,XRP
2021-10-25,1.0833070278167725,1.1038670539855957,1.0792059898376465,1.0951579809188843,2595663483,XRP
2021-10-26,1.0951110124588013,1.158342957496643,1.0932279825210571,1.108093023300171,3933349796,XRP
2021-10-27,1.1079410314559937,1.1251920461654663,0.9702050089836121,0.9954519867897034,6433932056,XRP
2021-10-28,0.9952390193939209,1.0819389820098877,0.9841139912605286,1.0588200092315674,5528214768,XRP
2021-10-29,1.059046983718872,1.0901659727096558,1.0561790466308594,1.0815030336380005,3549325709,XRP
2021-10-30,1.0813779830932617,1.1142849922180176,1.064389944076538,1.0839489698410034,3261273038,XRP
2021-10-31,1.0859260559082031,1.1524499654769897,1.0727640390396118,1.113247036933899,4607785327,XRP
2021-11-01,1.1131529808044434,1.13121497631073,1.0726569890975952,1.0928670167922974,3655823943,XRP
2021-11-02,1.0925769805908203,1.1450940370559692,1.0861170291900635,1.1361960172653198,3609677729,XRP
2021-11-03,1.135938048362732,1.2330249547958374,1.1269609928131104,1.2087960243225098,6526803610,XRP
2021-11-04,1.2105189561843872,1.2537280321121216,1.1669329404830933,1.202003002166748,5210115532,XRP
2021-11-05,1.201917052268982,1.2024040222167969,1.141374945640564,1.161532998085022,3572443866,XRP
2021-11-06,1.1606340408325195,1.1733030080795288,1.108773946762085,1.1524540185928345,2630197378,XRP
2021-11-07,1.1532000303268433,1.2375819683074951,1.148102045059204,1.2175339460372925,3384556620,XRP
2021-11-08,1.2210299968719482,1.2963780164718628,1.2210299968719482,1.282377004623413,5547697296,XRP
2021-11-09,1.282531976699829,1.2875779867172241,1.2320599555969238,1.258929967880249,5211033825,XRP
2021-11-10,1.2571849822998047,1.3476619720458984,1.1258280277252197,1.1933729648590088,7430166330,XRP
2021-11-11,1.1927989721298218,1.2532930374145508,1.1783130168914795,1.2183640003204346,4904300953,XRP
2021-11-12,1.2162480354309082,1.2338809967041016,1.1570489406585693,1.1893550157546997,4230289448,XRP
2021-11-13,1.1894689798355103,1.2041239738464355,1.1687649488449097,1.191938042640686,2889142419,XRP
2021-11-14,1.191195011138916,1.199936032295227,1.16941499710083,1.1885969638824463,2210065757,XRP
2021-11-15,1.1888240575790405,1.2198829650878906,1.1703200340270996,1.1713709831237793,2850390389,XRP
2021-11-16,1.1746540069580078,1.1746540069580078,1.0537179708480835,1.0909340381622314,4829173281,XRP
2021-11-17,1.0901039838790894,1.113286018371582,1.0699479579925537,1.096290946006775,3701959225,XRP
2021-11-18,1.0962810516357422,1.158331036567688,1.02292001247406,1.0419540405273438,5394362498,XRP
2021-11-19,1.040922999382019,1.0991929769515991,1.0205849409103394,1.0914920568466187,3716379231,XRP
2021-11-20,1.0910619497299194,1.1013959646224976,1.0643019676208496,1.0976459980010986,2575832703,XRP
2021-11-21,1.0967479944229126,1.098078966140747,1.0591540336608887,1.0601730346679688,2213864918,XRP
2021-11-22,1.0601259469985962,1.0699189901351929,1.0279279947280884,1.0366220474243164,2844568485,XRP
2021-11-23,1.037093997001648,1.0717509984970093,1.023345947265625,1.0670570135116577,3098367613,XRP
2021-11-24,1.067152976989746,1.0745489597320557,1.0116809606552124,1.0420750379562378,3151964356,XRP
2021-11-25,1.034106969833374,1.0646770000457764,1.0241570472717285,1.0318880081176758,3107133471,XRP
2021-11-26,1.044916033744812,1.0481369495391846,0.9254459738731384,0.9363499879837036,4293461689,XRP
2021-11-27,0.9400129914283752,0.9672769904136658,0.9365609884262085,0.9471579790115356,2410404614,XRP
2021-11-28,0.9477490186691284,0.9697719812393188,0.896573007106781,0.9687510132789612,2605488239,XRP
2021-11-29,0.9698219895362854,1.002905011177063,0.9663280248641968,0.9919610023498535,2917313727,XRP
2021-11-30,0.991487979888916,1.0301209688186646,0.9736729860305786,0.9987540245056152,2949826821,XRP
2021-12-01,0.9981899857521057,1.0182689428329468,0.9820230007171631,0.9909300208091736,2570587577,XRP
2021-12-02,0.9909150004386902,0.9909150004386902,0.9598770141601562,0.9723119735717773,2250871711,XRP
2021-12-03,0.9734529852867126,0.985319972038269,0.9059680104255676,0.9222440123558044,2714612022,XRP
2021-12-04,0.9240919947624207,0.9266639947891235,0.6145049929618835,0.8470289707183838,6970805726,XRP
2021-12-05,0.8467090129852295,0.8637750148773193,0.7803999781608582,0.8055949807167053,3553480780,XRP
2021-12-06,0.8060470223426819,0.8318639993667603,0.7523319721221924,0.8282880187034607,3447952788,XRP
2021-12-07,0.8290920257568359,0.8457670211791992,0.8071730136871338,0.8185880184173584,2720124735,XRP
2021-12-08,0.8175389766693115,0.8856220245361328,0.8058980107307434,0.863306999206543,3038966909,XRP
2021-12-09,0.8621429800987244,0.9305409789085388,0.8351290225982666,0.8612719774246216,4555815213,XRP
2021-12-10,0.8610249757766724,0.8834109902381897,0.7963280081748962,0.8010969758033752,3267095314,XRP
2021-12-11,0.8020619750022888,0.8443099856376648,0.7893850207328796,0.8393129706382751,2056974461,XRP
2021-12-12,0.8387449979782104,0.8568210005760193,0.8112059831619263,0.841323971748352,1628060313,XRP
2021-12-13,0.8413529992103577,0.8459349870681763,0.7644910216331482,0.7828940153121948,2509034504,XRP
2021-12-14,0.7827990055084229,0.8175889849662781,0.7755900025367737,0.7962489724159241,3477802545,XRP
2021-12-15,0.811722993850708,0.8400840163230896,0.7798140048980713,0.8274310231208801,3088068968,XRP
2021-12-16,0.8277360200881958,0.8370389938354492,0.8046320080757141,0.8062300086021423,2178245900,XRP
2021-12-17,0.8059899806976318,0.8285940289497375,0.7804219722747803,0.7992910146713257,2364224847,XRP
2021-12-18,0.799006998538971,0.8346779942512512,0.7928079962730408,0.8273789882659912,1806931648,XRP
2021-12-19,0.8271790146827698,0.848334014415741,0.8213099837303162,0.8350329995155334,1576121375,XRP
2021-12-20,0.8359389901161194,0.9142709970474243,0.8263760209083557,0.8798279762268066,4587029518,XRP
2021-12-21,0.8794329762458801,0.9608590006828308,0.8543699979782104,0.9476460218429565,3748952692,XRP
2021-12-22,0.9481009840965271,0.9728090167045593,0.9271780252456665,0.9546989798545837,3317199427,XRP
2021-12-23,0.9548239707946777,1.0165590047836304,0.9408230185508728,0.9932850003242493,4257231145,XRP
2021-12-24,0.9947900176048279,0.9967250227928162,0.8990510106086731,0.9120470285415649,3864725087,XRP
2021-12-25,0.9123939871788025,0.9339140057563782,0.9023150205612183,0.9248189926147461,1747049348,XRP
2021-12-26,0.9256860017776489,0.9340419769287109,0.9072809815406799,0.921180009841919,1324703098,XRP
2021-12-27,0.9208040237426758,0.9558849930763245,0.9145079851150513,0.9261839985847473,1788981449,XRP
2021-12-28,0.9267560243606567,0.9267560243606567,0.8486639857292175,0.8529599905014038,2281985956,XRP
2021-12-29,0.8530769944190979,0.8650490045547485,0.8137099742889404,0.8167139887809753,2050248751,XRP
2021-12-30,0.8179190158843994,0.8563140034675598,0.8044999837875366,0.8396490216255188,1880399926,XRP
2021-12-31,0.8396810293197632,0.852940022945404,0.8057649731636047,0.8311629891395569,1736939791,XRP
2022-01-01,0.8312810063362122,0.8531979918479919,0.8307409882545471,0.8494719862937927,1156464024,XRP
2022-01-02,0.8494420051574707,0.8635579943656921,0.839156985282898,0.8591179847717285,1134033205,XRP
2022-01-03,0.8591070175170898,0.8591070175170898,0.8240519762039185,0.8328850269317627,1428968710,XRP
2022-01-04,0.832850992679596,0.8440759778022766,0.8196150064468384,0.8246729969978333,1514079366,XRP
2022-01-05,0.8247140049934387,0.8355330228805542,0.7327039837837219,0.7743579745292664,2252733064,XRP
2022-01-06,0.7742999792098999,0.7892169952392578,0.7442920207977295,0.7813460230827332,2165022786,XRP
2022-01-07,0.7812700271606445,0.7812700271606445,0.7346169948577881,0.7630739808082581,2329624598,XRP
2022-01-08,0.7631059885025024,0.7750840187072754,0.7278029918670654,0.7476879954338074,1792091501,XRP
2022-01-09,0.7477329969406128,0.7663210034370422,0.7415339946746826,0.7545049786567688,1182503166,XRP
2022-01-10,0.7544280290603638,0.7585129737854004,0.7054790258407593,0.7393350005149841,2014043704,XRP
2022-01-11,0.7393559813499451,0.7734609842300415,0.7341510057449341,0.7705540060997009,1897366203,XRP
2022-01-12,0.7706080079078674,0.8060479760169983,0.7596459984779358,0.7995479702949524,1976047994,XRP
2022-01-13,0.7994549870491028,0.8009510040283203,0.7630820274353027,0.7683280110359192,1578656460,XRP
2022-01-14,0.7683579921722412,0.789355993270874,0.7556279897689819,0.7742969989776611,1576111969,XRP
2022-01-15,0.774308979511261,0.788864016532898,0.7709490060806274,0.7814229726791382,1029135167,XRP
2022-01-16,0.7813079953193665,0.7839620113372803,0.7709529995918274,0.778954029083252,1005077258,XRP
2022-01-17,0.7789989709854126,0.7801799774169922,0.7523519992828369,0.7627419829368591,1406443014,XRP
2022-01-18,0.7627689838409424,0.7680490016937256,0.7394639849662781,0.7526310086250305,1510069237,XRP
2022-01-19,0.7526140213012695,0.753154993057251,0.726485013961792,0.739749014377594,1446126322,XRP
2022-01-20,0.7397260069847107,0.7615829706192017,0.719402015209198,0.7194210290908813,1251475248,XRP
2022-01-21,0.7196090221405029,0.7282450199127197,0.623196005821228,0.6357380151748657,3150758603,XRP
2022-01-22,0.6360059976577759,0.6517930030822754,0.5594210028648376,0.5960419774055481,3613862355,XRP
2022-01-23,0.5961930155754089,0.633994996547699,0.5938259959220886,0.6287559866905212,1851934913,XRP
2022-01-24,0.6287699937820435,0.6287699937820435,0.5586680173873901,0.6121389865875244,2759980202,XRP
2022-01-25,0.6121439933776855,0.6212289929389954,0.5898879766464233,0.617563009262085,1731121388,XRP
2022-01-26,0.6175439953804016,0.6525490283966064,0.6085879802703857,0.6220719814300537,2302112575,XRP
2022-01-27,0.6219450235366821,0.6235079765319824,0.5914649963378906,0.6087700128555298,1586137620,XRP
2022-01-28,0.608618974685669,0.6128609776496887,0.5933970212936401,0.6125119924545288,1318006848,XRP
2022-01-29,0.6124910116195679,0.6234059929847717,0.6102579832077026,0.6169350147247314,958847124,XRP
2022-01-30,0.6170060038566589,0.6225460171699524,0.5997710227966309,0.603181004524231,870878596,XRP
2022-01-31,0.6030629873275757,0.6223139762878418,0.5828480124473572,0.6191490292549133,1266538239,XRP
2022-02-01,0.6190059781074524,0.630316972732544,0.6130499839782715,0.6292330026626587,1183031072,XRP
2022-02-02,0.6292399764060974,0.6306949853897095,0.5991380214691162,0.6014829874038696,1182736030,XRP
2022-02-03,0.6014149785041809,0.6076840162277222,0.5923489928245544,0.6076840162277222,1042290345,XRP
2022-02-04,0.6076200008392334,0.656495988368988,0.6051689982414246,0.6558769941329956,1543180484,XRP
2022-02-05,0.655830979347229,0.6836820244789124,0.6522679924964905,0.6671270132064819,1760389771,XRP
2022-02-06,0.6671270132064819,0.6851930022239685,0.6623470187187195,0.6836469769477844,1095140341,XRP
2022-02-07,0.6835920214653015,0.8341550230979919,0.6744019985198975,0.8278189897537231,4197403037,XRP
2022-02-08,0.8283770084381104,0.9111369848251343,0.8061609864234924,0.8781939744949341,6159382645,XRP
2022-02-09,0.8775150179862976,0.9090669751167297,0.8474010229110718,0.8706269860267639,3760269362,XRP
2022-02-10,0.8708760142326355,0.8946149945259094,0.8299070000648499,0.8300099968910217,3535002566,XRP
2022-02-11,0.8299409747123718,0.8299409747123718,0.7543309926986694,0.7602260112762451,3346204748,XRP
2022-02-12,0.7602499723434448,0.8488379716873169,0.7530239820480347,0.8224080204963684,3457258389,XRP
2022-02-13,0.8222330212593079,0.8442999720573425,0.7962769865989685,0.8102729916572571,2504198747,XRP
2022-02-14,0.8098729848861694,0.8104739785194397,0.7825509905815125,0.8022180199623108,2401300497,XRP
2022-02-15,0.8022459745407104,0.8558570146560669,0.7982959747314453,0.8523330092430115,2249706300,XRP
2022-02-16,0.8523769974708557,0.8523769974708557,0.813139021396637,0.8390359878540039,2165008058,XRP
2022-02-17,0.8387140035629272,0.8441330194473267,0.7582229971885681,0.7671729922294617,2798023719,XRP
2022-02-18,0.7672860026359558,0.8039050102233887,0.7603300213813782,0.7858899831771851,2913093056,XRP
2022-02-19,0.7858650088310242,0.8498160243034363,0.7736499905586243,0.8225280046463013,3325442943,XRP
2022-02-20,0.8225380182266235,0.8226720094680786,0.769985020160675,0.7782959938049316,3041836889,XRP
2022-02-21,0.7781599760055542,0.7997499704360962,0.7019889950752258,0.70346599817276,3580522306,XRP
2022-02-22,0.7033330202102661,0.7251909971237183,0.6787869930267334,0.722832977771759,3539593096,XRP
2022-02-23,0.7228519916534424,0.7389230132102966,0.6962800025939941,0.6987460255622864,2690184820,XRP
2022-02-24,0.6985800266265869,0.7128909826278687,0.6270939707756042,0.6962720155715942,5146799150,XRP
2022-02-25,0.696258008480072,0.7689030170440674,0.6857939958572388,0.7689030170440674,3460713330,XRP
2022-02-26,0.7686449885368347,0.7881870269775391,0.7436460256576538,0.7509729862213135,3051695701,XRP
2022-02-27,0.7509660124778748,0.7648730278015137,0.710873007774353,0.721992015838623,2733141782,XRP
2022-02-28,0.721930980682373,0.7883219718933105,0.7131879925727844,0.782043993473053,3053923291,XRP
2022-03-01,0.782069981098175,0.8006349802017212,0.7612339854240417,0.7848619818687439,2877778057,XRP
2022-03-02,0.7848759889602661,0.7848910093307495,0.7595980167388916,0.7684959769248962,2401047273,XRP
2022-03-03,0.7685319781303406,0.7839249968528748,0.7389199733734131,0.7521849870681763,2213014779,XRP
2022-03-04,0.752295970916748,0.7530519962310791,0.705610990524292,0.7126719951629639,2359803521,XRP
2022-03-05,0.7127900123596191,0.7660850286483765,0.7074790000915527,0.7548999786376953,2297850919,XRP
2022-03-06,0.7549229860305786,0.7583839893341064,0.7257639765739441,0.7259939908981323,1862292224,XRP
2022-03-07,0.7260109782218933,0.7516679763793945,0.709958016872406,0.7232869863510132,2920222453,XRP
2022-03-08,0.7232310175895691,0.7292870283126831,0.7159389853477478,0.7209770083427429,1907305640,XRP
2022-03-09,0.7210059762001038,0.7698889970779419,0.7210059762001038,0.7672359943389893,2408572082,XRP
2022-03-10,0.7670270204544067,0.7754999995231628,0.7265679836273193,0.7374650239944458,2418938595,XRP
2022-03-11,0.7375059723854065,0.8083329796791077,0.7276229858398438,0.8021550178527832,3478317257,XRP
2022-03-12,0.8022289872169495,0.8459619879722595,0.7820590138435364,0.7865869998931885,3730330472,XRP
2022-03-13,0.7865380048751831,0.8036320209503174,0.7584080100059509,0.7613509893417358,2141326402,XRP
2022-03-14,0.7613760232925415,0.7759349942207336,0.7525740265846252,0.7746559977531433,2212291022,XRP
2022-03-15,0.77463698387146,0.7758110165596008,0.7456349730491638,0.7667829990386963,1830181545,XRP
2022-03-16,0.766746997833252,0.7936149835586548,0.7592189908027649,0.793537974357605,2480411473,XRP
2022-03-17,0.7934359908103943,0.8005679845809937,0.7844390273094177,0.7935029864311218,1862028805,XRP
2022-03-18,0.7934510111808777,0.7991120219230652,0.779350996017456,0.7982659935951233,1850743124,XRP
2022-03-19,0.7981269955635071,0.825232982635498,0.7936090230941772,0.8193730115890503,2046393370,XRP
2022-03-20,0.8193789720535278,0.8208140134811401,0.7982490062713623,0.8061209917068481,1529598149,XRP
2022-03-21,0.8059629797935486,0.8511260151863098,0.7921599745750427,0.8381519913673401,2485293314,XRP
2022-03-22,0.838034987449646,0.8629260063171387,0.8299880027770996,0.8370969891548157,2370573276,XRP
2022-03-23,0.8371340036392212,0.8441460132598877,0.8205729722976685,0.8378869891166687,2076377569,XRP
2022-03-24,0.8378570079803467,0.8493279814720154,0.8296269774436951,0.8429679870605469,2278978187,XRP
2022-03-25,0.8429679870605469,0.8440849781036377,0.8228740096092224,0.8251270055770874,1600059784,XRP
2022-03-26,0.8251529932022095,0.8343070149421692,0.8223249912261963,0.8327720165252686,1056420320,XRP
2022-03-27,0.8328149914741516,0.857375979423523,0.8303390145301819,0.8573430180549622,1505124770,XRP
2022-03-28,0.8574079871177673,0.9080860018730164,0.8552110195159912,0.8633040189743042,3205464277,XRP
2022-03-29,0.8630890250205994,0.8844410181045532,0.8488609790802002,0.8579999804496765,2120020042,XRP
2022-03-30,0.8579419851303101,0.8712790012359619,0.8494250178337097,0.8608139753341675,1832671641,XRP
2022-03-31,0.8608800172805786,0.8708660006523132,0.8038809895515442,0.8145639896392822,2611691934,XRP
2022-04-01,0.8147090077400208,0.8336780071258545,0.8102560043334961,0.8277400135993958,2091887103,XRP
2022-04-02,0.8277350068092346,0.8485999703407288,0.824828028678894,0.8249189853668213,1624227101,XRP
2022-04-03,0.8248909711837769,0.8501539826393127,0.817264974117279,0.8429499864578247,1348476817,XRP
2022-04-04,0.8429229855537415,0.8429520130157471,0.8108900189399719,0.8272510170936584,1876069127,XRP
2022-04-05,0.827226996421814,0.8332870006561279,0.817110002040863,0.8176419734954834,1548706718,XRP
2022-04-06,0.8176270127296448,0.8184049725532532,0.7612850069999695,0.7613139748573303,2527126540,XRP
2022-04-07,0.7613610029220581,0.7894840240478516,0.7581139802932739,0.7879999876022339,1628783831,XRP
2022-04-08,0.7879970073699951,0.7929850220680237,0.7508929967880249,0.7540559768676758,1684019539,XRP
2022-04-09,0.7540410161018372,0.7660620212554932,0.7540410161018372,0.7635849714279175,1008306245,XRP
2022-04-10,0.7636039853096008,0.7724660038948059,0.7551810145378113,0.7566140294075012,1046936968,XRP
2022-04-11,0.7564219832420349,0.7564219832420349,0.6857380270957947,0.6950230002403259,2367700413,XRP
2022-04-12,0.6951689720153809,0.7215920090675354,0.6942750215530396,0.7166140079498291,1990027592,XRP
2022-04-13,0.7165120244026184,0.7247589826583862,0.7039980292320251,0.7238500118255615,1678860044,XRP
2022-04-14,0.7237380146980286,0.7401549816131592,0.7105860114097595,0.7268189787864685,1716488200,XRP
2022-04-15,0.7267959713935852,0.7936800122261047,0.7266169786453247,0.7856749892234802,2897060464,XRP
2022-04-16,0.7856529951095581,0.7971289753913879,0.7692189812660217,0.781840980052948,1526957904,XRP
2022-04-17,0.7817919850349426,0.7844079732894897,0.7505530118942261,0.7531539797782898,1350930297,XRP
2022-04-18,0.7531870007514954,0.7681940197944641,0.7323600053787231,0.7680169939994812,2134418883,XRP
2022-04-19,0.7680420279502869,0.7801910042762756,0.7599610090255737,0.7750629782676697,1834225828,XRP
2022-04-20,0.7750549912452698,0.7750549912452698,0.744376003742218,0.7521780133247375,1798898557,XRP
2022-04-21,0.7521770000457764,0.7647619843482971,0.72502601146698,0.7331780195236206,1990297103,XRP
2022-04-22,0.7331600189208984,0.7381619811058044,0.7164610028266907,0.7191939949989319,1881203798,XRP
2022-04-23,0.7191439867019653,0.7246689796447754,0.707360029220581,0.707705020904541,1332520641,XRP
2022-04-24,0.7074869871139526,0.7118300199508667,0.6980249881744385,0.6987389922142029,1108217932,XRP
2022-04-25,0.698756992816925,0.6989399790763855,0.6482419967651367,0.6944260001182556,2377291271,XRP
2022-04-26,0.6943339705467224,0.7040960192680359,0.6344169974327087,0.6416990160942078,2160649427,XRP
2022-04-27,0.6417940258979797,0.6613770127296448,0.6403800249099731,0.652318000793457,1722422062,XRP
2022-04-28,0.6523129940032959,0.6553440093994141,0.6362680196762085,0.6443629860877991,1546067106,XRP
2022-04-29,0.6442840099334717,0.645609974861145,0.6039040088653564,0.6114069819450378,1962197662,XRP
2022-04-30,0.6114050149917603,0.6271420121192932,0.5815759897232056,0.5870910286903381,1649221930,XRP
2022-05-01,0.587086021900177,0.6102319955825806,0.5810499787330627,0.6078439950942993,1657999135,XRP
2022-05-02,0.6078190207481384,0.6293100118637085,0.6017900109291077,0.6142690181732178,1687184077,XRP
2022-05-03,0.61421799659729,0.6250830292701721,0.5981860160827637,0.6048489809036255,1460418466,XRP
2022-05-04,0.6048039793968201,0.6478449702262878,0.604744017124176,0.6464740037918091,1959359438,XRP
2022-05-05,0.6464629769325256,0.655036985874176,0.5848119854927063,0.5988860130310059,2183469244,XRP
2022-05-06,0.5988320112228394,0.6134819984436035,0.5916119813919067,0.6025699973106384,2003273389,XRP
2022-05-07,0.6025609970092773,0.6038399934768677,0.5739279985427856,0.5823469758033752,1250412025,XRP
2022-05-08,0.5823990106582642,0.5826339721679688,0.5627570152282715,0.5665270090103149,1505054300,XRP
2022-05-09,0.566519021987915,0.5759940147399902,0.48072201013565063,0.4929400086402893,3297478002,XRP
2022-05-10,0.49243998527526855,0.5352990031242371,0.4781099855899811,0.513625979423523,3455777036,XRP
2022-05-11,0.5135430097579956,0.5216230154037476,0.382425993680954,0.41337600350379944,5290247987,XRP
2022-05-12,0.41339901089668274,0.42648300528526306,0.3449540138244629,0.385206013917923,4641055357,XRP
2022-05-13,0.38517799973487854,0.462336003780365,0.38273298740386963,0.42341700196266174,2949331810,XRP
2022-05-14,0.4234189987182617,0.4395039975643158,0.39865800738334656,0.42777401208877563,2021953522,XRP
2022-05-15,0.42768698930740356,0.447613000869751,0.4166190028190613,0.4473710060119629,1427697924,XRP
2022-05-16,0.4474070072174072,0.44756901264190674,0.41208600997924805,0.42249900102615356,1839092427,XRP
2022-05-17,0.4224570095539093,0.4390920102596283,0.4211519956588745,0.437622994184494,1598581919,XRP
2022-05-18,0.43763598799705505,0.4412670135498047,0.4061659872531891,0.4061659872531891,1599734223,XRP
2022-05-19,0.4060620069503784,0.4223630130290985,0.39748701453208923,0.41997599601745605,1557252121,XRP
2022-05-20,0.4199270009994507,0.4375059902667999,0.40317800641059875,0.41113701462745667,1721877559,XRP
2022-05-21,0.4111280143260956,0.4172559976577759,0.405364990234375,0.41467300057411194,875738315,XRP
2022-05-22,0.4146910011768341,0.4243369996547699,0.41109099984169006,0.42233699560165405,896133087,XRP
2022-05-23,0.42225998640060425,0.42783498764038086,0.40435799956321716,0.4046710133552551,1399019792,XRP
2022-05-24,0.404680997133255,0.41328901052474976,0.3936460018157959,0.4087130129337311,1394251522,XRP
2022-05-25,0.40869998931884766,0.4129660129547119,0.3967599868774414,0.4057849943637848,1587278448,XRP
2022-05-26,0.405799001455307,0.4101189970970154,0.3807229995727539,0.39316999912261963,2091610974,XRP
2022-05-27,0.39307600259780884,0.4012799859046936,0.37816599011421204,0.3817870020866394,1927217638,XRP
2022-05-28,0.386586993932724,0.3881149888038635,0.3817160129547119,0.3863230049610138,865258883,XRP
2022-05-29,0.3863309919834137,0.38949599862098694,0.3807620108127594,0.3890160024166107,752879867,XRP
2022-05-30,0.3890190124511719,0.41870200634002686,0.3876360058784485,0.41817501187324524,1404448305,XRP
2022-05-31,0.4181259870529175,0.42967599630355835,0.4088990092277527,0.4218670129776001,1738462198,XRP
2022-06-01,0.4218890070915222,0.42511799931526184,0.39261698722839355,0.39808499813079834,1569696040,XRP
2022-06-02,0.3980790078639984,0.40666401386260986,0.3925530016422272,0.4053019881248474,1298797541,XRP
2022-06-03,0.40531501173973083,0.4094400107860565,0.3855000138282776,0.3907659947872162,1284592602,XRP
2022-06-04,0.3907809853553772,0.39346298575401306,0.3862859904766083,0.3923090100288391,696569397,XRP
2022-06-05,0.3923240005970001,0.3993369936943054,0.390267014503479,0.3953799903392792,726398938,XRP
2022-06-06,0.3954020142555237,0.408486008644104,0.39487600326538086,0.4030109941959381,1221803580,XRP
2022-06-07,0.40300899744033813,0.4164769947528839,0.38578200340270996,0.4077019989490509,1666703798,XRP
2022-06-08,0.40769100189208984,0.4098930060863495,0.3961479961872101,0.40064799785614014,1183206226,XRP
2022-06-09,0.4006580114364624,0.40360701084136963,0.39761999249458313,0.4003239870071411,911815336,XRP
2022-06-10,0.4003159999847412,0.4099160134792328,0.38088101148605347,0.38173601031303406,1424539679,XRP
2022-06-11,0.3817639946937561,0.3880560100078583,0.35862600803375244,0.3590250015258789,1111401064,XRP
2022-06-12,0.35909101366996765,0.3646950125694275,0.34160900115966797,0.3454900085926056,1370072145,XRP
2022-06-13,0.34540900588035583,0.3488770127296448,0.30385300517082214,0.31080201268196106,2558939154,XRP
2022-06-14,0.310820996761322,0.32352399826049805,0.2951659858226776,0.32214298844337463,1977069964,XRP
2022-06-15,0.3220990002155304,0.3448309898376465,0.3007110059261322,0.3437030017375946,2242860490,XRP
2022-06-16,0.34368398785591125,0.3453730046749115,0.3084169924259186,0.3120560050010681,1477710114,XRP
2022-06-17,0.3121449947357178,0.3385379910469055,0.3112199902534485,0.32138100266456604,1381554091,XRP
2022-06-18,0.3213309943675995,0.32571399211883545,0.2905789911746979,0.3080900013446808,1403189628,XRP
2022-06-19,0.3080329895019531,0.3304769992828369,0.2989470064640045,0.3260529935359955,1159418572,XRP
2022-06-20,0.3260200023651123,0.3280470073223114,0.3142409920692444,0.32334598898887634,1187888833,XRP
2022-06-21,0.32328400015830994,0.3360629975795746,0.32015201449394226,0.32862600684165955,1247582002,XRP
2022-06-22,0.3287290036678314,0.32905998826026917,0.319597989320755,0.32258498668670654,1064144662,XRP
2022-06-23,0.32259100675582886,0.3360759913921356,0.3221830129623413,0.33553099632263184,927324605,XRP
2022-06-24,0.3355090022087097,0.3846589922904968,0.33549100160598755,0.36758700013160706,2253100828,XRP
2022-06-25,0.3676230013370514,0.3722819983959198,0.3556790053844452,0.36755600571632385,912142249,XRP
2022-06-26,0.36753299832344055,0.3737320005893707,0.358817994594574,0.3588640093803406,789514304,XRP
2022-06-27,0.3588629961013794,0.36599200963974,0.3509730100631714,0.35323500633239746,989571906,XRP
2022-06-28,0.35323500633239746,0.3552669882774353,0.336914986371994,0.3373290002346039,1038924972,XRP
2022-06-29,0.3373720049858093,0.3411029875278473,0.3234249949455261,0.3289780020713806,1094664825,XRP
2022-06-30,0.3290019929409027,0.3314580023288727,0.307668000459671,0.3314479887485504,1456445785,XRP
2022-07-01,0.33164501190185547,0.333077996969223,0.3114500045776367,0.31367701292037964,1249145615,XRP
2022-07-02,0.31372401118278503,0.31701400876045227,0.3105219900608063,0.31557899713516235,608601610,XRP
2022-07-03,0.3155730068683624,0.32524698972702026,0.31021401286125183,0.3217029869556427,728566418,XRP
2022-07-04,0.3216879963874817,0.32910001277923584,0.3155730068683624,0.32879000902175903,1018446189,XRP
2022-07-05,0.32870298624038696,0.33015599846839905,0.31434598565101624,0.325423002243042,1130550266,XRP
2022-07-06,0.3254599869251251,0.3330250084400177,0.3206450045108795,0.3322719931602478,1099742037,XRP
2022-07-07,0.3322629928588867,0.34352099895477295,0.32733801007270813,0.3421509861946106,1037133139,XRP
2022-07-08,0.3421669900417328,0.3565090000629425,0.3370630145072937,0.34162798523902893,1469173608,XRP
2022-07-09,0.3415989875793457,0.34704700112342834,0.34029901027679443,0.3449519872665405,602546961,XRP
2022-07-10,0.3449299931526184,0.3449299931526184,0.3221310079097748,0.3256630003452301,913229467,XRP
2022-07-11,0.32565900683403015,0.32856300473213196,0.3123059868812561,0.31429699063301086,1042057085,XRP
2022-07-12,0.31429600715637207,0.3176009953022003,0.3090839982032776,0.3116590082645416,968873598,XRP
2022-07-13,0.3116590082645416,0.32507601380348206,0.3043299913406372,0.3237299919128418,1295979555,XRP
2022-07-14,0.32374998927116394,0.3332209885120392,0.3133609890937805,0.3332209885120392,3386821229,XRP
2022-07-15,0.33321401476860046,0.3462100028991699,0.3282319903373718,0.33453500270843506,1512184333,XRP
2022-07-16,0.3344930112361908,0.35530000925064087,0.3321959972381592,0.3508610129356384,1292123515,XRP
2022-07-17,0.35085201263427734,0.359919011592865,0.34338700771331787,0.34341201186180115,1093079294,XRP
2022-07-18,0.343423992395401,0.368833988904953,0.343423992395401,0.3661769926548004,1627385386,XRP
2022-07-19,0.36602500081062317,0.37598899006843567,0.35291600227355957,0.37322500348091125,1604201237,XRP
2022-07-20,0.37325701117515564,0.38106000423431396,0.3587360084056854,0.3604840040206909,1534818247,XRP
2022-07-21,0.3606620132923126,0.3679560124874115,0.34972599148750305,0.36703601479530334,1202692151,XRP
2022-07-22,0.3670330047607422,0.3708379864692688,0.3554860055446625,0.3586040139198303,1150022760,XRP
2022-07-23,0.3585219979286194,0.362619012594223,0.350847989320755,0.35954099893569946,863843426,XRP
2022-07-24,0.35953301191329956,0.36656200885772705,0.35708698630332947,0.3592599928379059,912894827,XRP
2022-07-25,0.3592270016670227,0.3601840138435364,0.3373129963874817,0.33731499314308167,1207904872,XRP
2022-07-26,0.3373050093650818,0.3378159999847412,0.3264259994029999,0.3378159999847412,1110467650,XRP
2022-07-27,0.3378260135650635,0.35912999510765076,0.331167995929718,0.3591180145740509,1314040220,XRP
2022-07-28,0.3591429889202118,0.37773799896240234,0.35152798891067505,0.3733760118484497,1839928651,XRP
2022-07-29,0.37338700890541077,0.37909600138664246,0.36081600189208984,0.36867499351501465,1706911237,XRP
2022-07-30,0.36866798996925354,0.40793898701667786,0.36485999822616577,0.38776400685310364,1767280595,XRP
2022-07-31,0.3877750039100647,0.39787501096725464,0.38022300601005554,0.3804579973220825,1359568596,XRP
2022-08-01,0.3803519904613495,0.38539600372314453,0.3722749948501587,0.3799760043621063,1059391028,XRP
2022-08-02,0.37991100549697876,0.3914799988269806,0.3683359920978546,0.37202098965644836,1232425419,XRP
2022-08-03,0.37203899025917053,0.37683001160621643,0.3645409941673279,0.3698520064353943,1105707649,XRP
2022-08-04,0.36986199021339417,0.37459099292755127,0.36539000272750854,0.3713510036468506,916895439,XRP
2022-08-05,0.37127798795700073,0.3778989911079407,0.3680360019207001,0.37659499049186707,986100302,XRP
2022-08-06,0.37660500407218933,0.37706100940704346,0.37157100439071655,0.37157100439071655,498759511,XRP
2022-08-07,0.37159401178359985,0.3767240047454834,0.3693099915981293,0.3725059926509857,509151829,XRP
2022-08-08,0.3725149929523468,0.3841420114040375,0.3720560073852539,0.37875398993492126,1030742941,XRP
2022-08-09,0.37877699732780457,0.3796660006046295,0.36293599009513855,0.36810100078582764,4098651206,XRP
2022-08-10,0.3680799901485443,0.3810650110244751,0.36007198691368103,0.3810650110244751,1732723595,XRP
2022-08-11,0.3810980021953583,0.3851099908351898,0.3783949911594391,0.38056299090385437,1088394568,XRP
2022-08-12,0.3805379867553711,0.3805379867553711,0.3714829981327057,0.3799949884414673,923071430,XRP
2022-08-13,0.37997400760650635,0.38603800535202026,0.37745198607444763,0.37796398997306824,590320028,XRP
2022-08-14,0.3779990077018738,0.3909299969673157,0.37588798999786377,0.3764509856700897,754512693,XRP
2022-08-15,0.3764509856700897,0.38478100299835205,0.36796098947525024,0.37577399611473083,1046905199,XRP
2022-08-16,0.3756659924983978,0.37762901186943054,0.3680419921875,0.3772369921207428,930440616,XRP
2022-08-17,0.3772270083427429,0.39089301228523254,0.369841992855072,0.379707008600235,1408497181,XRP
2022-08-18,0.37971100211143494,0.3808619976043701,0.3709149956703186,0.37096500396728516,927786270,XRP
2022-08-19,0.3709689974784851,0.3709689974784851,0.33380600810050964,0.33504900336265564,1645536381,XRP
2022-08-20,0.3350200057029724,0.3423829972743988,0.333622008562088,0.33754101395606995,848212364,XRP
2022-08-21,0.3374750018119812,0.3481670022010803,0.33649900555610657,0.3453019857406616,835616993,XRP
2022-08-22,0.3452819883823395,0.3452819883823395,0.33252400159835815,0.3447209894657135,1001511240,XRP
2022-08-23,0.3447340130805969,0.34769099950790405,0.3339569866657257,0.34709200263023376,930696331,XRP
2022-08-24,0.3470740020275116,0.3521359860897064,0.3396340012550354,0.34614500403404236,957472562,XRP
2022-08-25,0.3461790084838867,0.3513660132884979,0.3442789912223816,0.349496990442276,970585823,XRP
2022-08-26,0.3494639992713928,0.36956799030303955,0.33393898606300354,0.3383699953556061,1653482688,XRP
2022-08-27,0.33843299746513367,0.3402490019798279,0.33042699098587036,0.3353469967842102,920820399,XRP
2022-08-28,0.33532899618148804,0.33716100454330444,0.3230940103530884,0.3230949938297272,596573621,XRP
2022-08-29,0.3230549991130829,0.33379700779914856,0.31939199566841125,0.33379700779914856,980137287,XRP
2022-08-30,0.3337790071964264,0.33548200130462646,0.3211050033569336,0.32686901092529297,948448428,XRP
2022-08-31,0.32688701152801514,0.33361300826072693,0.3248850107192993,0.3278700113296509,882676752,XRP
2022-09-01,0.3278670012950897,0.33319398760795593,0.32236799597740173,0.33319398760795593,875126154,XRP
2022-09-02,0.333173006772995,0.3349339962005615,0.3263010084629059,0.33125901222229004,899373528,XRP
2022-09-03,0.3312639892101288,0.33255699276924133,0.3275910019874573,0.32996898889541626,473116925,XRP
2022-09-04,0.3299590051174164,0.33252599835395813,0.32894399762153625,0.3317990005016327,431905800,XRP
2022-09-05,0.3317990005016327,0.3332349956035614,0.3233659863471985,0.33296000957489014,761048973,XRP
2022-09-06,0.33296799659729004,0.34261998534202576,0.32107698917388916,0.3222079873085022,1337360825,XRP
2022-09-07,0.32215800881385803,0.3384400010108948,0.31593799591064453,0.3373669981956482,1128804315,XRP
2022-09-08,0.3373369872570038,0.34260299801826477,0.32937198877334595,0.34024500846862793,1065222913,XRP
2022-09-09,0.34022700786590576,0.35756000876426697,0.3399989902973175,0.3575170040130615,1487790472,XRP
2022-09-10,0.35746800899505615,0.3612470030784607,0.3530089855194092,0.357681006193161,851397394,XRP
2022-09-11,0.357683002948761,0.35953399538993835,0.35176101326942444,0.355118989944458,650515883,XRP
2022-09-12,0.35514500737190247,0.3594450056552887,0.34926900267601013,0.3594450056552887,1077587297,XRP
2022-09-13,0.35946398973464966,0.35964301228523254,0.33204400539398193,0.3336920142173767,1443625685,XRP
2022-09-14,0.33296000957489014,0.34389299154281616,0.3324260115623474,0.3420819938182831,1227835854,XRP
2022-09-15,0.342074990272522,0.3424609899520874,0.3255999982357025,0.32633501291275024,1521572444,XRP
2022-09-16,0.3263840079307556,0.35713401436805725,0.32354098558425903,0.356687992811203,1375977237,XRP
2022-09-17,0.3566470146179199,0.37888801097869873,0.34756898880004883,0.3770039975643158,1621592330,XRP
2022-09-18,0.37686800956726074,0.39694100618362427,0.35811400413513184,0.35832300782203674,2485765138,XRP
2022-09-19,0.3583369851112366,0.3914949893951416,0.3417620062828064,0.38707301020622253,2788638051,XRP
2022-09-20,0.3869580030441284,0.42152100801467896,0.3724899888038635,0.41518300771713257,3912067532,XRP
2022-09-21,0.4151659905910492,0.42832499742507935,0.3880090117454529,0.3968279957771301,3401100359,XRP
2022-09-22,0.39653798937797546,0.49122899770736694,0.39478498697280884,0.48510101437568665,4916275588,XRP
2022-09-23,0.4851369857788086,0.552282989025116,0.4589180052280426,0.5071709752082825,7798770582,XRP
2022-09-24,0.5072000026702881,0.5150150060653687,0.47401899099349976,0.4887160062789917,3512953969,XRP
2022-09-25,0.4887320101261139,0.518314003944397,0.47873398661613464,0.49262699484825134,3422191941,XRP
2022-09-26,0.49268099665641785,0.4998610019683838,0.4598369896411896,0.4676780104637146,2916387564,XRP
2022-09-27,0.4677639901638031,0.4852280020713806,0.440310001373291,0.4487760066986084,2838537511,XRP
2022-09-28,0.448635995388031,0.45437899231910706,0.4195629954338074,0.4506720006465912,2670489294,XRP
2022-09-29,0.4505940079689026,0.5029749870300293,0.4285280108451843,0.4854170083999634,3292742359,XRP
2022-09-30,0.48543500900268555,0.4959869980812073,0.47221800684928894,0.47977399826049805,3780354931,XRP
2022-10-01,0.4798220098018646,0.48351699113845825,0.46960699558258057,0.4751099944114685,1544057825,XRP
2022-10-02,0.4751189947128296,0.4774340093135834,0.44815799593925476,0.44885000586509705,1524148633,XRP
2022-10-03,0.4488680064678192,0.4675680100917816,0.43954798579216003,0.4628790020942688,1852548565,XRP
2022-10-04,0.4628779888153076,0.4845980107784271,0.45296698808670044,0.4801740050315857,2192220219,XRP
2022-10-05,0.480120986700058,0.499330997467041,0.47340500354766846,0.48968300223350525,2480530357,XRP
2022-10-06,0.48969900608062744,0.504086971282959,0.48937198519706726,0.49318400025367737,1913140571,XRP
2022-10-07,0.49327701330184937,0.5216460227966309,0.4842050075531006,0.5182780027389526,2627481992,XRP
2022-10-08,0.5182250142097473,0.5279020071029663,0.5143830180168152,0.5171129703521729,1771062053,XRP
2022-10-09,0.5171489715576172,0.5414159893989563,0.508167028427124,0.5340610146522522,1789206998,XRP
2022-10-10,0.5340290069580078,0.537319004535675,0.49701398611068726,0.49701398611068726,2359086772,XRP
2022-10-11,0.4966610074043274,0.5008909702301025,0.4809100031852722,0.48539701104164124,2303743073,XRP
2022-10-12,0.4854130148887634,0.4947350025177002,0.48375600576400757,0.48837000131607056,1375026360,XRP
2022-10-13,0.48835301399230957,0.4890959858894348,0.4450240135192871,0.4808120131492615,2840221578,XRP
2022-10-14,0.48080599308013916,0.5095369815826416,0.4793039858341217,0.4889659881591797,2184144921,XRP
2022-10-15,0.4889569878578186,0.4896700084209442,0.4799799919128418,0.48150700330734253,842401177,XRP
2022-10-16,0.48153001070022583,0.4871029853820801,0.47181299328804016,0.47701001167297363,1028960255,XRP
2022-10-17,0.4770109951496124,0.4812619984149933,0.4653330147266388,0.4799180030822754,1476868338,XRP
2022-10-18,0.4799180030822754,0.48335400223731995,0.4598439931869507,0.4659770131111145,1380317427,XRP
2022-10-19,0.46598801016807556,0.466390997171402,0.450080007314682,0.45122700929641724,1434466929,XRP
2022-10-20,0.4512229859828949,0.4637860059738159,0.4344260096549988,0.4480839967727661,1712992943,XRP
2022-10-21,0.44800400733947754,0.46109798550605774,0.43780601024627686,0.46109798550605774,1644912255,XRP
2022-10-22,0.4610869884490967,0.47005999088287354,0.4572870135307312,0.46546998620033264,884856882,XRP
2022-10-23,0.4654900133609772,0.47100600600242615,0.45343801379203796,0.46903300285339355,950974305,XRP
2022-10-24,0.4690369963645935,0.47098198533058167,0.4496909976005554,0.45382100343704224,1293537737,XRP
2022-10-25,0.45380699634552,0.47101399302482605,0.4453839957714081,0.461544007062912,1605966218,XRP
2022-10-26,0.4614660143852234,0.4702509939670563,0.45809200406074524,0.46937599778175354,1440473976,XRP
2022-10-27,0.4693950116634369,0.48045599460601807,0.4609769880771637,0.4624069929122925,1694861069,XRP
2022-10-28,0.4624269902706146,0.4746739864349365,0.4577850103378296,0.47398099303245544,1201992237,XRP
2022-10-29,0.4739840030670166,0.4816659986972809,0.46769699454307556,0.47041600942611694,1404785407,XRP
2022-10-30,0.47040700912475586,0.4725100100040436,0.4556420147418976,0.45845499634742737,964813817,XRP
2022-10-31,0.45840099453926086,0.46611401438713074,0.449523001909256,0.4659149944782257,1462007947,XRP
2022-11-01,0.4658209979534149,0.46640101075172424,0.4552760124206543,0.46457698941230774,1273429763,XRP
2022-11-02,0.4645250141620636,0.4652999937534332,0.44782400131225586,0.450874000787735,1381853436,XRP
2022-11-03,0.45088499784469604,0.4593620002269745,0.4500980079174042,0.4551349878311157,1086924485,XRP
2022-11-04,0.45514100790023804,0.5051109790802002,0.4539969861507416,0.5044040083885193,2774226120,XRP
2022-11-05,0.5044329762458801,0.5071030259132385,0.4921039938926697,0.4933300018310547,1216193223,XRP
2022-11-06,0.49332499504089355,0.49429601430892944,0.47047901153564453,0.47067001461982727,940815148,XRP
2022-11-07,0.4706839919090271,0.4791699945926666,0.46215999126434326,0.46585699915885925,1592938583,XRP
2022-11-08,0.46582499146461487,0.4666289985179901,0.362060010433197,0.4062420129776001,3984776863,XRP
2022-11-09,0.40625301003456116,0.40985798835754395,0.32581499218940735,0.3331809937953949,3642933610,XRP
2022-11-10,0.33315300941467285,0.40045100450515747,0.33121898770332336,0.3957050144672394,3104223968,XRP
2022-11-11,0.3956489861011505,0.3976829946041107,0.3692919909954071,0.38415899872779846,1720205430,XRP
2022-11-12,0.3841800093650818,0.3841800093650818,0.36141499876976013,0.3636769950389862,931936263,XRP
2022-11-13,0.3636719882488251,0.36875900626182556,0.3353370130062103,0.3402960002422333,1064115311,XRP
2022-11-14,0.34033000469207764,0.3778989911079407,0.32395899295806885,0.3764060139656067,2400878272,XRP
2022-11-15,0.37634000182151794,0.3959369957447052,0.36847200989723206,0.3885209858417511,1966568664,XRP
2022-11-16,0.38853201270103455,0.3902609944343567,0.3648560047149658,0.37630099058151245,1315104592,XRP
2022-11-17,0.3762899935245514,0.3847860097885132,0.37040600180625916,0.38254401087760925,1326199204,XRP
2022-11-18,0.38254299759864807,0.3863759934902191,0.37602299451828003,0.3830629885196686,945178987,XRP
2022-11-19,0.38305601477622986,0.38744398951530457,0.37690600752830505,0.3846989870071411,571403780,XRP
2022-11-20,0.38469699025154114,0.3935849964618683,0.36104199290275574,0.3619450032711029,1156162576,XRP
2022-11-21,0.3619459867477417,0.3671959936618805,0.3477970063686371,0.36479899287223816,2153323835,XRP
2022-11-22,0.3647240102291107,0.3776730000972748,0.3524470031261444,0.37606099247932434,1363821412,XRP
2022-11-23,0.3760429918766022,0.3817889988422394,0.36906999349594116,0.38158100843429565,1100062349,XRP
2022-11-24,0.3815790116786957,0.40397700667381287,0.3754419982433319,0.40199199318885803,1259638131,XRP
2022-11-25,0.40198200941085815,0.41690999269485474,0.39023301005363464,0.40841200947761536,1269230070,XRP
2022-11-26,0.4084100127220154,0.4122759997844696,0.39508599042892456,0.3966290056705475,614794664,XRP
2022-11-27,0.3966059982776642,0.4079110026359558,0.39597100019454956,0.396820992231369,630018233,XRP
2022-11-28,0.3968009948730469,0.3987790048122406,0.3755199909210205,0.39031800627708435,1179083829,XRP
2022-11-29,0.39027899503707886,0.40297600626945496,0.38425499200820923,0.39854899048805237,969049648,XRP
2022-11-30,0.3985530138015747,0.41081398725509644,0.39517998695373535,0.4087429940700531,933343511,XRP
2022-12-01,0.4087440073490143,0.40898099541664124,0.39547500014305115,0.39670801162719727,742091191,XRP
2022-12-02,0.3967140018939972,0.39758598804473877,0.38550499081611633,0.3962729871273041,778302835,XRP
2022-12-03,0.3962709903717041,0.3964180052280426,0.3876110017299652,0.3881469964981079,496500336,XRP
2022-12-04,0.38812199234962463,0.3928239941596985,0.3875409960746765,0.390735000371933,450960651,XRP
2022-12-05,0.39064499735832214,0.39460301399230957,0.383432000875473,0.3895840048789978,890179719,XRP
2022-12-06,0.38960000872612,0.39225998520851135,0.3816789984703064,0.3920939862728119,814317329,XRP
2022-12-07,0.3920910060405731,0.3920910060405731,0.3765830099582672,0.3837209939956665,839949038,XRP
2022-12-08,0.38371899724006653,0.3950139880180359,0.3836050033569336,0.3945449888706207,770396956,XRP
2022-12-09,0.39454999566078186,0.3949289917945862,0.3862200081348419,0.38915300369262695,693718603,XRP
2022-12-10,0.38916200399398804,0.38931700587272644,0.3862070143222809,0.38669800758361816,331624480,XRP
2022-12-11,0.3867120146751404,0.3885340094566345,0.3805539906024933,0.3817490041255951,366643114,XRP
2022-12-12,0.3817310035228729,0.3887520134449005,0.3726949989795685,0.3873940110206604,881038173,XRP
2022-12-13,0.3873859941959381,0.3960849940776825,0.3792699873447418,0.39510199427604675,1137292765,XRP
2022-12-14,0.39510101079940796,0.3952530026435852,0.3808630108833313,0.3864139914512634,893235466,XRP
2022-12-15,0.3863869905471802,0.38666099309921265,0.37537500262260437,0.3782370090484619,739736057,XRP
2022-12-16,0.3782140016555786,0.3796299993991852,0.34812599420547485,0.3519879877567291,1061370203,XRP
2022-12-17,0.35191500186920166,0.35641801357269287,0.34883901476860046,0.3548099994659424,590468250,XRP
2022-12-18,0.35481300950050354,0.35495999455451965,0.34859201312065125,0.35027000308036804,313888826,XRP
2022-12-19,0.35028499364852905,0.35255300998687744,0.3343069851398468,0.33886998891830444,986711247,XRP
2022-12-20,0.3389039933681488,0.3528220057487488,0.3372589945793152,0.3493730127811432,932296715,XRP
2022-12-21,0.3493320047855377,0.350151002407074,0.3397360146045685,0.34602001309394836,743732204,XRP
2022-12-22,0.3459709882736206,0.3497900068759918,0.3423739969730377,0.3495999872684479,685101342,XRP
2022-12-23,0.3495909869670868,0.3545460104942322,0.3477030098438263,0.3542729914188385,577979156,XRP
2022-12-24,0.35427799820899963,0.35430198907852173,0.3514989912509918,0.35217899084091187,225391032,XRP
2022-12-25,0.35218799114227295,0.35218799114227295,0.3447229862213135,0.3463920056819916,323700210,XRP
2022-12-26,0.3463830053806305,0.36910301446914673,0.34596899151802063,0.36572301387786865,797909103,XRP
2022-12-27,0.3657279908657074,0.37226998805999756,0.35944101214408875,0.3681260049343109,905248563,XRP
2022-12-28,0.36812201142311096,0.36854299902915955,0.3561359941959381,0.3565309941768646,839617676,XRP
2022-12-29,0.3565239906311035,0.3572250008583069,0.3389109969139099,0.34284600615501404,898022518,XRP
2022-12-30,0.34283098578453064,0.34531301259994507,0.335332989692688,0.3450169861316681,672119602,XRP
2022-12-31,0.3450320065021515,0.3450999855995178,0.3398680090904236,0.3399290144443512,337167278,XRP
2023-01-01,0.3399229943752289,0.3399229943752289,0.3363319933414459,0.3387629985809326,290828851,XRP
2023-01-02,0.3387739956378937,0.35410499572753906,0.32162800431251526,0.3485560119152069,1325787126,XRP
2023-01-03,0.34854400157928467,0.35104900598526,0.3420099914073944,0.34382399916648865,811872325,XRP
2023-01-04,0.34383100271224976,0.3508799970149994,0.34283900260925293,0.3477939963340759,803671745,XRP
2023-01-05,0.34779301285743713,0.3483389914035797,0.33751699328422546,0.33803901076316833,669029812,XRP
2023-01-06,0.3380410075187683,0.34546899795532227,0.3328309953212738,0.3446449935436249,741263420,XRP
2023-01-07,0.34463798999786377,0.3455219864845276,0.3420090079307556,0.34426799416542053,334559534,XRP
2023-01-08,0.34426599740982056,0.34552299976348877,0.3392300009727478,0.3453580141067505,515669684,XRP
2023-01-09,0.34534698724746704,0.3566089868545532,0.34428998827934265,0.3493399918079376,1420062936,XRP
2023-01-10,0.3493250012397766,0.35381099581718445,0.34530800580978394,0.35124099254608154,815342810,XRP
2023-01-11,0.3512539863586426,0.3760260045528412,0.34871599078178406,0.37415799498558044,1498360174,XRP
2023-01-12,0.3738270103931427,0.3783220052719116,0.3658689856529236,0.37519699335098267,1226464922,XRP
2023-01-13,0.3751859962940216,0.3864459991455078,0.37064000964164734,0.3858039975166321,990539135,XRP
2023-01-14,0.38580700755119324,0.4078899919986725,0.38580700755119324,0.39544299244880676,1601102466,XRP
2023-01-15,0.3954690098762512,0.39618998765945435,0.3810519874095917,0.38488098978996277,829206058,XRP
2023-01-16,0.384878009557724,0.40504398941993713,0.3808639943599701,0.38657599687576294,1454332113,XRP
2023-01-17,0.38659700751304626,0.3975349962711334,0.38017600774765015,0.3877109885215759,1025137174,XRP
2023-01-18,0.387690007686615,0.39520901441574097,0.3713209927082062,0.3794519901275635,1484076132,XRP
2023-01-19,0.3794189989566803,0.39520901441574097,0.3776180148124695,0.3937849998474121,1108881766,XRP
2023-01-20,0.3937540054321289,0.4134199917316437,0.38701701164245605,0.41334399580955505,1053958522,XRP
2023-01-21,0.41335898637771606,0.4158810079097748,0.40330299735069275,0.403533011674881,1037235129,XRP
2023-01-22,0.40357300639152527,0.41109898686408997,0.3979029953479767,0.400967001914978,780764704,XRP
2023-01-23,0.4009599983692169,0.4311169981956482,0.4004330039024353,0.4249430000782013,1980513812,XRP
2023-01-24,0.42477700114250183,0.42954498529434204,0.4056510031223297,0.40770700573921204,1265360172,XRP
2023-01-25,0.40774500370025635,0.4234749972820282,0.39954400062561035,0.41769298911094666,1104907019,XRP
2023-01-26,0.4175739884376526,0.41776400804519653,0.4077349901199341,0.4101029932498932,892174687,XRP
2023-01-27,0.41009798645973206,0.4132309854030609,0.4008980095386505,0.41279101371765137,813986938,XRP
2023-01-28,0.4127979874610901,0.4155139923095703,0.40704700350761414,0.40813401341438293,508978347,XRP
2023-01-29,0.4081389904022217,0.417136013507843,0.40730899572372437,0.41376399993896484,566580331,XRP
2023-01-30,0.41377198696136475,0.4203740060329437,0.3911589980125427,0.39459100365638733,1240049824,XRP
2023-01-31,0.3945609927177429,0.41088300943374634,0.3896830081939697,0.4063889980316162,1026848071,XRP
2023-02-01,0.4063569903373718,0.41545000672340393,0.3980349898338318,0.41389200091362,1066789793,XRP
2023-02-02,0.41383200883865356,0.4185439944267273,0.40950900316238403,0.40974700450897217,996287377,XRP
2023-02-03,0.40974101424217224,0.41352999210357666,0.40740200877189636,0.4122050106525421,848078651,XRP
2023-02-04,0.4121200144290924,0.4193490147590637,0.40831899642944336,0.4113050103187561,583121354,XRP
2023-02-05,0.41126900911331177,0.41191598773002625,0.3963080048561096,0.3989369869232178,758068911,XRP
2023-02-06,0.39897000789642334,0.4034000039100647,0.3922269940376282,0.3928239941596985,950972502,XRP
2023-02-07,0.39282700419425964,0.4046359956264496,0.3909359872341156,0.403903990983963,1015414418,XRP
2023-02-08,0.40386998653411865,0.40526100993156433,0.39533400535583496,0.39805200695991516,853007396,XRP
2023-02-09,0.39805999398231506,0.4070909917354584,0.3772220015525818,0.38246598839759827,1488178634,XRP
2023-02-10,0.38244199752807617,0.3876270055770874,0.3786199986934662,0.38264501094818115,877457864,XRP
2023-02-11,0.38264599442481995,0.3841109871864319,0.3809010088443756,0.38400799036026,436697705,XRP
2023-02-12,0.38398200273513794,0.3848640024662018,0.37445199489593506,0.3752819895744324,492457255,XRP
2023-02-13,0.3752399981021881,0.37818101048469543,0.3641220033168793,0.3716750144958496,1129015396,XRP
2023-02-14,0.37161099910736084,0.38324499130249023,0.3656350076198578,0.382407009601593,1022310518,XRP
2023-02-15,0.3823640048503876,0.4018619954586029,0.37724798917770386,0.4013519883155823,1072284900,XRP
2023-02-16,0.4013479948043823,0.4036419987678528,0.3850899934768677,0.3851569890975952,1194494182,XRP
2023-02-17,0.38510701060295105,0.3996340036392212,0.3828809857368469,0.3953019976615906,969213569,XRP
2023-02-18,0.3953019976615906,0.39684900641441345,0.391882985830307,0.3946300148963928,499633442,XRP
2023-02-19,0.39459699392318726,0.397614985704422,0.38618698716163635,0.38631701469421387,727659069,XRP
2023-02-20,0.3863779902458191,0.4073230028152466,0.3817490041255951,0.3985249996185303,1354318620,XRP
2023-02-21,0.39851900935173035,0.401434987783432,0.38807299733161926,0.3919050097465515,1103766687,XRP
2023-02-22,0.3919079899787903,0.39639100432395935,0.38392600417137146,0.3955860137939453,1114714971,XRP
2023-02-23,0.3955860137939453,0.39746299386024475,0.3867120146751404,0.38912999629974365,917426306,XRP
2023-02-24,0.3890880048274994,0.3905470073223114,0.37413299083709717,0.37847700715065,953355531,XRP
2023-02-25,0.37850698828697205,0.3794189989566803,0.3722499907016754,0.3780849874019623,552223148,XRP
2023-02-26,0.3780849874019623,0.3806059956550598,0.3754200041294098,0.37804099917411804,441815645,XRP
2023-02-27,0.3780049979686737,0.3800419867038727,0.3721579909324646,0.3791149854660034,1049508853,XRP
2023-02-28,0.37912100553512573,0.3824329972267151,0.3730269968509674,0.3771499991416931,1000693267,XRP
2023-03-01,0.37713301181793213,0.38424599170684814,0.373665988445282,0.38387900590896606,912485438,XRP
2023-03-02,0.38388100266456604,0.38419899344444275,0.37448298931121826,0.3775799870491028,812536878,XRP
2023-03-03,0.3775869905948639,0.3791559934616089,0.3598940074443817,0.3776710033416748,1204150691,XRP
2023-03-04,0.3776710033416748,0.3795210123062134,0.37027400732040405,0.3738130033016205,556621575,XRP
2023-03-05,0.3738189935684204,0.3771269917488098,0.36679598689079285,0.3671939969062805,505577640,XRP
2023-03-06,0.36717599630355835,0.37323999404907227,0.3609969913959503,0.3704710006713867,1161608429,XRP
2023-03-07,0.3704400062561035,0.383994996547699,0.368149995803833,0.38054800033569336,1479466647,XRP
2023-03-08,0.38055598735809326,0.3990600109100342,0.37376001477241516,0.3891879916191101,1881889627,XRP
2023-03-09,0.38917601108551025,0.3963780105113983,0.3666599988937378,0.37213000655174255,1727254553,XRP
2023-03-10,0.3720940053462982,0.3747110068798065,0.3598819971084595,0.37062200903892517,1450894929,XRP
2023-03-11,0.3706429898738861,0.37470099329948425,0.36208298802375793,0.3668319880962372,1051093584,XRP
2023-03-12,0.36682701110839844,0.37331798672676086,0.3524729907512665,0.37331798672676086,1102164948,XRP
2023-03-13,0.3733539879322052,0.38100099563598633,0.3581419885158539,0.37378600239753723,1694593960,XRP
2023-03-14,0.3737899959087372,0.3874790072441101,0.3673180043697357,0.3742789924144745,1527899940,XRP
2023-03-15,0.3743259906768799,0.3772209882736206,0.3587599992752075,0.36055800318717957,1062482118,XRP
2023-03-16,0.36063599586486816,0.367264986038208,0.3585369884967804,0.36602500081062317,692737535,XRP
2023-03-17,0.3660149872303009,0.38131698966026306,0.3635930120944977,0.3803820013999939,1046497903,XRP
2023-03-18,0.38040998578071594,0.3878690004348755,0.3734489977359772,0.3744330108165741,867351027,XRP
2023-03-19,0.374440997838974,0.4000059962272644,0.374440997838974,0.3884649872779846,1189636323,XRP
2023-03-20,0.388374000787735,0.3921149969100952,0.37403300404548645,0.3746280074119568,1074222480,XRP
2023-03-21,0.3746190071105957,0.49136701226234436,0.3745090067386627,0.46970999240875244,4178958939,XRP
2023-03-22,0.4696510136127472,0.47454699873924255,0.41293400526046753,0.4224799871444702,3312385991,XRP
2023-03-23,0.422450989484787,0.45408499240875244,0.4154770076274872,0.44484999775886536,2161421825,XRP
2023-03-24,0.4448559880256653,0.44487398862838745,0.41803398728370667,0.42590200901031494,1314887049,XRP
2023-03-25,0.425911009311676,0.46364501118659973,0.42421799898147583,0.4447160065174103,1832767576,XRP
2023-03-26,0.4446749985218048,0.46296200156211853,0.4427720010280609,0.44881701469421387,1090501588,XRP
2023-03-27,0.44884100556373596,0.4876129925251007,0.44389599561691284,0.47999098896980286,2730255979,XRP
2023-03-28,0.4800739884376526,0.5297560095787048,0.4702009856700897,0.5150579810142517,3163217119,XRP
2023-03-29,0.5150049924850464,0.5803999900817871,0.5149620175361633,0.5435770153999329,4092945977,XRP
2023-03-30,0.5436689853668213,0.5542230010032654,0.5271919965744019,0.5342490077018738,2694676898,XRP
2023-03-31,0.5343160033226013,0.5469229817390442,0.5285580158233643,0.5384920239448547,1934253477,XRP
2023-04-01,0.5384719967842102,0.5384719967842102,0.5015389919281006,0.5147410035133362,1829835076,XRP
2023-04-02,0.5099610090255737,0.5284950137138367,0.5035210251808167,0.5189530253410339,1488648839,XRP
2023-04-03,0.5189329981803894,0.5231670141220093,0.48694899678230286,0.49696001410484314,1655872706,XRP
2023-04-04,0.49689000844955444,0.5076410174369812,0.488974004983902,0.50347900390625,1230443035,XRP
2023-04-05,0.50348299741745,0.525638997554779,0.5000640153884888,0.5062350034713745,1402532299,XRP
2023-04-06,0.5062569975852966,0.5090129971504211,0.4945249855518341,0.5032979846000671,1077113140,XRP
2023-04-07,0.503305971622467,0.5141649842262268,0.4991079866886139,0.5137360095977783,1060408546,XRP
2023-04-08,0.513729989528656,0.513729989528656,0.5044410228729248,0.5057160258293152,587641054,XRP
2023-04-09,0.5056939721107483,0.5091429948806763,0.5009269714355469,0.5058339834213257,550582813,XRP
2023-04-10,0.5057929754257202,0.5196729898452759,0.5012590289115906,0.5183179974555969,914389505,XRP
2023-04-11,0.5183079838752747,0.5263059735298157,0.513293981552124,0.5175179839134216,1206362804,XRP
2023-04-12,0.5175660252571106,0.5179960131645203,0.5014150142669678,0.5061150193214417,1063340695,XRP
2023-04-13,0.5051820278167725,0.5147719979286194,0.5025910139083862,0.5132920145988464,963105081,XRP
2023-04-14,0.5133349895477295,0.5438410043716431,0.5124769806861877,0.5239930152893066,1597156518,XRP
2023-04-15,0.5239729881286621,0.5258049964904785,0.5182769894599915,0.5204439759254456,670556486,XRP
2023-04-16,0.5204300284385681,0.5242540240287781,0.517238974571228,0.5213919878005981,631212313,XRP
2023-04-17,0.5213609933853149,0.5213609933853149,0.5082759857177734,0.5111269950866699,1021376248,XRP
2023-04-18,0.511135995388031,0.5359619855880737,0.5106170177459717,0.532263994216919,1169237634,XRP
2023-04-19,0.532247006893158,0.5343829989433289,0.4892579913139343,0.4915989935398102,2047949057,XRP
2023-04-20,0.4915199875831604,0.4988270103931427,0.4686709940433502,0.47485798597335815,1484251970,XRP
2023-04-21,0.47487398982048035,0.478769987821579,0.44273900985717773,0.449396014213562,1412575276,XRP
2023-04-22,0.44940099120140076,0.4745349884033203,0.44676700234413147,0.47266098856925964,948350839,XRP
2023-04-23,0.47266000509262085,0.47266000509262085,0.4558640122413635,0.4650160074234009,745785219,XRP
2023-04-24,0.4650169909000397,0.4825330078601837,0.4510360062122345,0.4612730145454407,1287683583,XRP
2023-04-25,0.4612649977207184,0.47149500250816345,0.45204800367355347,0.46999499201774597,1120038773,XRP
2023-04-26,0.46998798847198486,0.482481986284256,0.44133099913597107,0.46203699707984924,1585410692,XRP
2023-04-27,0.46205300092697144,0.46928098797798157,0.4573900103569031,0.46686801314353943,1631460643,XRP
2023-04-28,0.4668850004673004,0.4810959994792938,0.46462199091911316,0.48027101159095764,1145414603,XRP
2023-04-29,0.4802370071411133,0.48506098985671997,0.47572600841522217,0.4784089922904968,611537970,XRP
2023-04-30,0.47837701439857483,0.48181599378585815,0.4709540009498596,0.4723320007324219,556459700,XRP
2023-05-01,0.4722050130367279,0.4725790023803711,0.45718199014663696,0.4649659991264343,941003865,XRP
2023-05-02,0.4649760127067566,0.4658290147781372,0.45943599939346313,0.4649510085582733,903846077,XRP
2023-05-03,0.4649589955806732,0.46525898575782776,0.45143601298332214,0.4634940028190613,1049175706,XRP
2023-05-04,0.46348801255226135,0.46497398614883423,0.45601901412010193,0.4615730047225952,752455291,XRP
2023-05-05,0.46156400442123413,0.4697830080986023,0.4582580029964447,0.46779999136924744,857113580,XRP
2023-05-06,0.46782100200653076,0.46908101439476013,0.4547640085220337,0.4595490097999573,592275764,XRP
2023-05-07,0.4594990015029907,0.4610390067100525,0.45024898648262024,0.45036399364471436,440082859,XRP
2023-05-08,0.4503459930419922,0.4517369866371155,0.4185529947280884,0.42891499400138855,1307982057,XRP
2023-05-09,0.4288890063762665,0.43015798926353455,0.4219050109386444,0.4298880100250244,911350658,XRP
2023-05-10,0.4298050105571747,0.4336960017681122,0.41782501339912415,0.43087300658226013,1068763583,XRP
2023-05-11,0.43088600039482117,0.43088600039482117,0.4129619896411896,0.42187899351119995,906511894,XRP
2023-05-12,0.42180299758911133,0.439969003200531,0.4177199900150299,0.43071800470352173,1174284548,XRP
2023-05-13,0.4307200014591217,0.4309450089931488,0.42471399903297424,0.424903005361557,389293055,XRP
2023-05-14,0.4248720109462738,0.43133699893951416,0.42315199971199036,0.4258599877357483,369801280,XRP
2023-05-15,0.4258610010147095,0.4302929937839508,0.42282798886299133,0.42756199836730957,749923785,XRP
2023-05-16,0.4275999963283539,0.44143399596214294,0.4202069938182831,0.4414219856262207,963282009,XRP
2023-05-17,0.44140899181365967,0.45959100127220154,0.4388810098171234,0.4485889971256256,1518727788,XRP
2023-05-18,0.4485670030117035,0.4712519943714142,0.44383299350738525,0.46029898524284363,1356400752,XRP
2023-05-19,0.4602769911289215,0.47380000352859497,0.4585300087928772,0.4679819941520691,1083307614,XRP
2023-05-20,0.46799200773239136,0.4708079993724823,0.46352899074554443,0.46908101439476013,479336096,XRP
2023-05-21,0.4690749943256378,0.4706220030784607,0.45659199357032776,0.4575499892234802,537234089,XRP
2023-05-22,0.4575749933719635,0.4663250148296356,0.45214998722076416,0.46160098910331726,904918280,XRP
2023-05-23,0.46160900592803955,0.46683698892593384,0.45944398641586304,0.46542999148368835,829964870,XRP
2023-05-24,0.4654409885406494,0.4654409885406494,0.4474639892578125,0.45360898971557617,1029450864,XRP
2023-05-25,0.45358601212501526,0.45462900400161743,0.4456219971179962,0.45373401045799255,697466810,XRP
2023-05-26,0.45374301075935364,0.46957099437713623,0.4530070126056671,0.4691399931907654,947890355,XRP
2023-05-27,0.4691169857978821,0.4777210056781769,0.4667159914970398,0.4722450077533722,634937525,XRP
2023-05-28,0.47224000096321106,0.48581498861312866,0.4707840085029602,0.48288899660110474,570647795,XRP
2023-05-29,0.4828749895095825,0.4943520128726959,0.47790399193763733,0.4941509962081909,1039953786,XRP
2023-05-30,0.4942319989204407,0.5254259705543518,0.4905470013618469,0.5219380259513855,2119990185,XRP
2023-05-31,0.5218949913978577,0.5271980166435242,0.50245600938797,0.5173860192298889,1585723566,XRP
2023-06-01,0.5173879861831665,0.5173889994621277,0.5031989812850952,0.5073170065879822,1095700204,XRP
2023-06-02,0.5073040127754211,0.5263280272483826,0.5049690008163452,0.5253869891166687,1070731055,XRP
2023-06-03,0.5253559947013855,0.5299130082130432,0.5170459747314453,0.5193510055541992,684948363,XRP
2023-06-04,0.5193660259246826,0.5447109937667847,0.5166140198707581,0.5359110236167908,943439712,XRP
2023-06-05,0.536005973815918,0.5414329767227173,0.4935460090637207,0.5103939771652222,2077075618,XRP
2023-06-06,0.5103830099105835,0.5318089723587036,0.49823400378227234,0.5304639935493469,1595950808,XRP
2023-06-07,0.5304279923439026,0.5371230244636536,0.5089340209960938,0.5196279883384705,1649651366,XRP
2023-06-08,0.5196120142936707,0.5273330211639404,0.5169619917869568,0.5245460271835327,954016646,XRP
2023-06-09,0.524541974067688,0.5398839712142944,0.5216730237007141,0.5379170179367065,1233816475,XRP
2023-06-10,0.5379719734191895,0.5380300283432007,0.4823650121688843,0.5081989765167236,2110109968,XRP
2023-06-11,0.5081899762153625,0.5283970236778259,0.504347026348114,0.5212209820747375,828115958,XRP
2023-06-12,0.5211629867553711,0.5275239944458008,0.5110899806022644,0.52572101354599,1199140307,XRP
2023-06-13,0.5256779789924622,0.5613769888877869,0.5087649822235107,0.5200859904289246,2617707336,XRP
2023-06-14,0.5200859904289246,0.5202100276947021,0.46748000383377075,0.4802199900150299,1757437649,XRP
2023-06-15,0.480226993560791,0.48450198769569397,0.4695580005645752,0.4801180064678192,1180880587,XRP
2023-06-16,0.48010700941085815,0.4823490083217621,0.4592849910259247,0.47574299573898315,1166129294,XRP
2023-06-17,0.4757640063762665,0.4852289855480194,0.4705739915370941,0.47979000210762024,635717535,XRP
2023-06-18,0.4797869920730591,0.49669700860977173,0.4765709936618805,0.4875729978084564,743984056,XRP
2023-06-19,0.4875720143318176,0.4972800016403198,0.48371100425720215,0.49339500069618225,870856054,XRP
2023-06-20,0.4934239983558655,0.4955579936504364,0.4737829864025116,0.4928700029850006,1073485912,XRP
2023-06-21,0.4928610026836395,0.5025219917297363,0.49033400416374207,0.500694990158081,1305891782,XRP
2023-06-22,0.5006409883499146,0.523157000541687,0.49131301045417786,0.4949750006198883,1518125316,XRP
2023-06-23,0.49496299028396606,0.5018900036811829,0.48614799976348877,0.4965659976005554,1108503309,XRP
2023-06-24,0.4965760111808777,0.4965760111808777,0.4828279912471771,0.48731300234794617,693890997,XRP
2023-06-25,0.4873160123825073,0.4956429898738861,0.48420798778533936,0.4902769923210144,681228509,XRP
2023-06-26,0.4902789890766144,0.49125298857688904,0.4745739996433258,0.47933200001716614,953227780,XRP
2023-06-27,0.4793570041656494,0.4849970042705536,0.4772320091724396,0.4838399887084961,847044879,XRP
2023-06-28,0.4838390052318573,0.4839099943637848,0.4565410017967224,0.46522200107574463,989599376,XRP
2023-06-29,0.4651710093021393,0.47672298550605774,0.4623959958553314,0.4747219979763031,718808031,XRP
2023-06-30,0.4746989905834198,0.4822700023651123,0.4565100073814392,0.4740369915962219,1261905827,XRP
2023-07-01,0.47402000427246094,0.47545498609542847,0.4656040072441101,0.47352200746536255,737421634,XRP
2023-07-02,0.47351598739624023,0.49452999234199524,0.471327006816864,0.4844929873943329,1154671474,XRP
2023-07-03,0.484497994184494,0.49091100692749023,0.47971299290657043,0.4895470142364502,1059955641,XRP
2023-07-04,0.4895099997520447,0.4926219880580902,0.4833369851112366,0.48784199357032776,841667226,XRP
2023-07-05,0.4878099858760834,0.49160000681877136,0.47115400433540344,0.4782719910144806,950150566,XRP
2023-07-06,0.47822898626327515,0.48378100991249084,0.46329599618911743,0.4637390077114105,950187883,XRP
2023-07-07,0.46371498703956604,0.47048500180244446,0.46062999963760376,0.468764990568161,682747263,XRP
2023-07-08,0.4687570035457611,0.4739620089530945,0.46604499220848083,0.4706439971923828,409435365,XRP
2023-07-09,0.4706439971923828,0.47178900241851807,0.46811699867248535,0.4685499966144562,324938269,XRP
2023-07-10,0.46855399012565613,0.4799860119819641,0.46460598707199097,0.4776639938354492,885726455,XRP
2023-07-11,0.47768500447273254,0.4782879948616028,0.47180798649787903,0.47571900486946106,645625637,XRP
2023-07-12,0.4756909906864166,0.4770210087299347,0.4678579866886139,0.47110500931739807,715809444,XRP
2023-07-13,0.47110098600387573,0.8875110149383545,0.470102995634079,0.8153650164604187,10397344596,XRP
2023-07-14,0.8161969780921936,0.8214120268821716,0.6807630062103271,0.7191569805145264,7060210982,XRP
2023-07-15,0.719215989112854,0.731020987033844,0.6969010233879089,0.7132790088653564,3369947488,XRP
2023-07-16,0.7133529782295227,0.7873319983482361,0.709725022315979,0.7468600273132324,3937651423,XRP
2023-07-17,0.7469660043716431,0.7603020071983337,0.7184249758720398,0.739205002784729,2506419441,XRP
2023-07-18,0.739096999168396,0.7809889912605286,0.7360929846763611,0.7795400023460388,2626009775,XRP
2023-07-19,0.7795869708061218,0.8418409824371338,0.7743350267410278,0.8206940293312073,3954595150,XRP
2023-07-20,0.8206449747085571,0.8467990159988403,0.7739449739456177,0.7940580248832703,2843382854,XRP
2023-07-21,0.7940300107002258,0.7979990243911743,0.7641419768333435,0.7725020051002502,1860721533,XRP
2023-07-22,0.7724469900131226,0.7789120078086853,0.730679988861084,0.73328697681427,1637792182,XRP
2023-07-23,0.7333070039749146,0.7505589723587036,0.7193089723587036,0.7386829853057861,1541388766,XRP
2023-07-24,0.7386469841003418,0.7415069937705994,0.687578022480011,0.7027649879455566,2266820366,XRP
2023-07-25,0.7028170228004456,0.7140989899635315,0.6791489720344543,0.7095999717712402,1813094168,XRP
2023-07-26,0.7096199989318848,0.7295269966125488,0.696075975894928,0.7157989740371704,1676809706,XRP
2023-07-27,0.7158010005950928,0.7270749807357788,0.7091050148010254,0.7136459946632385,1480051564,XRP
2023-07-28,0.7136330008506775,0.7175430059432983,0.704509973526001,0.7125679850578308,1055913805,XRP
2023-07-29,0.7125430107116699,0.7146109938621521,0.706866979598999,0.7127389907836914,725769153,XRP
2023-07-30,0.7127230167388916,0.7298099994659424,0.6935369968414307,0.7051360011100769,1323282055,XRP
2023-07-31,0.7051100134849548,0.7173640131950378,0.6921539902687073,0.6985210180282593,1488758727,XRP
2023-08-01,0.6985030174255371,0.7072110176086426,0.6835319995880127,0.7072110176086426,1438067858,XRP
2023-08-02,0.707086980342865,0.707086980342865,0.6802319884300232,0.6851950287818909,1132335650,XRP
2023-08-03,0.6851800084114075,0.6867610216140747,0.6588510274887085,0.6641349792480469,1414576525,XRP
2023-08-04,0.6640880107879639,0.6664419770240784,0.6303039789199829,0.6355389952659607,1342066974,XRP
2023-08-05,0.635532021522522,0.635532021522522,0.6126369833946228,0.6284229755401611,1142144189,XRP
2023-08-06,0.6284289956092834,0.6364349722862244,0.6216340065002441,0.6230869889259338,849060664,XRP
2023-08-07,0.6230930089950562,0.6277779936790466,0.6049780249595642,0.6219310164451599,1417493753,XRP
2023-08-08,0.6219279766082764,0.6448860168457031,0.6153180003166199,0.6424059867858887,1296031585,XRP
2023-08-09,0.6423749923706055,0.6623439788818359,0.6346529722213745,0.6433650255203247,1659437400,XRP
2023-08-10,0.6433460116386414,0.6434400081634521,0.6252760291099548,0.6329860091209412,1159039975,XRP
2023-08-11,0.6329910159111023,0.6391479969024658,0.6273329854011536,0.6316750049591064,885715586,XRP
2023-08-12,0.6316570043563843,0.6321520209312439,0.6255419850349426,0.6272050142288208,519563800,XRP
2023-08-13,0.6271920204162598,0.6370409727096558,0.6249030232429504,0.6261019706726074,635297148,XRP
2023-08-14,0.6260979771614075,0.6354510188102722,0.6247239708900452,0.6342819929122925,939329129,XRP
2023-08-15,0.6342380046844482,0.6342380046844482,0.5935029983520508,0.6095989942550659,1230727429,XRP
2023-08-16,0.6095880270004272,0.6143149733543396,0.5790519714355469,0.5883280038833618,1688583741,XRP
2023-08-17,0.5883439779281616,0.5934709906578064,0.4681060016155243,0.5071420073509216,2425926882,XRP
2023-08-18,0.5072450041770935,0.5170609951019287,0.48759499192237854,0.5060999989509583,2169285316,XRP
2023-08-19,0.5061280131340027,0.5232080221176147,0.5019760131835938,0.5196290016174316,1038954380,XRP
2023-08-20,0.5196390151977539,0.5529590249061584,0.5173289775848389,0.5395470261573792,1471670949,XRP
2023-08-21,0.5395479798316956,0.5397819876670837,0.5100489854812622,0.524537980556488,1445315789,XRP
2023-08-22,0.5245360136032104,0.5248180031776428,0.5063430070877075,0.5209299921989441,1227160129,XRP
2023-08-23,0.5209190249443054,0.5347710251808167,0.516435980796814,0.5299019813537598,1007927236,XRP
2023-08-24,0.5299130082130432,0.5313839912414551,0.5133050084114075,0.5184130072593689,881617931,XRP
2023-08-25,0.5184580087661743,0.529774010181427,0.5087429881095886,0.5262460112571716,1067427241,XRP
2023-08-26,0.5262179970741272,0.5268650054931641,0.5193060040473938,0.5234699845314026,541153725,XRP
2023-08-27,0.5234839916229248,0.5296019911766052,0.5215160250663757,0.5238440036773682,584757090,XRP
2023-08-28,0.5238400101661682,0.52435302734375,0.512673020362854,0.523248016834259,842593344,XRP
2023-08-29,0.523252010345459,0.5465760231018066,0.5137709975242615,0.5400649905204773,1468584828,XRP
2023-08-30,0.5400450229644775,0.5401650071144104,0.5231519937515259,0.528194010257721,967541032,XRP
2023-08-31,0.5281950235366821,0.5284619927406311,0.505079984664917,0.510798990726471,1074749312,XRP
2023-09-01,0.5107880234718323,0.5116230249404907,0.4886009991168976,0.498075008392334,1097204087,XRP
2023-09-02,0.4980599880218506,0.5021100044250488,0.4953620135784149,0.4990909993648529,661651382,XRP
2023-09-03,0.4991079866886139,0.5091860294342041,0.4978390038013458,0.5050489902496338,622598422,XRP
2023-09-04,0.5050489902496338,0.512067973613739,0.49899300932884216,0.5083749890327454,843268290,XRP
2023-09-05,0.5083969831466675,0.5083969831466675,0.5001230239868164,0.5054110288619995,750823613,XRP
2023-09-06,0.5054309964179993,0.5054550170898438,0.4938110113143921,0.5032430291175842,773743079,XRP
2023-09-07,0.5032370090484619,0.5060909986495972,0.4973379969596863,0.5048570036888123,699614463,XRP
2023-09-08,0.5048649907112122,0.5067179799079895,0.49702900648117065,0.5048499703407288,709453301,XRP
2023-09-09,0.5048589706420898,0.5048589706420898,0.5020279884338379,0.5038549900054932,359744792,XRP
2023-09-10,0.5038579702377319,0.5038830041885376,0.4954189956188202,0.49781399965286255,506251985,XRP
2023-09-11,0.4977859854698181,0.49801498651504517,0.4670790135860443,0.474373996257782,1280910602,XRP
2023-09-12,0.474388986825943,0.48482999205589294,0.4707520008087158,0.4807380139827728,1026076357,XRP
2023-09-13,0.4807569980621338,0.48678699135780334,0.47493401169776917,0.48377498984336853,899389429,XRP
2023-09-14,0.48376700282096863,0.49311500787734985,0.48065099120140076,0.48945701122283936,783751989,XRP
2023-09-15,0.4894680082798004,0.5050740242004395,0.48897698521614075,0.5008749961853027,951792585,XRP
2023-09-16,0.5008490085601807,0.503167986869812,0.49884501099586487,0.49987998604774475,517370943,XRP
2023-09-17,0.499906986951828,0.5003719925880432,0.49202200770378113,0.4930410087108612,500486648,XRP
2023-09-18,0.49302899837493896,0.5066319704055786,0.4895470142364502,0.5032029747962952,955363038,XRP
2023-09-19,0.5031870007514954,0.5159749984741211,0.5018370151519775,0.5141509771347046,981191150,XRP
2023-09-20,0.5141329765319824,0.5242660045623779,0.5103909969329834,0.5213549733161926,1081193591,XRP
2023-09-21,0.5213580131530762,0.5213580131530762,0.5020229816436768,0.5071790218353271,1120291947,XRP
2023-09-22,0.5071939826011658,0.5161809921264648,0.5056089758872986,0.5125100016593933,712954688,XRP
2023-09-23,0.5124980211257935,0.5135189890861511,0.5068860054016113,0.5080339908599854,382427235,XRP
2023-09-24,0.5080159902572632,0.5113170146942139,0.5014330148696899,0.5023880004882812,404611925,XRP
2023-09-25,0.5023869872093201,0.5064690113067627,0.4925830066204071,0.5054609775543213,852958013,XRP
2023-09-26,0.5054550170898438,0.5066549777984619,0.4988040030002594,0.5017079710960388,782380755,XRP
2023-09-27,0.5017039775848389,0.5064759850502014,0.4973739981651306,0.4995970129966736,748882159,XRP
2023-09-28,0.4995900094509125,0.5095250010490417,0.495606005191803,0.5095250010490417,786510398,XRP
2023-09-29,0.5095369815826416,0.5454570055007935,0.5068169832229614,0.5217189788818359,1721538761,XRP
2023-09-30,0.5216889977455139,0.5216889977455139,0.5152069926261902,0.515404999256134,544604664,XRP
2023-10-01,0.5153679847717285,0.5252199769020081,0.51494300365448,0.5242040157318115,549430554,XRP
2023-10-02,0.5242040157318115,0.5255429744720459,0.5109900236129761,0.51283198595047,946645872,XRP
2023-10-03,0.5128120183944702,0.5449010133743286,0.5074650049209595,0.5383870005607605,1206543606,XRP
2023-10-04,0.5384039878845215,0.5410130023956299,0.5232620239257812,0.5329310297966003,1467518350,XRP
2023-10-05,0.5329570174217224,0.5329570174217224,0.5188279747962952,0.5233659744262695,823945282,XRP
2023-10-06,0.5233539938926697,0.529079020023346,0.5184940099716187,0.5261930227279663,684500790,XRP
2023-10-07,0.5261899828910828,0.5261899828910828,0.5208330154418945,0.5219060182571411,321512118,XRP
2023-10-08,0.5218790173530579,0.5235400199890137,0.5172640085220337,0.5179610252380371,356449311,XRP
2023-10-09,0.517973005771637,0.5197669863700867,0.49529099464416504,0.5032269954681396,989847649,XRP
2023-10-10,0.5032560229301453,0.5032560229301453,0.4932970106601715,0.497435986995697,670612869,XRP
2023-10-11,0.49737900495529175,0.49779099225997925,0.48085999488830566,0.48883798718452454,794253917,XRP
2023-10-12,0.48879799246788025,0.4888570010662079,0.4756369888782501,0.48304998874664307,812745907,XRP
2023-10-13,0.4830490052700043,0.4897890090942383,0.4793410003185272,0.48569899797439575,696915013,XRP
2023-10-14,0.48568999767303467,0.4879800081253052,0.48397400975227356,0.4867750108242035,357321203,XRP
2023-10-15,0.4867730140686035,0.4899919927120209,0.4856649935245514,0.4878459870815277,385469444,XRP
2023-10-16,0.4878380000591278,0.5054579973220825,0.48615700006484985,0.49797698855400085,1082594336,XRP
2023-10-17,0.497981995344162,0.4981380105018616,0.48860499262809753,0.49169400334358215,773438395,XRP
2023-10-18,0.49170398712158203,0.4922049939632416,0.48742198944091797,0.4883190095424652,734621817,XRP
2023-10-19,0.4883120059967041,0.5224959850311279,0.4786680042743683,0.52012699842453,1385006018,XRP
2023-10-20,0.5200780034065247,0.5291029810905457,0.510004997253418,0.5160040259361267,1369774008,XRP
2023-10-21,0.5159900188446045,0.5294820070266724,0.5123289823532104,0.5212429761886597,656496071,XRP
2023-10-22,0.5211979746818542,0.5238490104675293,0.5160009860992432,0.5224869847297668,556378450,XRP
2023-10-23,0.5235980153083801,0.5505380034446716,0.5218260288238525,0.5468699932098389,1699115599,XRP
2023-10-24,0.5468930006027222,0.5829730033874512,0.5374550223350525,0.5585319995880127,2705905445,XRP
2023-10-25,0.5586199760437012,0.5623769760131836,0.5422379970550537,0.5553060173988342,1396455738,XRP
2023-10-26,0.5553529858589172,0.5667750239372253,0.5445520281791687,0.5536829829216003,1401251370,XRP
2023-10-27,0.5536850094795227,0.5575659871101379,0.5394780039787292,0.5461069941520691,1048891335,XRP
2023-10-28,0.5457149744033813,0.550046980381012,0.5416520237922668,0.5453910231590271,566792583,XRP
2023-10-29,0.5453720092773438,0.5609059929847717,0.5421860218048096,0.5563939809799194,655356620,XRP
2023-10-30,0.5563899874687195,0.583204984664917,0.5505980253219604,0.5789440274238586,1527609944,XRP
2023-10-31,0.5789279937744141,0.6127369999885559,0.5664929747581482,0.6002820134162903,2218043567,XRP
2023-11-01,0.6002950072288513,0.6159060001373291,0.5822619795799255,0.6095380187034607,1779920317,XRP
2023-11-02,0.6095439791679382,0.6241059899330139,0.5932300090789795,0.6064389944076538,1826715430,XRP
2023-11-03,0.6063860058784485,0.6152380108833313,0.5939189791679382,0.6130020022392273,1403532406,XRP
2023-11-04,0.6130399703979492,0.6180210113525391,0.6101379990577698,0.6161839962005615,811373229,XRP
2023-11-05,0.6161800026893616,0.6611469984054565,0.6152909994125366,0.6611469984054565,1923304412,XRP
2023-11-06,0.661126971244812,0.7298719882965088,0.660660982131958,0.715516984462738,3293503683,XRP
2023-11-07,0.7155050039291382,0.7155050039291382,0.6576589941978455,0.6864020228385925,2813667010,XRP
2023-11-08,0.6863200068473816,0.6968960165977478,0.6740289926528931,0.6880760192871094,1770450557,XRP
2023-11-09,0.688031017780304,0.7043129801750183,0.6463189721107483,0.6674749851226807,3292007279,XRP
2023-11-10,0.6676030158996582,0.6705390214920044,0.643110990524292,0.6605749726295471,2009821437,XRP
2023-11-11,0.6605600118637085,0.680741012096405,0.6443160176277161,0.6627349853515625,1754960201,XRP
2023-11-12,0.6627479791641235,0.6704530119895935,0.6503880023956299,0.6615359783172607,988542527,XRP
2023-11-13,0.6615980267524719,0.740568995475769,0.6451879739761353,0.6715239882469177,3089036403,XRP
2023-11-14,0.6714940071105957,0.6714940071105957,0.6076170206069946,0.6296730041503906,2298949026,XRP
2023-11-15,0.629725992679596,0.6501539945602417,0.6265640258789062,0.6496480107307434,1441133011,XRP
2023-11-16,0.6496090292930603,0.652059018611908,0.6074169874191284,0.61216801404953,1756409884,XRP
2023-11-17,0.6121990084648132,0.6238399744033813,0.5899869799613953,0.6137170195579529,1462505199,XRP
2023-11-18,0.6137380003929138,0.6144880056381226,0.5933169722557068,0.6111890077590942,836754904,XRP
2023-11-19,0.6111869812011719,0.6287199854850769,0.6030430197715759,0.627498984336853,960738459,XRP
2023-11-20,0.6274200081825256,0.627888023853302,0.6122310161590576,0.6128420233726501,1151372006,XRP
2023-11-21,0.6128339767456055,0.6178200244903564,0.5792890191078186,0.5804619789123535,1664786743,XRP
2023-11-22,0.5804430246353149,0.6151120066642761,0.5794370174407959,0.6118990182876587,1332443782,XRP
2023-11-23,0.6118599772453308,0.6227570176124573,0.6073259711265564,0.6202419996261597,1233580691,XRP
2023-11-24,0.6202499866485596,0.6252779960632324,0.6175259947776794,0.6218810081481934,1220784875,XRP
2023-11-25,0.6218580007553101,0.6234750151634216,0.6169270277023315,0.6234440207481384,604505841,XRP
2023-11-26,0.6234520077705383,0.6355940103530884,0.6124240159988403,0.6168190240859985,1126158902,XRP
2023-11-27,0.6167470216751099,0.6169559955596924,0.5967379808425903,0.6041529774665833,1209304147,XRP
2023-11-28,0.6041399836540222,0.6139659881591797,0.5975340008735657,0.6114220023155212,1079777511,XRP
2023-11-29,0.6114100217819214,0.6165099740028381,0.6051130294799805,0.609358012676239,1007163957,XRP
2023-11-30,0.6093549728393555,0.6096320152282715,0.5998160243034363,0.606357991695404,980182657,XRP
2023-12-01,0.6063500046730042,0.6139929890632629,0.6043859720230103,0.6129149794578552,919121548,XRP
2023-12-02,0.6129140257835388,0.6224589943885803,0.6117460131645203,0.6209759712219238,667809511,XRP
2023-12-03,0.6209980249404907,0.6329129934310913,0.6180999875068665,0.6237229704856873,993447972,XRP
2023-12-04,0.6236760020256042,0.6410880088806152,0.6079999804496765,0.6243739724159241,1947607222,XRP
2023-12-05,0.624396026134491,0.6283730268478394,0.6093699932098389,0.6219969987869263,1452525777,XRP
2023-12-06,0.6219620108604431,0.6421639919281006,0.6156839728355408,0.6403329968452454,2038373923,XRP
2023-12-07,0.640487015247345,0.6530579924583435,0.6261299848556519,0.6436319947242737,1839789008,XRP
2023-12-08,0.643667995929718,0.6742069721221924,0.6400399804115295,0.6731380224227905,1892803940,XRP
2023-12-09,0.673130989074707,0.6988379955291748,0.6578440070152283,0.658814013004303,2229504514,XRP
2023-12-10,0.6588580012321472,0.6703150272369385,0.649806022644043,0.6615779995918274,1170952363,XRP
2023-12-11,0.6616330146789551,0.6627510190010071,0.6050969958305359,0.6202110052108765,2252797875,XRP
2023-12-12,0.6199619770050049,0.6257209777832031,0.6082540154457092,0.6195489764213562,1458882180,XRP
2023-12-13,0.6195080280303955,0.6334260106086731,0.5987930297851562,0.6284859776496887,1557123843,XRP
2023-12-14,0.6284130215644836,0.6375060081481934,0.617451012134552,0.6324319839477539,1428433767,XRP
2023-12-15,0.6324359774589539,0.6419489979743958,0.6150820255279541,0.6154919862747192,1392239590,XRP
2023-12-16,0.6155170202255249,0.6252110004425049,0.6120110154151917,0.6198350191116333,770529288,XRP
2023-12-17,0.6198269724845886,0.621891975402832,0.6096349954605103,0.6104180216789246,832504145,XRP
2023-12-18,0.6103619933128357,0.6136659979820251,0.5833830237388611,0.612529993057251,1674969771,XRP
2023-12-19,0.6125079989433289,0.6158319711685181,0.5981580018997192,0.6054559946060181,1137147807,XRP
2023-12-20,0.6054080128669739,0.6253569722175598,0.6023849844932556,0.6173189878463745,1344408213,XRP
2023-12-21,0.6173329949378967,0.6245020031929016,0.6116210222244263,0.6239100098609924,1149787445,XRP
2023-12-22,0.6239089965820312,0.6276729702949524,0.6168360114097595,0.6254019737243652,1374123624,XRP
2023-12-23,0.6253730058670044,0.6253730058670044,0.6129999756813049,0.6202049851417542,774484009,XRP
2023-12-24,0.620212972164154,0.6284130215644836,0.6085600256919861,0.6135179996490479,1178583398,XRP
2023-12-25,0.6135029792785645,0.6469849944114685,0.6102579832077026,0.6463369727134705,1781837085,XRP
2023-12-26,0.6463490128517151,0.646481990814209,0.6083869934082031,0.6223689913749695,1622454757,XRP
2023-12-27,0.6223970055580139,0.6415380239486694,0.6142190098762512,0.6348559856414795,1432931897,XRP
2023-12-28,0.6349480152130127,0.6557689905166626,0.6275569796562195,0.6349980235099792,1864381371,XRP
2023-12-29,0.6350110173225403,0.6365950107574463,0.6151900291442871,0.6234019994735718,1324305215,XRP
2023-12-30,0.6234109997749329,0.6294789910316467,0.6171950101852417,0.6218439936637878,718565033,XRP
2023-12-31,0.6217920184135437,0.6275759935379028,0.6112080216407776,0.6149410009384155,710033547,XRP
2024-01-01,0.6156560182571411,0.6312749981880188,0.6096360087394714,0.6300820112228394,729315153,XRP
2024-01-02,0.6300939917564392,0.6386269927024841,0.6231819987297058,0.6253629922866821,1326197378,XRP
2024-01-03,0.6253809928894043,0.6377699971199036,0.5387660264968872,0.5825799703598022,3406740412,XRP
2024-01-04,0.5825769901275635,0.5939409732818604,0.5729550123214722,0.5882260203361511,1452005657,XRP
2024-01-05,0.5881969928741455,0.5894129872322083,0.5584440231323242,0.5764859914779663,1509144162,XRP
2024-01-06,0.5765119791030884,0.5765119791030884,0.5593860149383545,0.5685120224952698,820534691,XRP
2024-01-07,0.5685210227966309,0.5727760195732117,0.5484769940376282,0.5517410039901733,901525412,XRP
2024-01-08,0.5517160296440125,0.5815950036048889,0.5506749749183655,0.5779229998588562,2011066819,XRP
2024-01-09,0.5779640078544617,0.5785099864006042,0.5571969747543335,0.5666329860687256,1740178857,XRP
2024-01-10,0.5666720271110535,0.6125169992446899,0.5521169900894165,0.5999889969825745,2223452643,XRP
2024-01-11,0.6001700162887573,0.6223400235176086,0.5878440141677856,0.6020950078964233,2112917472,XRP
2024-01-12,0.6020960211753845,0.6032059788703918,0.5614129900932312,0.5702990293502808,1716194372,XRP
2024-01-13,0.5701709985733032,0.5774520039558411,0.5652269721031189,0.575078010559082,718059698,XRP
2024-01-14,0.5750709772109985,0.592091977596283,0.5723379850387573,0.5762330293655396,841667731,XRP
2024-01-15,0.5761550068855286,0.5884600281715393,0.5695819854736328,0.5759199857711792,993534380,XRP
2024-01-16,0.5758669972419739,0.5796409845352173,0.5676479935646057,0.5759469866752625,924543394,XRP
2024-01-17,0.5759029984474182,0.5760629773139954,0.5632920265197754,0.5679730176925659,901923640,XRP
2024-01-18,0.5679810047149658,0.568356990814209,0.5461289882659912,0.5519070029258728,1057710374,XRP
2024-01-19,0.5518699884414673,0.5529950261116028,0.5239369869232178,0.5442559719085693,1330077736,XRP
2024-01-20,0.5442439913749695,0.5543860197067261,0.5393379926681519,0.5531259775161743,725888847,XRP
2024-01-21,0.5531449913978577,0.5547699928283691,0.546110987663269,0.546110987663269,494271879,XRP
2024-01-22,0.5462160110473633,0.5486379861831665,0.5219169855117798,0.5267159938812256,1151736625,XRP
2024-01-23,0.5267260074615479,0.5310249924659729,0.4975450038909912,0.5177369713783264,1414753278,XRP
2024-01-24,0.517753005027771,0.518867015838623,0.5111770033836365,0.5179880261421204,880367820,XRP
2024-01-25,0.517982006072998,0.517982006072998,0.5043699741363525,0.5136060118675232,825132968,XRP
2024-01-26,0.5135819911956787,0.535224974155426,0.5089550018310547,0.5321890115737915,1021918092,XRP
2024-01-27,0.5321900248527527,0.5343189835548401,0.5270799994468689,0.5302600264549255,471931644,XRP
2024-01-28,0.5302749872207642,0.5350540280342102,0.5218300223350525,0.5240939855575562,523517403,XRP
2024-01-29,0.5240880250930786,0.5395770072937012,0.5206350088119507,0.5350900292396545,901992026,XRP
2024-01-30,0.5351330041885376,0.538703978061676,0.5086380243301392,0.5106980204582214,1673319214,XRP
2024-01-31,0.5106809735298157,0.5137540102005005,0.4945420026779175,0.5031930208206177,1339066820,XRP
2024-02-01,0.5031759738922119,0.5100989937782288,0.4903469979763031,0.5058590173721313,1004296109,XRP
2024-02-02,0.5058599710464478,0.5132740139961243,0.49917298555374146,0.5104119777679443,927836205,XRP
2024-02-03,0.5103979706764221,0.5257400274276733,0.5060309767723083,0.5189390182495117,861729960,XRP
2024-02-04,0.518884003162384,0.5189710259437561,0.5021029710769653,0.5032879710197449,538479551,XRP
2024-02-05,0.5032439827919006,0.5128899812698364,0.49823299050331116,0.5062440037727356,831962506,XRP
2024-02-06,0.5062369704246521,0.5104429721832275,0.49891000986099243,0.5051530003547668,767495086,XRP
2024-02-07,0.5051419734954834,0.514523983001709,0.499442994594574,0.5137889981269836,895523747,XRP
2024-02-08,0.5137799978256226,0.5184800028800964,0.5102840065956116,0.5145289897918701,902244431,XRP
2024-02-09,0.5145159959793091,0.528078019618988,0.5142019987106323,0.5260310173034668,1032596975,XRP
2024-02-10,0.5260319709777832,0.5281879901885986,0.5194500088691711,0.5241119861602783,578419105,XRP
2024-02-11,0.524092972278595,0.5353350043296814,0.5220909714698792,0.5260840058326721,715511550,XRP
2024-02-12,0.5261020064353943,0.5369809865951538,0.5148929953575134,0.5318970084190369,1028191903,XRP
2024-02-13,0.5318869948387146,0.5335379838943481,0.5163130164146423,0.5248349905014038,1023754839,XRP
2024-02-14,0.5248180031776428,0.5418819785118103,0.5209739804267883,0.5384010076522827,1156449389,XRP
2024-02-15,0.5383960008621216,0.5738480091094971,0.5383960008621216,0.5627549886703491,1877470522,XRP
2024-02-16,0.5627809762954712,0.5784599781036377,0.5552350282669067,0.5649600028991699,1505352932,XRP
2024-02-17,0.5649600028991699,0.5656120181083679,0.5411139726638794,0.5498859882354736,911234746,XRP
2024-02-18,0.5498849749565125,0.5621960163116455,0.5479859709739685,0.5569030046463013,689299497,XRP
2024-02-19,0.5569210052490234,0.567300021648407,0.5550829768180847,0.5625969767570496,1108245167,XRP
2024-02-20,0.5625900030136108,0.5744640231132507,0.5465720295906067,0.5629220008850098,1777533547,XRP
2024-02-21,0.5628790259361267,0.5628790259361267,0.5344229936599731,0.5490040183067322,1336498049,XRP
2024-02-22,0.5490019917488098,0.550961971282959,0.5378000140190125,0.540913999080658,1169167859,XRP
2024-02-23,0.5408729910850525,0.5432940125465393,0.5267099738121033,0.5345339775085449,1098846027,XRP
2024-02-24,0.5345360040664673,0.5477070212364197,0.5319110155105591,0.545117974281311,706533507,XRP
2024-02-25,0.5451139807701111,0.5483999848365784,0.5423460006713867,0.5424249768257141,702442509,XRP
2024-02-26,0.5424360036849976,0.5524439811706543,0.5292329788208008,0.5514050126075745,1154518101,XRP
2024-02-27,0.5514050126075745,0.5960649847984314,0.5481699705123901,0.5862579941749573,2360919082,XRP
2024-02-28,0.586251974105835,0.6052049994468689,0.5436879992485046,0.5758110284805298,3080912384,XRP
2024-02-29,0.5757840275764465,0.6243829727172852,0.5691540241241455,0.5863249897956848,3647028817,XRP
2024-03-01,0.5862429738044739,0.6031879782676697,0.5840060114860535,0.6018900275230408,1739419651,XRP
2024-03-02,0.601917028427124,0.6495140194892883,0.6007769703865051,0.64485102891922,2956033334,XRP
2024-03-03,0.6448460221290588,0.6448460221290588,0.6024699807167053,0.6270719766616821,2060336711,XRP
2024-03-04,0.6271679997444153,0.6641809940338135,0.6216049790382385,0.6501330137252808,3629204334,XRP
2024-03-05,0.649815022945404,0.6685100197792053,0.5502349734306335,0.5929009914398193,5014326043,XRP
2024-03-06,0.5928800106048584,0.6228970289230347,0.5764439702033997,0.6122530102729797,2755184860,XRP
2024-03-07,0.6122660040855408,0.6397190093994141,0.6083700060844421,0.6286240220069885,2529220366,XRP
2024-03-08,0.628607988357544,0.6342830061912537,0.6048439741134644,0.6219549775123596,2164877115,XRP
2024-03-09,0.6219540238380432,0.6333230137825012,0.6187340021133423,0.6218050122261047,1571098762,XRP
2024-03-10,0.6218050122261047,0.6283169984817505,0.5985360145568848,0.6084319949150085,1510773123,XRP
2024-03-11,0.6084160208702087,0.7421259880065918,0.5932829976081848,0.7180359959602356,6790039283,XRP
2024-03-12,0.7180359959602356,0.7305489778518677,0.6659489870071411,0.6882089972496033,4163275980,XRP
2024-03-13,0.688211977481842,0.7020930051803589,0.6727020144462585,0.6909499764442444,2398788495,XRP
2024-03-14,0.6909549832344055,0.7048069834709167,0.6438180208206177,0.669966995716095,3428582152,XRP
2024-03-15,0.6699609756469727,0.6741560101509094,0.6025879979133606,0.6337370276451111,3656774483,XRP
2024-03-16,0.63373202085495,0.6431490182876587,0.5947350263595581,0.6030600070953369,2237388470,XRP
2024-03-17,0.6030600070953369,0.6243600249290466,0.5895980000495911,0.6192319989204407,1826991062,XRP
2024-03-18,0.6192319989204407,0.6642270088195801,0.5957580208778381,0.6475650072097778,2767146303,XRP
2024-03-19,0.647566020488739,0.647566020488739,0.57294100522995,0.5844410061836243,3571952543,XRP
2024-03-20,0.5844410061836243,0.6185659766197205,0.5708739757537842,0.6121619939804077,2741181693,XRP
2024-03-21,0.61216801404953,0.6535210013389587,0.599407970905304,0.6406909823417664,2809003717,XRP
2024-03-22,0.6406949758529663,0.6443449854850769,0.6004049777984619,0.6109489798545837,2053036282,XRP
2024-03-23,0.6109480261802673,0.632407009601593,0.6057800054550171,0.6175959706306458,1160450696,XRP
2024-03-24,0.6176080107688904,0.6356009840965271,0.6149119734764099,0.6329500079154968,1230486578,XRP
2024-03-25,0.6329529881477356,0.6592959761619568,0.6273390054702759,0.6410340070724487,2044948880,XRP
2024-03-26,0.6410340070724487,0.6528139710426331,0.6270260214805603,0.6322529911994934,1799059517,XRP
2024-03-27,0.6322529911994934,0.6344680190086365,0.608322024345398,0.6119639873504639,1989187555,XRP
2024-03-28,0.6119490265846252,0.636447012424469,0.6048370003700256,0.6245539784431458,1783253508,XRP
2024-03-29,0.6245700120925903,0.6439949870109558,0.6104699969291687,0.6307500004768372,1874392966,XRP
2024-03-30,0.6307529807090759,0.6364560127258301,0.6189050078392029,0.6218360066413879,1042947263,XRP
2024-03-31,0.6218360066413879,0.6297630071640015,0.621213972568512,0.6292250156402588,756039151,XRP
2024-04-01,0.6292250156402588,0.6320359706878662,0.5972999930381775,0.6112579703330994,1772433656,XRP
2024-04-02,0.6112579703330994,0.6177380084991455,0.5804849863052368,0.5854660272598267,2172750437,XRP
2024-04-03,0.5854610204696655,0.592831015586853,0.5680950284004211,0.5749170184135437,1649286699,XRP
2024-04-04,0.574891984462738,0.6137800216674805,0.5635700225830078,0.5936560034751892,2190487090,XRP
2024-04-05,0.5936560034751892,0.5936980247497559,0.5703160166740417,0.5875229835510254,1534570775,XRP
2024-04-06,0.5875229835510254,0.5981910228729248,0.5862939953804016,0.5933399796485901,871610029,XRP
2024-04-07,0.5933409929275513,0.6017420291900635,0.5904719829559326,0.59483402967453,924956309,XRP
2024-04-08,0.5948349833488464,0.6260390281677246,0.5891029834747314,0.6154900193214417,2016910258,XRP
2024-04-09,0.6154900193214417,0.6412580013275146,0.6024519801139832,0.6138169765472412,2423935496,XRP
2024-04-10,0.6138259768486023,0.6196969747543335,0.598688006401062,0.6175609827041626,2345474173,XRP
2024-04-11,0.617559015750885,0.6208890080451965,0.6036580204963684,0.6088799834251404,1218887360,XRP
2024-04-12,0.6088799834251404,0.6153050065040588,0.5183159708976746,0.5484139919281006,2872824835,XRP
2024-04-13,0.548412024974823,0.5488380193710327,0.4336340129375458,0.4808189868927002,3957442555,XRP
2024-04-14,0.4808189868927002,0.5074589848518372,0.4668180048465729,0.5042579770088196,2824792033,XRP
2024-04-15,0.5042499899864197,0.5190650224685669,0.48348599672317505,0.4977310001850128,2356318423,XRP
2024-04-16,0.49772900342941284,0.5009899735450745,0.4792650043964386,0.49669501185417175,1913160798,XRP
2024-04-17,0.4966990053653717,0.5065799951553345,0.4747979938983917,0.4948410093784332,1791966493,XRP
2024-04-18,0.49483999609947205,0.5047540068626404,0.48695099353790283,0.5029829740524292,1420648263,XRP
2024-04-19,0.5029829740524292,0.5106980204582214,0.4690069854259491,0.503786027431488,2145715371,XRP
2024-04-20,0.503786027431488,0.52988600730896,0.4994780123233795,0.5292930006980896,1237297114,XRP
2024-04-21,0.5292919874191284,0.5366100072860718,0.5204430222511292,0.5246800184249878,896875433,XRP
2024-04-22,0.5246760249137878,0.569130003452301,0.5232830047607422,0.556833028793335,1671344072,XRP
2024-04-23,0.5568289756774902,0.557187020778656,0.5430060029029846,0.5451589822769165,1351313210,XRP
2024-04-24,0.5451549887657166,0.5516200065612793,0.522068977355957,0.5274040102958679,1534036870,XRP
2024-04-25,0.5274080038070679,0.532256007194519,0.5141689777374268,0.5255119800567627,1286617507,XRP
2024-04-26,0.5255140066146851,0.5355110168457031,0.5161510109901428,0.5261120200157166,1158982887,XRP
2024-04-27,0.5261110067367554,0.5262110233306885,0.5104230046272278,0.5177749991416931,753955067,XRP
2024-04-28,0.5177749991416931,0.5246260166168213,0.5094550251960754,0.5103769898414612,580872466,XRP
2024-04-29,0.5103750228881836,0.5171279907226562,0.49964699149131775,0.5154320001602173,1143210748,XRP
2024-04-30,0.5154340267181396,0.5192300081253052,0.4904929995536804,0.50006502866745,1347490379,XRP
2024-05-01,0.5000619888305664,0.5201680064201355,0.48020800948143005,0.5170000195503235,1720060134,XRP
2024-05-02,0.5169969797134399,0.5243350267410278,0.5066930055618286,0.5183290243148804,1118497654,XRP
2024-05-03,0.5183290243148804,0.5365129709243774,0.5151939988136292,0.5318940281867981,1138445190,XRP
2024-05-04,0.5318930149078369,0.5401409864425659,0.5280889868736267,0.5304049849510193,686389982,XRP
2024-05-05,0.5304049849510193,0.5331860184669495,0.5247910022735596,0.5297840237617493,535784827,XRP
2024-05-06,0.5297889709472656,0.5688809752464294,0.5266100168228149,0.5405470132827759,1774389100,XRP
2024-05-07,0.5405480265617371,0.5438420176506042,0.5229610204696655,0.5247439742088318,1132990207,XRP
2024-05-08,0.5247439742088318,0.5290600061416626,0.5157150030136108,0.5172299742698669,1122168971,XRP
2024-05-09,0.5172240138053894,0.5232700109481812,0.5099250078201294,0.521028995513916,978009518,XRP
2024-05-10,0.5210310220718384,0.521058976650238,0.4987959861755371,0.5023379921913147,1100350623,XRP
2024-05-11,0.5023379921913147,0.50730299949646,0.5011299848556519,0.5059750080108643,447992708,XRP
2024-05-12,0.5059760212898254,0.5085880160331726,0.49744701385498047,0.49947500228881836,397026846,XRP
2024-05-13,0.49947500228881836,0.5116739869117737,0.48791900277137756,0.5049020051956177,991525778,XRP
2024-05-14,0.5049020051956177,0.511355996131897,0.49782800674438477,0.49988698959350586,1077455413,XRP
2024-05-15,0.49988898634910583,0.5196210145950317,0.49744999408721924,0.5190039873123169,1118098628,XRP
2024-05-16,0.5190119743347168,0.5213310122489929,0.5131040215492249,0.5156980156898499,1152212983,XRP
2024-05-17,0.515699028968811,0.5288699865341187,0.5139979720115662,0.5238040089607239,1015239692,XRP
2024-05-18,0.5238040089607239,0.5256279706954956,0.5195199847221375,0.5213900208473206,496850725,XRP
2024-05-19,0.521390974521637,0.5235369801521301,0.5074570178985596,0.5096610188484192,562911149,XRP
2024-05-20,0.5096610188484192,0.5373330116271973,0.5074959993362427,0.5373330116271973,1401702874,XRP
2024-05-21,0.537326991558075,0.5561180114746094,0.532230019569397,0.5369830131530762,1977024521,XRP
2024-05-22,0.5369830131530762,0.5376880168914795,0.5236920118331909,0.5265100002288818,1205640257,XRP
2024-05-23,0.5265100002288818,0.5392069816589355,0.5093910098075867,0.5282859802246094,2188558788,XRP
2024-05-24,0.5282859802246094,0.5367299914360046,0.5178719758987427,0.5357530117034912,1232280845,XRP
2024-05-25,0.5357490181922913,0.5423189997673035,0.5335080027580261,0.5418090224266052,652679509,XRP
2024-05-26,0.541808009147644,0.5418350100517273,0.526602029800415,0.5282109975814819,579619779,XRP
2024-05-27,0.5282109975814819,0.539929986000061,0.5237690210342407,0.5337719917297363,1013292526,XRP
2024-05-28,0.5337719917297363,0.5345720052719116,0.5215920209884644,0.5282350182533264,1141481357,XRP
2024-05-29,0.5282340049743652,0.5320940017700195,0.5200960040092468,0.523248016834259,1184420624,XRP
2024-05-30,0.5232489705085754,0.5273370146751404,0.5136370062828064,0.5188609957695007,1329469469,XRP
2024-05-31,0.5188609957695007,0.5240820050239563,0.5126820206642151,0.517799973487854,1220311836,XRP
2024-06-01,0.517799973487854,0.5212609767913818,0.517507016658783,0.5183129906654358,559721132,XRP
2024-06-02,0.5183129906654358,0.5194140076637268,0.5092869997024536,0.5134819746017456,738754247,XRP
2024-06-03,0.5134760141372681,0.5224829912185669,0.5130339860916138,0.5200999975204468,1098641926,XRP
2024-06-04,0.5200999975204468,0.5300390124320984,0.5185189843177795,0.5257650017738342,1165207605,XRP
2024-06-05,0.5257650017738342,0.5306640267372131,0.5246509909629822,0.5257109999656677,1154026310,XRP
2024-06-06,0.5257059931755066,0.5276039838790894,0.5175470113754272,0.5215780138969421,1194300808,XRP
2024-06-07,0.5215759873390198,0.5274670124053955,0.4636009931564331,0.4989509880542755,2462659926,XRP
2024-06-08,0.49894601106643677,0.5005019903182983,0.49134400486946106,0.4931449890136719,825177679,XRP
2024-06-09,0.493137001991272,0.4990290105342865,0.4918000102043152,0.49858298897743225,635952948,XRP
2024-06-10,0.4986020028591156,0.5051659941673279,0.4940919876098633,0.4966279864311218,1117710952,XRP
2024-06-11,0.49662700295448303,0.49664801359176636,0.4726479947566986,0.480320006608963,1517249424,XRP
2024-06-12,0.48030298948287964,0.4975320100784302,0.47513899207115173,0.49154001474380493,1255729794,XRP
2024-06-13,0.4915579855442047,0.4915579855442047,0.47632598876953125,0.4770050048828125,1048059804,XRP
2024-06-14,0.47697898745536804,0.48075199127197266,0.46468499302864075,0.47427499294281006,1220484176,XRP
2024-06-15,0.47427400946617126,0.5038589835166931,0.47422701120376587,0.49069100618362427,770448137,XRP
2024-06-16,0.4906949996948242,0.4986270070075989,0.4880619943141937,0.4888319969177246,692035447,XRP
2024-06-17,0.48881399631500244,0.5191419720649719,0.48466798663139343,0.5051599740982056,2028523218,XRP
2024-06-18,0.5050489902496338,0.5078030228614807,0.4772830009460449,0.49094799160957336,2024283447,XRP
2024-06-19,0.4909459948539734,0.4991689920425415,0.48799100518226624,0.49324101209640503,1001252678,XRP
2024-06-20,0.49324101209640503,0.501285970211029,0.4887160062789917,0.4887160062789917,1106889108,XRP
2024-06-21,0.48871201276779175,0.49488401412963867,0.4800280034542084,0.4889560043811798,1131886818,XRP
2024-06-22,0.48894599080085754,0.48934200406074524,0.4842419922351837,0.4866209924221039,455648980,XRP
2024-06-23,0.48659399151802063,0.4888480007648468,0.47810399532318115,0.4794889986515045,500633866,XRP
2024-06-24,0.4794990122318268,0.4812979996204376,0.46359699964523315,0.47414299845695496,1322556294,XRP
2024-06-25,0.4741150140762329,0.4795460104942322,0.473037987947464,0.4756850004196167,856021183,XRP
2024-06-26,0.4756909906864166,0.47781699895858765,0.4662100076675415,0.46959999203681946,886063357,XRP
2024-06-27,0.4695670008659363,0.4764530062675476,0.46569201350212097,0.47465500235557556,840598295,XRP
2024-06-28,0.47464999556541443,0.4801720082759857,0.47026699781417847,0.4708850085735321,937124567,XRP
2024-06-29,0.4709770083427429,0.4761430025100708,0.4709149897098541,0.471994012594223,402714114,XRP
2024-06-30,0.4719789922237396,0.47732600569725037,0.46999698877334595,0.4754830002784729,465426276,XRP
2024-07-01,0.47547200322151184,0.4828220009803772,0.47507399320602417,0.4766409993171692,813551774,XRP
2024-07-02,0.476624995470047,0.48772498965263367,0.47591298818588257,0.48451998829841614,844534843,XRP
2024-07-03,0.48453500866889954,0.4860219955444336,0.4625900089740753,0.4667600095272064,1275422799,XRP
2024-07-04,0.4667370021343231,0.4690040051937103,0.4329249858856201,0.43357399106025696,1521233429,XRP
2024-07-05,0.4334479868412018,0.4334479868412018,0.3911390006542206,0.42549198865890503,2152542241,XRP
2024-07-06,0.4254849851131439,0.4494819939136505,0.42418599128723145,0.44905298948287964,723560145,XRP
2024-07-07,0.4490480124950409,0.4490480124950409,0.4188230037689209,0.4198229908943176,758268409,XRP
2024-07-08,0.4198029935359955,0.44206199049949646,0.40467000007629395,0.4314799904823303,1537507458,XRP
2024-07-09,0.43143001198768616,0.43742600083351135,0.427949994802475,0.435916006565094,986003310,XRP
2024-07-10,0.4358479976654053,0.44240400195121765,0.43174999952316284,0.4390380084514618,967522144,XRP
2024-07-11,0.4390510022640228,0.45281898975372314,0.43711501359939575,0.4490410089492798,1102016670,XRP
2024-07-12,0.44903698563575745,0.47741299867630005,0.4452190101146698,0.4747300148010254,1596389224,XRP
2024-07-13,0.4747200012207031,0.5635790228843689,0.47440099716186523,0.526328980922699,2857057880,XRP
2024-07-14,0.5262010097503662,0.5396050214767456,0.5148059725761414,0.52286297082901,1570275472,XRP
2024-07-15,0.5227339863777161,0.5393840074539185,0.5211589932441711,0.5378779768943787,1760362204,XRP
2024-07-16,0.5377529859542847,0.5925269722938538,0.5342839956283569,0.5793759822845459,3380662320,XRP
2024-07-17,0.5793730020523071,0.6366440057754517,0.5793730020523071,0.6264860033988953,3708255186,XRP
2024-07-18,0.6265890002250671,0.6359869837760925,0.5604320168495178,0.5695739984512329,2986711547,XRP
2024-07-19,0.5696079730987549,0.5860120058059692,0.5426380038261414,0.5737519860267639,2340175055,XRP
2024-07-20,0.5737289786338806,0.6037819981575012,0.571832001209259,0.5946509838104248,1538358691,XRP
2024-07-21,0.5946530103683472,0.6071879863739014,0.5756160020828247,0.5974670052528381,1489477305,XRP
2024-07-22,0.5974799990653992,0.6226630210876465,0.586667001247406,0.6076369881629944,2052124201,XRP
2024-07-23,0.6076369881629944,0.6165760159492493,0.584276020526886,0.5974569916725159,1657693155,XRP
2024-07-24,0.5974599719047546,0.6321550011634827,0.5925769805908203,0.6188430190086365,1933084899,XRP
2024-07-25,0.6188520193099976,0.6238240003585815,0.5869389772415161,0.5998160243034363,2306853709,XRP
2024-07-26,0.5998139977455139,0.6084539890289307,0.5874590277671814,0.6040679812431335,1385845116,XRP
2024-07-27,0.6040689945220947,0.6088709831237793,0.5867040157318115,0.5967950224876404,1007994247,XRP
2024-07-28,0.5967950224876404,0.6129159927368164,0.5921570062637329,0.601947009563446,916029262,XRP
2024-07-29,0.6019440293312073,0.611411988735199,0.593300998210907,0.6020860075950623,1178431461,XRP
2024-07-30,0.6020839810371399,0.6349650025367737,0.5961570143699646,0.6278769969940186,2197505659,XRP
2024-07-31,0.6278610229492188,0.6579110026359558,0.6237620115280151,0.6239389777183533,2419022403,XRP
2024-08-01,0.6239339709281921,0.6294329762458801,0.5718839764595032,0.5964639782905579,1990603913,XRP
2024-08-02,0.5964630246162415,0.5964660048484802,0.5496360063552856,0.5607709884643555,1884164485,XRP
2024-08-03,0.5607709884643555,0.5765460133552551,0.5424720048904419,0.5563910007476807,1325726393,XRP
2024-08-04,0.5563899874687195,0.5583059787750244,0.5164279937744141,0.5233960151672363,1209933394,XRP
2024-08-05,0.5233960151672363,0.5252829790115356,0.4334920048713684,0.48946601152420044,4193893853,XRP
2024-08-06,0.48945799469947815,0.5185030102729797,0.48929598927497864,0.5056970119476318,1747524592,XRP
2024-08-07,0.5056909918785095,0.6408190131187439,0.4942300021648407,0.6008099913597107,4286385926,XRP
2024-08-08,0.6008489727973938,0.6416190266609192,0.5809080004692078,0.6175770163536072,3502679662,XRP
2024-08-09,0.617579996585846,0.6237069964408875,0.5690230131149292,0.5811529755592346,2024450473,XRP
2024-08-10,0.581151008605957,0.6013669967651367,0.5795980095863342,0.585578978061676,1134054567,XRP
2024-08-11,0.5855860114097595,0.5930770039558411,0.5475410223007202,0.5529320240020752,1202704291,XRP
2024-08-12,0.552931010723114,0.5790690183639526,0.5521630048751831,0.5687680244445801,1479740403,XRP
2024-08-13,0.5687680244445801,0.5831130146980286,0.5638719797134399,0.576399028301239,1245896255,XRP
2024-08-14,0.5764080286026001,0.5818889737129211,0.5662260055541992,0.5691919922828674,1138569808,XRP
2024-08-15,0.5691909790039062,0.573872983455658,0.5524529814720154,0.5609549880027771,1163264081,XRP
2024-08-16,0.5609570145606995,0.570268988609314,0.5548279881477356,0.564516007900238,1021214646,XRP
2024-08-17,0.5645139813423157,0.5705400109291077,0.5621269941329956,0.5663189888000488,481701399,XRP
2024-08-18,0.56632399559021,0.5787519812583923,0.5638560056686401,0.5638750195503235,633645481,XRP
2024-08-19,0.5638740062713623,0.6085090041160583,0.5623199939727783,0.5986059904098511,1592288724,XRP
2024-08-20,0.598609983921051,0.6145210266113281,0.5888490080833435,0.5944280028343201,1275196279,XRP
2024-08-21,0.5944269895553589,0.6053040027618408,0.586758017539978,0.6002749800682068,1185128571,XRP
2024-08-22,0.6002770066261292,0.6038659811019897,0.5938519835472107,0.5976009964942932,943673179,XRP
2024-08-23,0.597599983215332,0.615634024143219,0.5943220257759094,0.6112390160560608,1254262512,XRP
2024-08-24,0.6112380027770996,0.6304439902305603,0.6056349873542786,0.6131100058555603,1116629037,XRP
2024-08-25,0.6131100058555603,0.6137539744377136,0.596684992313385,0.6001840233802795,871698521,XRP
2024-08-26,0.6001859903335571,0.6021869778633118,0.5804070234298706,0.5874699950218201,1118813356,XRP
2024-08-27,0.5874540209770203,0.5995519757270813,0.5579550266265869,0.5675539970397949,1420370240,XRP
2024-08-28,0.5675479769706726,0.5842499732971191,0.5582219958305359,0.5698500275611877,1341866722,XRP
2024-08-29,0.5698490142822266,0.5764099955558777,0.5592859983444214,0.5620549917221069,986899081,XRP
2024-08-30,0.5620579719543457,0.5672929883003235,0.5481979846954346,0.5670310258865356,1103086708,XRP
2024-08-31,0.5670260190963745,0.5717840194702148,0.5633119940757751,0.5663130283355713,463303089,XRP
2024-09-01,0.5663120150566101,0.5665749907493591,0.5447999835014343,0.5479900240898132,681339684,XRP
2024-09-02,0.5479859709739685,0.5682830214500427,0.5454620122909546,0.5675870180130005,833537275,XRP
2024-09-03,0.5675879716873169,0.572052001953125,0.5573909878730774,0.5573909878730774,814841749,XRP
2024-09-04,0.5573980212211609,0.5644980072975159,0.5398920178413391,0.5581759810447693,1106776733,XRP
2024-09-05,0.5581769943237305,0.559436023235321,0.5413479804992676,0.5441960096359253,894618427,XRP
2024-09-06,0.5441949963569641,0.5470010042190552,0.5058959722518921,0.5213469862937927,1511246618,XRP
2024-09-07,0.5213479995727539,0.5327169895172119,0.5200350284576416,0.5250920057296753,560729553,XRP
2024-09-08,0.5250930190086365,0.5310080051422119,0.5217859745025635,0.5292909741401672,509773155,XRP
2024-09-09,0.5293099880218506,0.5422049760818481,0.527525007724762,0.5396379828453064,829101046,XRP
2024-09-10,0.5396329760551453,0.5426139831542969,0.5339620113372803,0.5410779714584351,704956463,XRP
2024-09-11,0.5410770177841187,0.5410810112953186,0.5239289999008179,0.5353119969367981,894903276,XRP
2024-09-12,0.5353059768676758,0.5809379816055298,0.5340740084648132,0.5625759959220886,1649796650,XRP
2024-09-13,0.5625759959220886,0.5745009779930115,0.5564290285110474,0.5731490254402161,1172399876,XRP
2024-09-14,0.5731490254402161,0.5985770225524902,0.5711680054664612,0.5961989760398865,1163728418,XRP
2024-09-15,0.5961989760398865,0.596215009689331,0.5705530047416687,0.5709750056266785,804536339,XRP
2024-09-16,0.5709750056266785,0.5898429751396179,0.5607219934463501,0.585407018661499,1261024893,XRP
2024-09-17,0.5854169726371765,0.5932450294494629,0.5793399810791016,0.5845019817352295,1006340430,XRP
2024-09-18,0.5845010280609131,0.5854700207710266,0.5630810260772705,0.585250973701477,1185142249,XRP
2024-09-19,0.5852479934692383,0.5940539836883545,0.5818989872932434,0.5873709917068481,1232042101,XRP
2024-09-20,0.5873780250549316,0.5921419858932495,0.5769529938697815,0.5851709842681885,1225009128,XRP
2024-09-21,0.5851699709892273,0.6099920272827148,0.5805680155754089,0.5981410145759583,952605938,XRP
2024-09-22,0.5981460213661194,0.6041049957275391,0.5795789957046509,0.5876209735870361,886494819,XRP
2024-09-23,0.5876209735870361,0.5952360033988953,0.5815010070800781,0.5850650072097778,998093828,XRP
2024-09-24,0.5850639939308167,0.5923969745635986,0.5819360017776489,0.591543972492218,988961520,XRP
2024-09-25,0.5915449857711792,0.5948659777641296,0.5829899907112122,0.5835409760475159,995515964,XRP
2024-09-26,0.5835440158843994,0.5959879755973816,0.5768849849700928,0.5904210209846497,1212544781,XRP
2024-09-27,0.5904240012168884,0.597025990486145,0.5832899808883667,0.5889269709587097,1236838134,XRP
2024-09-28,0.5889350175857544,0.6256269812583923,0.5865489840507507,0.6148009896278381,2222346896,XRP
2024-09-29,0.614799976348877,0.6622059941291809,0.608814001083374,0.6419469714164734,2225645563,XRP
2024-09-30,0.6419450044631958,0.6524109840393066,0.6109510064125061,0.6114919781684875,2051368592,XRP
2024-10-01,0.6114919781684875,0.6335890293121338,0.5842750072479248,0.5975300073623657,2724318278,XRP
2024-10-02,0.5975189805030823,0.6057800054550171,0.5307019948959351,0.5398309826850891,2624852688,XRP
2024-10-03,0.5398190021514893,0.5435670018196106,0.5100859999656677,0.5219529867172241,2329769451,XRP
2024-10-04,0.5219529867172241,0.5383750200271606,0.5157279968261719,0.5343409776687622,1408313543,XRP
2024-10-05,0.5343170166015625,0.5348529815673828,0.5268970131874084,0.5294960141181946,685609430,XRP
2024-10-06,0.5294970273971558,0.5367090106010437,0.5284919738769531,0.5335919857025146,595405724,XRP
2024-10-07,0.5335919857025146,0.5453609824180603,0.5297880172729492,0.5299339890480042,1192453387,XRP
2024-10-08,0.529932975769043,0.5341200232505798,0.5216370224952698,0.5308679938316345,906939733,XRP
2024-10-09,0.5308550000190735,0.534063994884491,0.5218610167503357,0.5243319869041443,858437665,XRP
2024-10-10,0.524321973323822,0.5432389974594116,0.5227530002593994,0.529977023601532,1260651129,XRP
2024-10-11,0.5299800038337708,0.5416160225868225,0.5295869708061218,0.5382969975471497,924108714,XRP
2024-10-12,0.5382949709892273,0.542464017868042,0.5357319712638855,0.5395600199699402,569251511,XRP
2024-10-13,0.539559006690979,0.539563000202179,0.525704026222229,0.5315399765968323,615540884,XRP
2024-10-14,0.5315409898757935,0.5511299967765808,0.5284069776535034,0.5480210185050964,1075594127,XRP
2024-10-15,0.5480210185050964,0.5545179843902588,0.5326679944992065,0.5414519906044006,1286412941,XRP
2024-10-16,0.5414530038833618,0.5531389713287354,0.5379649996757507,0.5480449795722961,1085371530,XRP
2024-10-17,0.5480480194091797,0.5641160011291504,0.5428529977798462,0.5436580181121826,1406187768,XRP
2024-10-18,0.5436599850654602,0.5523849725723267,0.5404959917068481,0.5465409755706787,1042238395,XRP
2024-10-19,0.5465409755706787,0.5495190024375916,0.5410929918289185,0.5442569851875305,603883719,XRP
2024-10-20,0.5442420244216919,0.5480319857597351,0.537676990032196,0.547652006149292,692297811,XRP
2024-10-21,0.547639012336731,0.5594419836997986,0.541566014289856,0.5448629856109619,1319986738,XRP
2024-10-22,0.5448629856109619,0.5488110184669495,0.5302609801292419,0.5333790183067322,1120439497,XRP
2024-10-23,0.533378005027771,0.5335379838943481,0.5128089785575867,0.525210976600647,982705775,XRP
2024-10-24,0.5256209969520569,0.5332859754562378,0.5244929790496826,0.5317609906196594,895039741,XRP
2024-10-25,0.5317609906196594,0.5317639708518982,0.4935849905014038,0.5019189715385437,1357198783,XRP
2024-10-26,0.5019170045852661,0.5144050121307373,0.49968498945236206,0.5127609968185425,703691734,XRP
2024-10-27,0.5127599835395813,0.5171440243721008,0.5106250047683716,0.516381025314331,509849012,XRP
2024-10-28,0.516381025314331,0.5208380222320557,0.511381983757019,0.5192270278930664,837346671,XRP
2024-10-29,0.5192260146141052,0.5303099751472473,0.5184659957885742,0.5279160141944885,1076280681,XRP
2024-10-30,0.5279189944267273,0.5280550122261047,0.5195879936218262,0.5229740142822266,900858937,XRP
2024-10-31,0.5229740142822266,0.5233500003814697,0.5038999915122986,0.5092369914054871,1015745412,XRP
2024-11-01,0.5092369914054871,0.5233510136604309,0.5046079754829407,0.5128679871559143,1284409586,XRP
2024-11-02,0.5128679871559143,0.515749990940094,0.5079740285873413,0.509850025177002,527041359,XRP
2024-11-03,0.5098519921302795,0.510748028755188,0.49365198612213135,0.5029309988021851,940842891,XRP
2024-11-04,0.5029309988021851,0.5138319730758667,0.49678799510002136,0.5032259821891785,1025432948,XRP
2024-11-05,0.5032259821891785,0.518310010433197,0.5020220279693604,0.5140290260314941,1027346174,XRP
2024-11-06,0.5140290260314941,0.5465790033340454,0.5140290260314941,0.5424270033836365,2211008426,XRP
2024-11-07,0.5424270033836365,0.5738679766654968,0.5384250283241272,0.5547320246696472,1889112043,XRP
2024-11-08,0.5547320246696472,0.5596889853477478,0.5430240035057068,0.554078996181488,1498480370,XRP
2024-11-09,0.554078996181488,0.5613809823989868,0.5451040267944336,0.559486985206604,1238578019,XRP
2024-11-10,0.559486985206604,0.6160420179367065,0.5562000274658203,0.589381992816925,4198897125,XRP
2024-11-11,0.589381992816925,0.6307060122489929,0.5720239877700806,0.6204670071601868,4066959667,XRP
2024-11-12,0.6204670071601868,0.7353529930114746,0.599107027053833,0.7076990008354187,11156505329,XRP
2024-11-13,0.7076359987258911,0.7435349822044373,0.6425909996032715,0.6902880072593689,7773620799,XRP
2024-11-14,0.6902880072593689,0.8452110290527344,0.6844170093536377,0.7730069756507874,9458526339,XRP
2024-11-15,0.7730079889297485,0.9248210191726685,0.7725790143013,0.8920909762382507,11738281623,XRP
2024-11-16,0.8920919895172119,1.2567440271377563,0.8799239993095398,1.119089961051941,22568823580,XRP
2024-11-17,1.119088053703308,1.1545950174331665,1.0054630041122437,1.0543349981307983,12066098151,XRP
2024-11-18,1.0543440580368042,1.1833419799804688,1.0543140172958374,1.1179360151290894,9978319005,XRP
2024-11-19,1.1178940534591675,1.1457940340042114,1.0738270282745361,1.1019469499588013,5884163705,XRP
2024-11-20,1.101943016052246,1.146636962890625,1.0637480020523071,1.102301001548767,6409028714,XRP
2024-11-21,1.1023050546646118,1.25177001953125,1.0820939540863037,1.2503520250320435,10451562188,XRP
2024-11-22,1.2502390146255493,1.4969069957733154,1.247560977935791,1.4690190553665161,19984456169,XRP
2024-11-23,1.4690320491790771,1.6216150522232056,1.4275000095367432,1.469007968902588,15468388183,XRP
2024-11-24,1.468999981880188,1.5091010332107544,1.3082000017166138,1.4324109554290771,11863424377,XRP
2024-11-25,1.4324129819869995,1.5359230041503906,1.3643269538879395,1.415423035621643,11517571350,XRP
2024-11-26,1.4153670072555542,1.4565420150756836,1.2948050498962402,1.4013229608535767,9378581138,XRP
2024-11-27,1.401311993598938,1.5183700323104858,1.3573460578918457,1.4728120565414429,7766481602,XRP
2024-11-28,1.4728469848632812,1.5423699617385864,1.4341830015182495,1.5413429737091064,5820667101,XRP
2024-11-29,1.5413340330123901,1.8115309476852417,1.5279079675674438,1.7967309951782227,14734827154,XRP
2024-11-30,1.7967150211334229,1.954906940460205,1.7705539464950562,1.94412100315094,16537204319,XRP
2024-12-01,1.9441059827804565,2.3396410942077637,1.8536369800567627,2.320223093032837,18321198113,XRP
2024-12-02,2.320741891860962,2.8496809005737305,2.2438929080963135,2.7138049602508545,51723383809,XRP
2024-12-03,2.7139201164245605,2.864886999130249,2.3610100746154785,2.525527000427246,43498034453,XRP
2024-12-04,2.525563955307007,2.6703460216522217,2.2956318855285645,2.3544440269470215,22033216003,XRP
2024-12-05,2.354448080062866,2.484998941421509,2.1888630390167236,2.295206069946289,21253973296,XRP
2024-12-06,2.2509119510650635,2.4604899883270264,2.2395100593566895,2.424736976623535,13380810341,XRP
2024-12-07,2.424743890762329,2.6172640323638916,2.396322011947632,2.616624116897583,12359080774,XRP
2024-12-08,2.6165449619293213,2.6408751010894775,2.4924449920654297,2.6083478927612305,10558694953,XRP
2024-12-09,2.608304977416992,2.608304977416992,2.103071928024292,2.218951940536499,19372805327,XRP
2024-12-10,2.219235897064209,2.411073923110962,1.912253975868225,2.3691599369049072,26630797341,XRP
2024-12-11,2.3693089485168457,2.4658830165863037,2.2391629219055176,2.4000699520111084,14234882608,XRP
2024-12-12,2.400054931640625,2.481632947921753,2.3169939517974854,2.3427700996398926,10907030447,XRP
2024-12-13,2.342726945877075,2.4723498821258545,2.2943921089172363,2.421319007873535,9425468612,XRP
2024-12-14,2.421319007873535,2.520582914352417,2.357938051223755,2.398705005645752,7815885534,XRP
2024-12-15,2.398703098297119,2.4654200077056885,2.36962890625,2.4469499588012695,6045150094,XRP
2024-12-16,2.4469990730285645,2.568895101547241,2.3448920249938965,2.4886579513549805,12061755485,XRP
2024-12-17,2.488598108291626,2.717674970626831,2.4457170963287354,2.565190076828003,17019845093,XRP
2024-12-18,2.5652310848236084,2.584602117538452,2.2874019145965576,2.3033180236816406,19855585018,XRP
2024-12-19,2.3033039569854736,2.4264090061187744,2.169593095779419,2.2488911151885986,23020304511,XRP
2024-12-20,2.2488820552825928,2.346127986907959,1.9695470333099365,2.276885986328125,26858734292,XRP
2024-12-21,2.276900053024292,2.381589889526367,2.2037529945373535,2.238111972808838,14987697762,XRP
2024-12-22,2.2377939224243164,2.2909209728240967,2.167088031768799,2.1993319988250732,11275662705,XRP
2024-12-23,2.19943904876709,2.2684519290924072,2.1352620124816895,2.2572619915008545,10144129668,XRP
2024-12-24,2.2572829723358154,2.346191883087158,2.2144899368286133,2.3246240615844727,5976090472,XRP
2024-12-25,2.324634075164795,2.3278110027313232,2.263763904571533,2.2959699630737305,3967858677,XRP
2024-12-26,2.2958950996398926,2.311979055404663,2.134114980697632,2.154339075088501,5466927247,XRP
2024-12-27,2.154330015182495,2.231316089630127,2.1235098838806152,2.1416499614715576,5426840159,XRP
2024-12-28,2.141666889190674,2.1994919776916504,2.1350059509277344,2.180824041366577,2759395789,XRP
2024-12-29,2.180833101272583,2.192812919616699,2.071950912475586,2.093179941177368,3053146362,XRP
2024-12-30,2.093189001083374,2.143188953399658,2.0002310276031494,2.0575709342956543,6671570513,XRP
